397104
460136
869133
785137
145138
720862
869186
331244
533924
803369
753755
903550
268695
723651
474221
713064
8234
730312
371984
533611
288171
165849
597678
970117
888776
711307
919942
71000
61575
326669
160690
975031
786805
29824
276521
448295
750686
145707
295891
800962
465428
49646
220865
250476
289650
695086
963540
297884
941750
851877
347847
746274
17726
945526
232743
422855
173185
152685
493855
234760
995706
654546
209792
298863
200722
486313
747158
467760
148372
43050
268723
130152
609048
5940
380628
415050
701026
344169
712934
159128
712398
577134
905402
246476
39012
138145
669331
212197
807183
163187
963309
319241
334085
689453
618105
534807
692118
365263
518919
356842
924665
303994
486995
50066
309934
383975
465116
527312
244496
178051
686441
956894
271537
108195
203371
310549
762693
872702
39098
86228
35889
2407
405469
886326
208213
539926
937485
900331
905190
456405
773526
346207
760399
260521
396273
70334
644496
861390
113998
888993
555793
316791
362239
827330
941339
565610
654231
704032
438313
693329
306612
990554
212088
228433
393233
420301
768360
330718
836985
189902
303475
610511
536109
580227
871032
932383
166913
31880
310125
280911
437225
865918
597703
799465
209600
539042
881427
863831
759426
319740
73512
66038
826647
285600
294471
736232
705902
579183
66950
59239
769085
886778
669750
305195
467005
57134
753930
633918
89014
580407
914829
42592
446325
28884
842057
172277
567926
723484
552460
327352
559577
625972
909742
902576
911572
720566
638808
133826
299749
222110
709417
585187
625240
379167
406734
92245
436301
160664
242515
41668
741071
157345
84260
703748
702581
442669
876025
270508
166153
428485
114212
242082
570809
540307
661010
998733
777225
299818
648912
593326
38281
358329
178513
663521
737497
585247
272119
690150
262263
514634
731818
519686
188331
332430
223434
890913
775099
615811
677773
457605
560648
308337
699687
131457
364996
877050
646543
142221
693220
295455
735548
731501
653784
430413
911375
391281
15661
183494
81432
277924
698128
329602
313963
886460
662033
537397
293725
437132
669561
971498
411089
230209
796187
627129
878019
161184
504179
524562
303405
197399
336369
555305
445253
990153
985719
356628
897787
1380
540122
495571
795656
754602
825173
109619
157414
3558
163369
451139
957043
349282
938989
368132
95843
735177
995261
973862
896361
499440
14776
716118
696840
351145
271424
658445
857651
257143
15073
755438
258523
71547
251009
570531
342501
592534
196503
499916
596093
876224
467407
553136
225506
922749
921268
321349
657926
916530
811564
70639
932322
342692
786757
145514
210190
58181
803959
67841
831676
335384
823279
90199
406931
590640
177083
749433
183174
373586
765701
779267
249810
749460
848755
991668
672209
286376
313017
846487
202906
640933
917126
651580
983626
220236
313447
193816
794769
117406
261657
626446
969143
601288
232997
376074
191928
410080
641859
375102
300018
923912
670722
66180
673373
519477
57848
345582
805853
887218
708422
525111
528151
625548
693044
511777
362136
6491
221945
156906
640249
483602
299704
609392
601242
532701
501819
793170
459134
143678
684625
759152
583943
355347
341685
257316
391176
915885
119250
713382
319455
827672
754845
847607
969573
447889
875736
848061
970732
97682
4967
610982
97636
304671
736726
698879
353725
238545
8401
812859
898576
693026
88363
482519
564725
430048
739835
472254
862286
375437
185636
181741
719462
456833
545700
689035
904723
421437
53448
391807
35471
58416
2789
649459
879439
255868
864690
749516
494413
389444
562375
392989
82470
167091
875508
163548
597139
131695
635802
975777
507133
337790
157519
742947
794623
703219
948334
215698
641008
1782
607506
192831
576550
126647
358643
972342
382515
223333
721858
876929
129129
800586
786270
727952
967677
661779
891500
81168
309826
43654
56946
333311
381444
730817
76258
176067
434036
24592
908118
591397
26375
515624
300580
602925
158623
659223
91619
541139
398909
813478
934420
528038
614064
237042
255990
581741
898821
663842
179261
725000
707496
236207
58311
88940
967024
134570
781360
917413
675514
689478
25162
701889
721454
325742
821167
880077
984966
429138
937568
900227
242616
388340
428265
373032
625383
200608
954773
40556
864450
134035
765556
571947
886594
823868
177239
369971
958438
958599
287384
633952
164429
312546
852194
885883
154640
189713
765961
655958
618851
219881
556185
377820
608222
500803
750852
233605
217763
221978
274161
82213
872365
39718
170512
758959
379938
864104
128930
854728
822703
932666
488680
987133
761564
857226
389368
916205
563291
155329
88515
698495
891563
644701
76315
499785
661856
343519
249742
879619
565497
40255
478184
437862
79973
165049
713174
976263
29153
842104
830991
368208
291123
836024
871693
52687
693250
261062
485244
772894
932743
573760
987741
824306
734813
64056
324091
396669
923927
90185
276288
489425
130441
270824
443639
726766
435873
156813
703030
465026
515270
534021
833235
806393
370045
704928
375432
579648
965990
860677
352542
898734
950789
856635
239392
685602
920691
563484
82271
360970
653669
874911
850395
784110
145735
810387
510877
581609
967200
730259
46635
998822
264280
396222
321567
634326
101151
213352
213974
583493
590381
82868
998579
541170
939503
237972
226772
376546
317808
825395
737516
487829
216658
104264
271940
362393
914651
299169
460354
398203
545780
23342
913378
810060
419564
751297
960738
37067
964649
174712
620561
555030
773932
619140
96200
229787
373464
839324
122685
691272
181071
376554
179102
397729
997170
967394
760123
428173
782915
736829
342728
328695
760171
256106
138755
696088
7404
99494
733155
972053
790558
870068
43436
80843
5561
139636
826982
379025
495313
949668
70298
676384
842574
765752
74114
839744
733146
350589
267917
516061
87418
610645
844756
363942
383104
499863
60030
906860
115709
309537
395265
906268
179606
438701
503463
701519
94690
330445
80544
106355
280113
667194
782739
122687
949298
373205
478783
682444
723794
263052
714857
327565
390050
559613
691507
773154
575829
751537
196366
691538
577426
591631
597806
273384
546685
101269
974903
157727
431715
571800
264082
228180
755346
46821
867220
704645
420027
862355
387089
660173
125408
101947
987738
515458
177912
679245
804964
753741
947134
1330
961632
524561
592961
559438
797945
655998
177060
289201
813725
125127
861001
77807
869659
132699
640981
736879
837344
61008
599235
740786
237533
240995
842733
225272
756453
536997
420869
561417
807091
368004
562747
768723
408917
672060
844513
723214
844411
21573
528767
658136
663052
389768
735944
532712
522468
893277
785943
876164
470637
901530
616950
708170
142525
976035
449794
415330
513033
870664
976747
836476
755020
55846
605199
680289
244259
449712
403503
88670
987638
932271
263158
650690
838391
515454
699754
877211
408731
2050
269728
879368
903580
886678
587539
562458
862714
37333
977788
892099
907997
470888
728575
179369
526734
333774
859658
287345
299838
779514
376015
287476
711785
639174
454519
66528
154628
154273
460092
79712
156323
729820
959080
576256
616498
546619
138714
995564
100305
632854
404015
524654
103742
132590
704024
146829
982716
563682
434174
798907
343196
326542
86383
571333
482068
57254
154214
153048
211528
614306
232760
884203
344126
191841
976811
476976
254812
115525
988893
355117
264732
392908
396124
884826
41851
100148
31655
24567
180182
982182
339826
39731
825076
426210
127416
307144
483464
281630
976544
211344
895936
209305
611900
756414
917498
588711
749743
172310
220589
738636
43780
485321
131544
439904
370147
173395
56404
918155
714315
752938
416689
54141
792669
241765
996703
436438
65261
996520
718068
41805
724216
130357
251110
336116
403123
168608
924828
152866
857271
145417
891502
417403
147090
539399
857307
33589
229146
430063
468096
459813
183001
884785
30307
492023
642902
27010
928461
708163
539882
162881
749969
264099
809590
517431
116567
212714
202392
557747
881932
59663
703164
289787
477066
366606
829186
850725
916548
574684
280788
384644
34498
980141
785782
64805
988516
428684
608167
916977
653200
148050
596211
919521
928501
405801
436952
45068
134867
639344
602816
16800
215359
822332
306587
208777
705291
652125
59502
621839
743161
856642
6483
777659
353136
308617
842464
341652
737302
450632
774982
906854
115034
371193
826375
43535
776994
263327
604955
428214
419024
207771
445014
634383
546456
267953
843161
251747
436430
419015
873586
179591
792010
396421
473603
145146
705039
316067
486798
958693
283051
261780
865547
398085
632973
691922
957972
926320
471601
562928
870886
890625
770699
832252
41361
833507
100205
400874
85254
52987
819889
475192
748930
128251
871614
222533
273397
93005
54953
760196
51698
338004
538328
917245
252442
687654
125519
210414
130326
597120
773342
1212
487746
60394
833464
529107
893901
450021
446333
495508
19360
266222
970700
768290
394474
358666
507176
184223
451671
562129
460771
19721
416485
999100
453318
668927
203106
578837
395694
333432
175958
169036
334644
180056
745782
168108
225515
156036
134481
671848
651544
153841
454422
138596
438483
365248
497263
945659
549472
465286
24140
10243
485008
440626
525695
938326
625905
728801
33516
21599
62233
725826
706988
913229
905882
452770
81337
647749
608806
732170
835949
776702
886011
290371
431651
324495
655620
928914
786506
721444
910552
810647
731687
911912
251273
773735
366591
877178
502536
400107
415130
564770
125933
122118
994351
548167
574888
592041
712268
700047
324211
548217
476749
726575
838588
908400
51070
10560
353666
353928
732004
780571
164575
980044
692483
932200
270131
59074
325731
772667
975533
740861
853789
617818
862979
848141
165985
954219
440182
878253
654266
764393
426470
647368
490968
781411
72120
58390
308323
425787
412319
556680
722710
93246
53076
931545
25447
323207
506972
867530
95874
482505
608391
466016
100324
987722
314157
782661
941941
270691
177267
596208
35084
120089
243576
42405
901500
315696
617147
726176
257835
545818
282856
496897
155417
335932
428443
180864
659139
935415
564746
271365
934272
173137
737381
34596
160859
567890
333610
102800
838581
510877
215360
873666
630966
975288
432423
48819
807337
565922
291347
581524
111741
574203
78422
267158
426487
23217
964374
601978
474984
529120
873343
409256
218609
127077
960205
895820
694967
293815
514972
533549
321044
730333
923567
952010
221973
872342
517181
29310
438264
808528
127187
66357
899083
205609
333515
325570
745178
814241
927548
220162
859713
317244
629418
78322
960673
589623
974142
655640
399790
489115
705541
720834
735800
145460
189197
957773
17802
706378
503436
972419
514907
630623
38776
930342
352584
372292
255913
614114
702885
699813
834276
562599
533409
463694
640921
494082
569670
131416
666075
969460
136883
371616
206647
389035
517077
395844
863160
51231
102222
366596
23650
133481
513571
62427
63824
382507
951071
836089
996621
653956
52254
830897
732907
585664
810944
890181
79746
896966
21597
745821
382778
158480
633790
589425
63867
150867
501621
927027
718450
603844
293624
742101
253677
323547
320880
833853
222407
271951
186294
219028
442259
238549
566278
175167
824213
893574
65348
420311
790540
603297
166133
689670
278129
316275
279096
341996
983494
780717
269023
701944
900913
78999
444045
670943
918899
764925
21148
141306
553228
207443
360334
511840
445992
442964
687007
786557
336538
268707
206868
643430
388356
889353
333101
666485
205628
128549
8481
189122
425618
793856
891067
326532
389208
851464
513827
308107
132742
534975
449413
202322
742418
326099
714162
704762
769064
917521
491319
105602
702580
698188
749033
90936
103893
598486
757421
825874
727035
282254
14996
152653
592463
422415
995537
981671
790232
509364
289778
439326
44340
739191
641648
303110
581642
355811
7873
350706
789684
499192
972661
492265
713732
238046
99553
333978
836532
856975
159852
563567
655581
691200
232572
248044
629968
228110
229715
420200
253826
519493
859526
814518
775036
17526
117629
356679
889689
125502
223737
679374
141046
196398
687991
371131
434444
787544
705109
787328
160871
864961
867247
332805
556161
99820
580849
186129
844282
326917
122681
98108
362762
982207
428979
137799
516086
546608
10830
405775
188462
234567
601501
329508
947318
289492
700639
898114
593389
405748
685443
754260
787061
552690
603417
343223
168862
184267
45704
529496
27536
168386
143957
390298
666945
572936
44449
183031
119544
571631
588807
824358
322551
706660
670218
269869
996153
370858
167983
589542
292958
853426
860154
596372
922469
463572
939595
91331
164191
501651
620828
191727
670037
764785
98377
336983
337721
659179
36366
973617
230810
141525
797975
553361
848186
468193
823230
360691
355403
991214
950233
164714
360992
326739
761086
283461
306663
217033
891145
987206
718684
28325
695285
905074
793110
793663
758409
647183
452842
794775
137152
200004
452653
451479
753366
300839
436024
92948
661530
307780
84162
128115
988846
961507
971206
749932
761320
277870
483317
652465
265076
202001
197142
960362
623427
506604
270377
381836
670139
239571
692964
807291
439575
145617
775122
192941
962808
727499
285890
624338
35279
886404
268805
24125
364263
240011
290409
125584
517881
773726
294401
299310
492079
491544
776024
115507
998148
46401
13695
668288
802324
706659
991931
241899
368628
283406
951193
331436
10905
237083
472126
46184
639839
740931
586661
4103
980943
877070
646039
15176
167148
940440
830838
659227
948336
606862
291086
462837
169615
304782
647477
971939
527793
639408
730191
412774
439166
681384
744210
450071
434819
216337
12607
74658
473620
599268
595113
454563
992690
241152
986092
159838
697945
816930
819066
162633
423793
626504
625470
109760
447638
789299
598052
491784
945060
328243
904558
384226
9627
648768
834298
444446
381457
846905
519104
371430
446174
630570
825993
955216
388074
328437
115055
602371
145368
450473
765005
85513
76977
906827
195273
40968
696127
793325
532752
641187
121568
437310
25413
131195
602430
376063
91993
983888
222969
127450
871670
185495
758020
697663
140711
146094
542453
772118
748466
687821
222591
29823
773334
815921
936650
484959
856889
149129
278285
389641
306668
916205
826951
332082
563753
429381
224497
655746
929621
963818
299548
801291
149313
57568
15307
806377
720015
557760
578495
468481
245581
317439
498304
535267
133360
951306
536578
990249
100436
331215
379890
407104
247421
206841
255538
327526
152574
480036
499624
598548
443854
799173
399839
109520
856741
931498
432249
93108
489258
10744
561589
251191
844535
576245
302810
977895
43904
839389
968144
144340
170604
348034
67796
934377
71227
839687
261903
740154
836075
761528
338702
796281
77053
254893
905801
450146
186392
338050
543255
192002
865147
104844
443194
226034
197442
262356
203930
241346
101745
172074
902038
788702
36461
486186
723079
624040
325873
501335
364194
161948
779215
219248
958230
856268
474142
380383
306414
660534
234786
849669
852536
616285
470866
812082
842319
184660
74439
46249
942358
692536
734676
844396
997590
287489
330582
720670
427881
172808
222005
308428
851108
1220
527676
325690
373840
1818
222426
680254
178704
457212
46276
547593
589849
33494
876027
432168
218154
466818
994770
160512
675707
245798
521260
673297
533287
368194
393967
477520
541002
132324
785948
908463
649896
313625
234153
540088
831795
456579
220343
526852
430143
782971
74445
19992
816465
466824
968513
550971
933643
479635
711483
609350
241785
749095
282647
291424
117289
192967
768944
174644
841643
554893
83107
491540
868518
317260
31628
216665
290192
768323
743517
236687
67646
334314
773032
400463
801139
741545
951434
251134
737532
179269
376836
979317
928364
175835
787093
45654
368802
556037
220298
726798
110930
303405
218338
495800
137017
766318
712466
943561
50994
972335
180249
634992
823002
953281
35456
140493
211178
986890
391627
465062
682512
284815
960731
610876
460650
747824
172882
345805
303861
393180
72603
931144
212937
807293
426944
866307
89963
655762
326220
657309
144450
506469
292302
967452
976102
327758
624297
703632
831000
15924
168694
513512
817091
129425
640741
277741
877249
813623
623546
697463
723156
212501
628607
452445
19794
571903
318752
109758
744018
161325
767067
888468
184146
59369
372272
160249
903479
996569
863881
734480
528845
548928
764344
345936
678353
405085
140029
555603
218709
279928
253066
941865
492429
398025
394310
512224
969928
229415
138334
713946
907092
421753
118766
91238
481123
7390
251487
900954
3959
631721
635434
49156
180649
399779
911444
859002
804864
51474
930957
539925
847754
700375
998142
340183
614752
908805
368759
584681
138220
507093
814979
45312
928847
450098
652902
926322
457488
904390
827276
977800
52463
979063
26956
233112
895194
454753
608466
216410
506227
55776
756336
353981
272503
754478
210516
887256
663283
579276
988289
317855
602721
803268
879519
531568
769718
532422
974242
227207
953164
801519
205007
5627
296934
748315
755091
192128
203068
879909
408538
225647
452037
681226
95980
724541
952057
306497
128149
131692
885773
116438
449548
4846
436058
845419
536415
205777
894193
27009
949336
847357
828528
154343
369336
125462
419010
640779
833942
622079
520689
758833
847726
972726
440059
943707
213619
392116
766556
341768
523809
168681
974558
489709
173527
410617
335128
709942
132746
745674
736952
82082
109383
81832
752777
478720
723647
171787
119499
73941
793866
156540
832774
157945
129267
272834
618004
342886
181302
384560
201007
705111
553241
175565
711172
726768
102534
562653
953063
235280
308327
206367
833714
417710
804551
586491
412782
44550
274631
532282
118492
584849
688822
951266
742794
334441
740452
877150
193680
921755
261710
394687
143218
331303
570252
854391
574424
189139
417044
527487
424419
241723
250206
774486
659433
571109
877329
72216
615660
151960
120850
734152
736810
326024
201770
995956
660466
942223
389459
370498
380330
651169
765185
523548
498825
851789
894291
73249
40928
311335
117088
981700
69410
883646
756186
728844
454755
633515
317412
70415
301828
438262
320919
554990
280638
522690
67298
941104
464913
456757
311602
845243
624279
593139
885143
123104
444929
779435
712705
2209
607122
829793
983909
676533
713439
740095
921729
168194
889963
755493
754962
708143
193755
75881
263133
990745
598571
846783
448202
579836
303541
276156
941431
444172
869296
826575
567276
830577
122362
796333
832786
245836
626126
816696
438721
855917
73143
360450
540463
479458
115943
295425
187601
826050
887659
967086
816796
2582
330222
264998
582419
633763
541154
40202
77935
926802
383129
161563
757379
505491
957896
106518
751328
100374
439566
190049
472643
512709
66852
13106
508520
699147
824884
212473
41550
712543
179560
374698
231477
509782
156048
813896
659897
213554
854099
254184
140357
237228
932099
414088
259072
406347
520606
526752
506721
960172
233153
979364
989234
300005
508822
497754
515505
333706
710227
557055
562601
406139
448105
794079
432273
604153
124327
608522
817707
494778
862706
958064
732007
311157
372153
507431
717504
409111
34183
224225
369284
267336
719941
358518
83694
228764
372624
599199
78822
599203
672606
157776
5343
120711
468207
953968
724864
592534
562491
58923
87313
941549
16988
335672
252707
905493
843103
970211
314604
393638
710789
200240
660974
430730
75110
261020
175846
964086
376571
771021
563290
49177
928797
84985
686240
397004
38953
927456
505890
117796
986380
593203
575698
3368
445227
344757
425213
804682
831320
256169
198320
542109
456410
859295
489192
47872
636667
181390
11959
13239
952411
575249
62416
881208
176586
265009
278212
215539
192465
784103
849688
178845
893658
425386
698565
338886
286495
640130
143568
117815
896300
858241
659925
869062
717536
665469
916934
354203
846859
928893
883794
799271
20494
462563
680479
197080
727572
475044
928972
436389
775499
295012
615235
185509
236750
830152
524395
523245
470283
184316
641060
882935
42557
300985
751997
276445
482806
668931
147000
329666
114177
30795
645289
651023
9710
325768
848104
737282
317164
293428
173671
92663
588440
305258
794525
825190
135411
835272
348435
122046
19588
505847
521333
578497
323185
273330
371294
805991
458613
34647
652009
89142
581794
297298
740166
591504
139419
104622
328786
456583
398050
18809
65599
502842
324068
860124
844384
975831
695396
709171
614229
231337
215018
135562
326186
538203
408892
697481
344195
383857
248480
996204
473000
830274
293503
213166
938130
432922
834140
266916
405857
748542
802077
471456
251384
126145
847932
95768
618328
59681
321291
232557
291018
536309
368119
617204
74513
293363
831037
935060
677221
595869
447616
666573
426143
741119
879739
364273
690393
230231
147541
612603
978773
465971
600411
230157
108468
448344
842277
726797
508025
163568
475706
315395
216229
360178
932599
807094
653541
279989
742154
847114
875858
189771
30039
818354
447242
426130
698979
653988
656361
362873
266591
635134
828844
867002
381643
937312
315346
740272
180461
339723
903840
656168
655118
636422
16346
104070
443516
669887
384059
185671
33354
776269
891794
63393
594623
339036
489524
809955
509376
662237
172828
775967
297372
518024
642970
679015
455336
474668
419288
635798
814392
839480
291966
469510
475902
308312
89932
435771
494551
473991
137794
44257
766613
29588
624003
361236
884976
629879
687543
394353
292116
860371
170320
589488
378395
329642
784856
350084
804311
720496
985882
135055
559976
794200
120917
552231
618864
210850
504354
629767
684841
642148
674025
967806
188088
814380
329043
589416
444259
532938
983769
252727
393310
670442
358568
771705
516436
143424
638141
320747
863920
624023
972154
940248
934575
93072
8831
553439
303922
513185
183207
505115
155333
373584
472922
859773
187964
318317
449190
148575
851255
432959
401302
244565
619753
759870
532623
136190
419646
170764
973289
283566
311140
945444
740167
245715
38516
748998
315507
858790
262184
15066
363905
933869
388650
353179
793643
92966
671496
242833
241541
39104
192144
159195
800021
811898
919066
848996
464440
338712
19761
954081
138631
847253
899525
878798
609320
454393
627796
441179
829535
406332
456245
709793
340202
361247
62972
133845
970565
250821
893030
212106
289925
85174
887654
89946
413424
806720
938943
394216
661784
475056
348298
316767
838661
764175
195565
447981
734921
339714
405513
564456
746046
861758
274249
86248
739358
853574
736445
709923
104395
629475
438382
394320
231002
326036
618
160778
649108
939561
554995
827244
930969
419645
144012
769630
183820
855929
733964
435093
195643
139477
515902
458042
517587
306503
544290
773297
160077
797088
483221
780824
942915
921603
175144
173917
763991
175763
851048
413099
631676
406043
756695
562646
825688
900707
848628
525860
756637
582592
960954
468632
238421
993208
926674
756009
299711
987317
45658
976141
784405
528879
756965
243672
966834
932110
933942
730825
624225
784990
660276
772253
191033
416972
851251
533073
834031
699880
575285
590668
798824
52591
575653
37246
45799
502327
309607
345511
489644
355265
321652
790401
884145
78617
34074
367331
527079
968016
98157
667656
753006
274785
439910
460391
208109
291161
993464
42141
507393
568749
632809
306218
621341
724814
343464
183492
227142
169423
45355
233138
524688
367007
23540
925185
961977
573966
292517
5408
58334
907026
189417
327692
698163
629327
788083
906273
436840
297899
948414
460586
383000
97575
766804
520693
822390
626620
704186
565884
312395
749541
799022
837083
632901
338914
278621
111230
912880
87490
632990
971214
510868
822407
298906
725383
968086
603341
631656
921279
417592
96422
381865
800593
710350
665021
837638
49092
807993
58176
614976
120388
807718
930350
473823
956971
269265
752444
584553
182145
356286
217543
669712
383506
39951
484970
108890
524389
604664
740546
445668
22256
353321
343885
339201
63671
8906
176840
629115
333251
235016
760443
453639
559086
690793
927463
516057
960058
196259
616962
142204
68898
834506
328268
452404
390809
813238
561294
915198
417902
818193
877219
956511
171514
221104
295712
751537
746363
472552
897004
79614
223921
657447
533254
783007
348240
977069
815417
308299
689680
432379
966855
758578
783237
295123
727335
174046
624713
288629
605597
558968
106822
482816
515479
794688
220272
327543
62577
966635
800096
959581
46250
24017
617028
95856
323376
965269
589277
138793
789920
278957
87525
273127
553888
870762
568250
797575
561161
709315
86204
683110
784635
709379
682278
816466
20419
902550
144010
82997
385538
460458
558930
431788
827
175959
43996
324203
657580
633273
979349
963852
428582
66874
236979
498822
453988
321581
296397
15149
30896
898954
698259
815532
608333
380537
148350
145104
799440
292360
228101
184978
269170
787032
133118
269997
479343
177114
110553
653275
326739
606254
617127
271673
673128
854106
286848
127116
175687
99597
658618
206583
998551
873229
538467
123236
253767
203170
268341
53207
11882
12794
754537
281053
316178
887655
67402
795521
581121
694307
448796
424212
300561
65923
695885
490041
436381
499085
133510
612068
598683
792128
335004
113586
665357
389823
236823
435476
592993
21516
5035
604876
550662
759572
402281
866841
647227
469683
662362
744700
163991
627511
168912
980904
209786
381150
470946
646168
880235
604456
258236
995270
396584
109592
108857
578293
499416
862032
13770
92409
399900
18805
213637
950562
294730
615918
817403
941957
601954
996118
203010
282297
623629
371922
263201
833415
753072
250499
995935
149660
854955
254172
144930
767891
363764
253787
862537
379532
632171
876307
988294
32071
411464
201931
982634
706194
334202
316389
164504
452508
312507
367514
734805
452488
255788
514358
802256
8861
764858
798191
158521
136165
568715
819803
420409
448832
589943
282946
828364
222114
675605
816658
770538
87069
534942
269524
309616
869144
585913
990472
321652
414773
874338
572809
867261
130126
87167
185869
655339
368377
984061
330212
504543
552776
150016
924952
1608
739959
207898
346325
478425
399855
162983
248963
486924
697925
518487
312892
83421
620753
819716
921425
35526
694054
494234
902787
340533
97754
88657
995872
466131
589070
326085
970674
658198
476101
411978
176159
732412
619876
522484
210837
19731
685467
976153
23008
899745
494640
852252
499518
631745
671969
420944
667271
882375
431530
86411
222908
529284
691420
735133
995416
280490
61218
482442
455040
53671
894421
631199
302435
30649
153683
513272
566733
355503
5777
106093
771600
16770
958345
271118
648515
146666
208414
315787
545394
639945
918550
768302
685581
609970
503435
197349
406812
81005
196144
861852
134676
90565
493052
953463
637566
163087
983088
204299
34942
988865
826744
322894
5635
301442
594013
170503
448108
318779
486290
993502
475076
404840
278157
160658
531162
297944
874359
937974
378950
70503
799826
29978
677420
809230
983442
831339
488670
966530
551990
523612
471747
378735
846507
993735
680177
956872
164238
644637
792003
166880
638140
267080
571720
432649
944090
619234
730593
818449
557208
625895
405305
873386
655874
82725
198969
155668
430416
687639
638550
982407
211251
110297
361142
574110
104032
41319
47334
784622
685956
839338
951502
840448
106418
39574
789449
50508
658808
520043
385309
732368
145938
790614
605755
318164
389692
804724
990184
336460
8715
628734
318867
736318
255384
680009
310429
875768
237680
874115
660391
439989
713453
128245
280437
819871
167820
586239
386731
826628
106282
288393
558997
768572
595359
681104
603089
501403
2180
593273
837864
10895
738360
156731
747213
510096
836741
573994
385864
590773
448110
562607
30762
161563
690853
827552
497787
375025
413791
400870
201653
36425
689263
277002
321349
800975
474458
924438
302378
476638
34064
140242
3885
288776
296974
267451
798872
650067
841445
701088
240840
805907
780048
787955
967471
987253
131859
981610
362278
545650
382480
563931
98427
588096
357286
419776
389071
348096
860567
207801
341087
410983
348044
344972
216111
161370
128775
14983
811437
970221
232423
568629
776128
12471
872936
259951
999724
4795
241561
362002
550445
140394
442286
165224
244842
315924
585001
150265
664020
961920
358066
521459
889255
706110
382784
105366
867480
511559
120349
195269
998132
869124
280251
774261
881596
153187
550564
397672
157983
308478
276027
224780
965224
234665
390005
210066
550589
491358
876683
730961
969630
234749
768773
858885
457212
151557
964251
841044
663116
600952
552666
661249
470076
832917
951862
868024
502456
502426
782049
660439
810904
58076
885220
292480
292741
791577
502546
359682
282935
895581
90643
252565
646683
859416
627802
103895
527325
592053
461291
190442
193005
530309
368043
179433
879578
836257
563810
382035
855035
345859
42474
182292
403935
444046
474772
696676
235623
493671
56358
34910
389252
663353
803827
35935
39122
431629
656182
566447
540034
633826
273241
249391
164135
641284
428825
43714
993893
992635
425749
848929
338494
984575
31221
258781
428622
22345
471809
180597
516016
44519
215508
905269
224224
535687
457556
263346
967317
113739
829794
23703
747565
103035
273095
428052
260672
218272
471766
770917
727259
413867
619846
582105
398443
167419
840886
343417
189765
312695
524014
705781
873566
255874
127402
97790
791562
584959
361137
275231
698698
707283
298934
962615
326670
88381
390667
103694
306653
378786
874612
33912
309005
10810
616017
707448
178230
973255
567217
367995
802302
91232
590128
675868
347106
717531
773659
655020
302490
651148
930251
517540
358431
229186
480155
685101
317567
387174
305148
140573
765960
179760
690837
591318
190570
306855
815118
368800
796462
382336
253147
598765
473568
359628
274633
337026
77159
564644
992047
896001
215792
438650
413541
90575
184188
410048
292029
18108
797222
597177
158681
79535
776937
849518
670853
483859
672725
485971
369012
469188
868307
138511
67953
858227
498139
858938
711606
91650
939935
703653
987651
672079
658655
917544
762655
842844
327592
571036
860952
641167
168213
19633
720702
461502
385503
907907
461713
58229
393878
830725
43769
778538
969237
628074
636765
983728
487012
864723
75379
943299
84728
579382
615379
743384
496927
894386
586228
340871
465422
447180
982038
149987
983165
219092
611489
368668
126999
589554
426897
37230
420280
987018
815768
905869
615092
968885
889597
102105
833609
481328
561756
918337
577063
177135
661721
590342
587873
764301
931213
53295
727833
429604
719634
710998
165048
847475
79667
292048
437030
22916
329278
857310
9935
661398
279531
625027
630283
685480
243484
980244
683161
805241
898582
260224
498728
76655
850566
602954
357309
298131
656249
85142
727735
375884
796141
409136
223359
875808
701184
176741
415076
546814
550403
941363
208212
829934
566391
354847
31767
326227
335092
714928
647820
233674
975152
662901
826681
342070
265855
183990
640201
922104
269133
884289
814340
581626
293425
554052
973786
994609
730793
388862
57775
797549
330226
782339
627483
412969
137186
175602
739196
472278
890530
903369
222304
382034
566270
565338
724104
832125
265680
880658
270581
534813
764947
84922
632791
58372
155326
606577
569333
402471
511792
143460
200020
842018
925799
343856
771339
62985
519458
26887
51616
926341
930256
790272
308375
496526
355610
548832
328651
621291
429490
599233
672456
710789
200507
821600
769161
872185
428177
854846
274656
939969
998306
991029
298339
924105
851237
69678
503442
370695
612918
71410
813388
543174
861683
638116
39701
733645
186948
884704
871288
132790
483937
60097
843579
200796
881697
129092
72981
309874
983938
863990
766196
498596
371371
64535
939053
222608
650566
442495
109655
263484
513906
923044
323010
891941
561160
362711
625586
748108
763768
13227
397250
764057
73324
240829
964854
955021
369921
554187
781247
870211
418177
547443
368807
789548
128331
307860
528508
295249
266707
638164
558733
296965
561208
398095
705258
122368
760807
330845
386828
40927
860424
784078
804984
933748
541259
769838
405121
427532
840378
186368
814095
258555
733812
699254
564456
378495
7114
92964
673744
790173
731128
748829
87139
808688
146924
792397
931056
424083
639594
834236
465010
500018
134666
269995
950118
675925
556185
355239
619809
396563
541608
433904
171471
791772
133158
252279
686619
656624
345243
360363
446798
592724
109192
50289
401412
772468
359038
848821
196552
514985
683057
177914
531355
334076
964261
481474
10001
520447
836713
629811
433362
894673
580067
121185
202797
713226
373464
889416
369850
235060
249779
333000
344136
875323
899641
261900
647792
258680
110721
360696
773665
310131
538610
305020
644207
502872
302846
170560
539671
139560
316723
489385
550585
896791
610571
753383
610017
500387
642799
496219
735447
892579
345572
79583
284254
245213
341484
932046
20245
968557
809094
310262
278688
347705
131635
439247
850577
434481
609808
906600
90393
926531
395985
640979
823322
6556
910714
949691
506944
553513
962263
758743
962444
824187
354679
246699
585752
212515
695097
605998
181072
504192
432612
976113
368249
564247
931712
735178
998729
541520
641778
605474
984404
37763
246453
324078
560672
157167
790122
583968
227033
268737
859063
189477
92924
213742
952528
678676
426257
163978
801026
123682
184522
233639
616147
552771
314238
547859
287949
312967
605732
446079
434794
590136
483842
681247
430566
560866
354767
220688
661186
98152
489425
520250
803981
98701
733992
756510
293730
676602
436840
94756
316636
621362
844747
932783
174133
158986
996994
462082
988305
602726
908161
423099
709214
908355
620699
139781
985574
491818
360469
646760
589970
366247
683362
910303
464948
933707
183165
758678
610309
620005
369787
926945
241367
730886
376080
415500
406224
373074
393934
394530
492153
818447
333981
201367
243155
471032
341148
228729
962850
217970
391841
69172
100569
75204
495828
565517
8911
678993
840548
135572
298999
726687
578869
540366
457573
471301
472219
863798
844375
382505
774680
336528
200953
625013
54248
444108
96046
911748
189189
575248
129718
97382
160773
746639
688938
656601
312157
214201
335594
669057
349773
634593
395744
444994
691312
853317
916295
679883
233467
277023
62388
8147
129903
779693
633161
184151
740153
729207
95900
929342
820807
741970
543077
981580
488610
232015
638181
317119
446217
490128
986176
312342
641073
898272
273689
848737
267941
706336
528620
501409
983359
591009
509556
113263
370702
659069
813766
627208
904628
909666
556550
725436
167989
615979
707016
656599
847995
861550
490070
810564
868030
476246
639258
509103
890870
429299
357841
158811
135636
402813
660220
118995
510174
686129
748610
397229
345198
562377
24437
249827
988395
97339
975263
156384
713319
198631
329335
77666
576533
819405
888230
444563
812003
43840
470019
702873
473140
344212
861685
608776
263377
38257
244123
773552
724386
992734
170781
69585
71463
711570
835764
59858
808909
811027
732595
522228
526010
61930
599894
618896
881336
4476
579811
693339
48317
566182
396213
37809
910394
774250
646585
173772
812507
890708
463676
536894
399794
150809
122831
987609
862379
958595
563820
187640
285974
296415
226221
328336
874697
342467
947232
756033
346944
43396
965725
911613
609578
878290
949422
36325
652540
112359
726449
981399
519419
190125
34645
435566
857286
157476
423175
719665
632423
503347
423657
434749
799762
649878
763086
674460
508698
226670
946845
371994
270066
912570
283607
879645
790860
749381
432322
959752
378092
158771
941152
897511
348896
492149
849429
206182
165978
272605
442199
798401
775952
865856
233151
92067
32087
512589
282879
540785
739259
229724
429131
525678
658647
712738
405323
449507
978471
353997
925612
356563
512768
383116
770426
861664
875265
619856
584198
41243
408813
542749
355997
701117
924957
589148
793184
957044
618089
592415
14181
357348
338492
443312
883026
997139
672402
804701
962998
167225
158698
888610
40140
671466
271726
326919
49482
663344
946775
150032
704587
871940
692781
576936
573057
617739
682436
882594
91135
300525
475009
621669
174226
813501
581333
57252
326992
770088
378306
289991
937313
53356
178601
493806
724823
966680
820725
290657
146376
283852
440690
367315
155792
649823
944252
245201
267562
626688
127795
358698
927214
119157
980367
101440
449010
561700
675044
776003
331788
569702
65994
785454
623059
760947
795612
864234
243979
616337
154891
390355
900189
111933
757671
572333
761757
218275
817534
545671
844963
461682
904369
288529
580839
401088
906321
29849
479141
97718
322204
327281
667420
904550
629087
290479
665498
424699
154713
425829
41036
825957
332537
457577
937890
606560
546262
215999
824835
880149
761671
669798
341831
182392
474680
922670
99833
897353
468871
578974
995071
791076
422607
178844
695626
51695
469323
877476
992746
140389
819658
550135
966346
152195
524064
904236
758755
70327
636588
583590
950476
398259
769740
292307
580651
760772
731329
680484
658126
716552
775810
169549
507628
198418
348393
719607
766465
334069
113435
759211
474458
933093
309346
440804
85288
349763
861392
360395
420090
497980
460337
886918
412591
230078
179225
509595
507202
426906
190079
681680
143458
482242
851230
167439
197012
715975
403398
479829
50044
516833
755392
524502
966279
581091
481658
51567
930854
343051
928315
350944
841031
388652
237862
769975
135082
933439
279570
642285
876697
986001
323965
20155
468243
691547
703946
181607
407523
107344
661436
457567
140530
416829
498422
106809
997920
980080
674728
928774
323131
603043
796070
680515
508048
550284
966842
643130
483723
246412
285415
360420
232413
125733
896927
217009
817280
117226
398616
224803
224570
60053
198723
881452
993234
213497
988261
507506
193577
662990
436280
33061
782385
748702
229928
290433
298986
196770
933564
782709
443182
735331
659481
191947
861064
72760
408956
678345
189986
323925
419500
930909
900330
134575
812361
893564
348072
800623
401070
58002
979965
353702
91063
762350
618756
837343
52784
917742
550465
986348
216803
993647
238031
392636
701946
99096
465396
627255
293793
655383
951180
229645
102644
851510
364221
915005
745074
228645
231980
662496
286647
211945
532550
894062
974296
151306
731405
543432
69048
281870
46132
285851
791869
284163
194839
10168
383259
660235
637423
193404
831970
588603
423050
934614
440113
303623
365972
701539
532268
597952
364035
818916
326250
896585
712978
300546
564243
960736
360330
149643
758958
406462
951846
67180
690625
146685
77348
590237
806920
714771
783641
638891
303374
206691
89857
743487
510314
455829
445026
558935
570134
325413
377851
896384
738350
607181
713282
302593
84269
73612
452236
843228
996426
920434
910408
687051
67119
987756
793640
874039
218879
577282
29282
522253
300325
635492
782092
326992
607673
743470
885927
177807
68883
263778
590543
323585
387311
303825
142530
471581
893789
111118
831161
890215
31552
257921
93619
98671
762029
887259
489062
980908
464541
518345
19513
281219
670189
801605
608211
277862
545075
494138
972022
130310
757916
562565
453895
661579
382743
596425
649512
276532
707543
480673
683100
739095
254946
776719
354118
16975
663978
843180
997883
644872
361525
17396
442443
31714
335353
50654
825929
396780
544792
797951
527090
819060
360516
980985
480639
743259
93762
646504
536144
317657
127177
219244
56752
382124
512315
410870
915451
176293
770403
429687
337517
131928
447083
779960
679995
298789
346966
505924
695569
891758
820227
222660
227170
697095
719997
707810
956707
330112
870666
492851
647769
514195
228447
220874
412671
740762
148096
328123
433407
918499
757810
287277
566780
721245
67237
763127
20034
930556
785403
231956
822314
605630
454616
49485
302725
690965
273647
259432
21077
144313
268635
185199
658508
497082
406073
71180
237844
70521
915655
187604
989021
673465
474881
72153
911062
58470
835280
931097
989026
620683
163053
811341
226313
134021
377178
45390
341338
167177
304823
878768
827842
573458
63967
2702
586893
986392
590234
341089
56913
505889
528693
562286
695706
3574
634439
606769
62045
986071
54218
51071
606754
733623
378764
833067
867644
755942
394810
725334
439471
699633
604102
267313
789443
668069
270016
376336
170813
860250
717426
744079
882492
762471
306365
578198
766046
457157
184967
828091
443228
755537
879162
566335
489160
257927
915754
873156
530221
310564
598491
486045
526549
202593
753358
315993
387015
539726
208681
557828
916329
442459
818259
798821
204931
124625
893371
970977
98134
78339
315420
57714
350228
710934
140401
839389
485213
56156
712545
15435
366720
827388
501480
893270
29982
771190
725615
933349
310917
450648
7529
743598
409460
825789
542419
614391
466766
435790
101720
81252
30481
933492
655318
380710
644426
795720
736451
129640
851876
448996
661427
734948
792737
679259
628218
339071
450449
870185
272420
277718
320834
796301
21316
730294
138442
80087
861037
605208
32230
479109
202812
579063
412601
858131
476125
57027
653851
212576
703019
505727
177925
364446
240675
970662
43705
385246
309733
10507
255431
98505
804577
92617
894806
342246
339263
33249
422333
200300
154809
970915
679409
357622
549979
608362
732105
26104
665390
385956
755033
368409
408035
449310
249208
648710
419972
809265
550308
246057
819772
322092
344562
140702
414709
755720
482948
753973
305321
905281
470625
976483
876197
150035
850457
942528
758397
582562
484984
940139
968518
240017
824901
376553
689327
74109
541615
625651
399726
91924
871708
219499
414016
732622
360201
345077
4695
843149
99050
826368
264782
569676
802851
657331
236063
653308
599859
510812
752222
84844
450952
720740
841213
792205
613645
530541
382666
155261
156192
782392
763537
544253
518243
177553
793227
394796
38982
797922
237945
654385
624291
19080
740413
943494
676411
976476
596803
792623
3640
349025
393819
970944
586118
235032
763149
199763
765573
145815
871376
438118
928208
634913
498723
962803
328818
291950
357600
367801
606225
111897
22186
230516
130977
762599
174010
323741
255427
287165
116364
259067
152543
26535
230012
255013
261567
509513
454776
543493
655329
326153
497963
99889
961066
996686
62692
289885
804988
420292
174038
411213
532190
196224
158081
179519
958823
848444
503260
730602
651961
135976
989669
804504
678863
219681
59517
940431
245547
30646
483924
900876
873151
498239
517117
350569
494925
579809
156806
816265
516454
330844
227479
564996
43420
901912
744515
2243
750356
764128
732845
402318
416456
238867
723174
95320
974900
299044
552103
220447
329690
552379
637675
719193
50618
154792
69762
545543
250954
742921
878160
767408
73765
105639
848756
633538
523904
109623
152133
274260
390103
401331
192930
806560
640198
916105
418232
615098
215149
486687
351898
61191
39066
989573
780384
89684
660718
366498
635227
911672
109419
29739
195432
699537
135379
44188
333075
175635
670163
485208
449895
60267
886539
642826
383179
43089
558931
801411
174540
290432
288098
526438
351623
327164
516011
132007
933200
693081
498505
84779
604753
124277
114518
800185
823814
249897
360725
673241
425532
30889
158449
391780
91156
561341
550958
474335
604430
109889
792098
778970
400321
596548
305408
268296
440064
337772
400303
373264
30853
415160
458043
151959
539437
572561
468496
363251
338811
829222
36492
280695
376463
711294
672475
983971
272635
223433
458306
393417
849674
766756
172388
766347
363304
994148
34643
319720
848272
951298
692984
879126
366459
667379
547437
905896
239940
15933
785500
95103
361507
338344
375799
737970
49638
564626
721941
838625
304412
696599
232043
670438
979707
404431
953138
859363
914931
987781
179083
763204
939080
388419
158682
821891
55798
706119
727787
812091
722052
29639
907194
599912
367984
799345
337882
933974
363972
576176
772600
184736
789127
4643
855174
768835
925426
808312
628198
840357
312446
323634
603561
767878
712053
762243
589769
284204
468362
833908
96295
706767
379900
519841
306679
747884
319187
160913
681858
199511
737089
970810
900599
42569
975453
272125
811404
900879
596790
439602
257589
909236
279588
861150
193466
991642
139746
299587
275846
124460
649847
888493
831227
29747
408334
654258
293983
243873
331524
492194
959736
584965
463004
860335
627534
954810
132461
438938
372041
729251
394893
629630
154839
674481
7133
348305
182475
146879
164244
458321
271339
814091
863166
618919
360191
271501
789529
654174
31726
121053
662720
991463
706019
125725
851798
849905
596887
500611
288844
968928
746214
200089
598559
901053
390922
605692
765710
573398
268923
929954
548071
540262
260398
411238
159181
620589
199091
948711
791115
230817
586116
453836
738632
808487
95913
106783
658393
692800
607394
947237
661728
353609
663678
776639
771014
54600
898683
536725
627998
167606
983031
692422
224221
759781
103660
383402
896722
819103
848465
687838
566272
950934
658026
304905
759421
270291
928040
417814
963091
535434
881403
141171
405395
545081
434163
176410
116034
332846
229487
260384
16805
212518
952806
241026
488652
572818
140780
385374
391921
505598
73212
474546
456532
247590
295803
732305
517881
223843
150120
997324
275629
547875
138496
681025
609309
89011
373787
725343
421857
603274
985727
955014
332144
454886
196040
820796
27704
853173
206171
935978
358771
795735
410524
815303
43326
222679
547608
77559
446522
214080
591236
238503
761956
729732
919528
887617
335095
809667
129312
273304
929293
115039
228319
261438
86277
940711
598586
113982
793884
804757
49960
152655
116845
976836
484310
676523
715867
31919
754082
162389
762351
345318
917244
40659
591402
353125
928276
442849
162792
57588
716154
92086
688980
944473
869876
775257
885184
468462
405591
195421
273220
971903
348076
906417
948739
832387
582940
664606
380658
853374
343347
143009
715045
260592
183669
822799
613717
628297
265649
292861
685886
981803
384947
891218
442628
254823
182827
844164
723286
588419
39585
512858
560322
387662
935627
25414
736401
518567
690020
117059
888293
549720
260068
603338
326664
960089
426138
456733
588387
691787
749594
790625
189942
650894
198195
632570
422069
381022
476734
661707
969441
32672
690917
529764
420334
626544
555178
156735
661463
761550
790146
549757
827622
566566
153095
154286
526656
95585
127371
631395
303724
393318
938372
493666
44212
136567
642588
982633
517589
635675
644341
3383
668347
851610
533147
88681
478155
604677
761768
655970
882579
551914
205727
710202
118480
358823
380840
161488
454408
508212
792883
758133
901530
731255
768151
462094
384174
410740
961079
901764
46415
605420
905147
714762
973383
954646
319795
451538
559323
597915
623860
958254
666181
829588
668456
301013
704763
565649
462502
159171
73861
771737
433656
491743
19345
718160
470189
403519
645252
431268
305283
691667
553041
726782
922781
526424
681428
758928
494314
757103
356843
118174
715358
539376
947762
900166
840389
652525
465815
302891
328049
56028
590981
278057
547771
610326
996217
17960
13845
157821
449229
835481
365840
2270
562263
288621
45046
760044
563901
539360
517147
437096
657534
748857
976472
121649
649024
816862
774174
631191
636105
618575
687220
743438
896633
234991
353764
409202
769304
883962
567024
734885
719443
932864
253507
281706
737838
298553
558102
301739
837913
591602
255188
11799
340459
231660
133448
505835
564874
423975
137027
717332
42550
824247
460770
455535
575590
330887
864738
344894
214849
948114
596131
450644
880978
849638
248702
135168
148191
806805
953260
502456
398407
208448
30608
255218
956460
164056
761054
37687
104383
414433
755019
146934
238680
732141
602469
330622
579380
983559
191869
310581
931673
788000
761225
329004
153991
9928
464172
818534
816733
933784
320991
731492
142232
867951
986710
615045
548359
747764
652732
652743
678549
924103
316029
433581
172596
918498
764204
751977
418410
472425
62558
866435
260425
340136
195439
414416
866416
175964
749303
683149
626100
70294
930993
768333
938245
917703
383378
2956
181820
552462
655699
860369
476565
971728
293951
649161
406579
574507
917490
824989
46932
496401
207776
823709
836537
403216
754478
702953
95532
503781
902454
721632
90427
833447
6317
545024
267502
906047
547980
965674
458509
203680
342396
451426
691760
152699
100588
98339
727206
534430
439680
290490
30831
647457
114199
867368
567025
385029
86673
662557
888810
989127
900541
979237
338926
906859
524261
122781
329258
588594
604807
304120
792274
947203
755546
484034
616254
372486
98726
859812
906917
538406
150302
937748
185863
780854
321469
269240
165883
408142
448149
571046
913622
348691
550283
768900
771902
590897
891681
101160
179491
496489
405280
488117
960044
677179
488503
576299
49665
587229
952463
956582
641988
102766
894331
344203
399972
732152
613444
565855
140294
61593
136901
53916
926636
203537
822817
698538
310786
230850
316051
6629
243691
237683
494746
720088
914862
499601
812739
480880
86831
765202
437462
728819
384320
848145
589374
784292
580297
202818
350148
236944
264412
3401
290860
191048
723290
630029
405939
34076
377232
238342
40705
137275
476025
51803
857363
907240
551405
670102
388120
154588
951657
341934
883407
335977
190080
472781
120270
286729
191952
986770
523673
972716
506523
330886
680116
229814
477267
86055
263890
370851
840749
820948
508127
316775
872751
881842
740367
424156
68297
644839
95096
19954
986773
978503
355931
693205
967637
992553
496287
675941
979323
536312
648657
485847
867198
328773
232013
860818
931181
495903
231669
771930
833203
256148
605057
705955
137991
345424
646463
206288
990263
741560
226242
493389
236415
98525
702946
720404
91079
199233
396345
586754
735546
561354
588953
119096
890128
820966
979914
821309
833222
727936
593239
666425
984084
714649
888732
122075
60073
51548
328363
566689
309460
70957
576430
62227
169483
279376
298984
776914
478610
695329
363668
730508
773036
468974
849604
663164
806292
345871
825
639514
73807
110416
822292
574243
825065
227376
696319
401491
795276
541034
968180
104736
611992
544610
683316
297827
340338
982300
74741
818948
193981
954761
65808
967017
423735
915413
146533
746380
777636
147358
385894
851443
257775
724538
942038
599192
951915
638357
683
747191
695744
968863
368280
824088
29825
567948
121915
370164
550248
713008
705464
260581
667769
771273
227599
607857
203038
890484
354237
980674
37843
256483
348469
811970
981022
290507
411162
449289
445217
411846
712832
140961
897061
597464
965049
443239
165412
603316
329755
232012
316324
35219
492594
500445
322844
236545
624654
525882
127029
495243
22908
164872
751727
887729
493194
249101
178237
904357
214742
139806
832555
443926
797119
245968
41391
762168
689207
723155
881836
18962
955168
198160
570534
964114
214957
893378
200659
839612
935613
844040
334855
474873
525265
602934
362603
18459
368387
57192
439168
583129
713350
271723
543408
510469
34044
101151
788989
239603
824306
670825
258566
295826
385337
345452
776292
600294
755182
493303
439906
207147
337344
291114
682021
862609
894048
560976
881068
778788
134520
836589
361917
364222
624664
905325
874691
658708
522828
663680
898312
347135
850857
673230
159313
236194
18682
935606
352840
290216
428909
309099
497364
766253
600213
695737
145214
10613
773065
542635
789401
423937
379224
667671
788159
3888
89348
662850
662597
612177
842882
77261
959312
693739
750491
634977
446285
285525
86935
799125
575741
515845
108224
589457
798450
224789
285194
460017
235403
574611
2652
541156
998548
898228
208827
786707
902116
298176
965909
81065
910353
808791
158326
386017
18882
425169
20994
981519
710694
107930
296997
802788
140127
921573
392245
454929
146363
193792
914946
898118
284755
917598
439274
283304
332178
648102
586363
234295
946278
552273
831712
372983
877416
506391
759000
412651
447912
296346
910522
158607
920628
207519
477747
577107
129093
386344
32037
791808
580136
946983
689926
864892
380934
645552
664548
713112
293654
250911
463759
756284
319536
811824
645619
713305
318215
404619
125956
766127
217318
36478
441086
654298
760350
918833
231406
405795
305178
779795
197603
401666
243130
403881
782910
624064
49433
447458
853529
859440
214722
833640
132076
534258
645464
777696
247563
963679
698667
889871
246159
915985
442702
203597
86636
203052
638783
834394
608847
943961
614189
322802
861979
857319
726683
161242
997736
292468
125052
851265
668260
339774
684905
800337
390385
330370
578033
637948
810401
276700
44172
572912
709038
486874
776510
312026
206278
415293
146420
815125
875606
276961
654279
253937
134280
380962
415179
132016
189782
540232
499633
858043
880006
700891
174732
786743
547613
752765
941044
358014
545817
985216
447279
771207
988442
223789
599585
194720
155434
746005
526197
31040
22966
180476
284977
673599
77790
700157
321967
267572
756741
821601
641967
153099
522492
816699
939843
70105
85816
880887
944471
631634
866103
908102
919193
854545
131891
518779
565617
287325
781136
91814
834717
804103
272290
119695
994054
350080
336204
316021
134004
609297
137622
775972
762396
176466
109023
702239
762923
194840
583126
223747
342826
965581
131849
262019
336478
780093
297150
902095
67418
78287
993909
418488
398742
782551
538183
392796
648983
390739
708817
782988
36
362792
75312
762432
539258
700687
981024
818534
895527
80502
42281
238353
46084
690482
16725
382562
470575
830227
801010
54346
908514
311271
472834
307256
93823
527369
700052
742806
918108
925222
42146
434496
288014
117458
713280
827272
334498
694304
645806
230025
291159
204439
984731
337243
894922
517808
236157
365497
348035
553519
936195
256550
864791
409029
80158
958614
452750
296563
217772
370858
221785
259919
321706
509799
893729
551339
853423
228227
761995
499230
458253
53154
220021
959336
390397
114943
477144
142907
996793
341531
696426
932988
114433
561217
858370
194592
36183
311120
7507
253956
198331
229292
30227
36389
255443
923956
587728
108866
152184
349724
124448
126789
402878
344470
602477
309628
975765
595973
968887
488910
937504
665313
421899
568290
742883
796621
279234
295418
107741
286741
65726
822424
32385
95953
858814
287828
19910
446542
396694
688446
796266
37495
331587
715497
898317
934064
25125
874082
46389
994012
362993
500245
175677
301244
68535
434912
97865
347769
246683
721958
634510
312409
544383
183247
408363
403197
471075
944625
366091
384122
149423
162358
421617
481010
394207
319934
931426
419332
710368
494167
929696
589713
994412
621725
890957
62948
572990
505174
410717
819673
743485
561580
648434
804220
744827
56797
723769
732255
517774
89860
116377
183549
768570
54346
180911
162777
890632
112337
98461
117352
122856
28157
707066
117269
166235
114375
180217
739225
135902
107286
558898
879387
185218
207332
683607
930046
780482
407376
178653
814608
13588
811382
998158
782159
865728
179069
944936
272712
807759
43398
390064
930615
587907
613482
564236
754142
727858
744453
9719
863760
368092
84969
259499
553310
808654
459458
483356
589136
866834
178361
920096
396774
989743
434606
178933
371823
613676
640222
160887
937787
683620
550952
384754
787879
680786
948991
542022
924996
209796
551741
788756
577888
636711
564607
131199
445365
24065
130907
550853
890899
309269
987301
804026
299012
421908
982959
670836
551936
623181
831723
489723
823153
899027
390829
127385
96166
339820
669407
21162
65969
737500
326271
643857
890563
890878
775056
852280
914944
905964
919485
322195
215233
906787
126221
30597
845047
625533
217785
396983
248714
565861
403058
588220
981240
793887
715605
77406
650060
901364
98569
716029
155216
941192
359886
562132
832070
651295
414412
747014
73611
850250
585562
805196
273389
711783
835793
118436
337316
569931
515419
102383
135792
918477
206955
117032
228716
438912
710791
395128
340276
325712
111157
11844
266904
987396
573976
98974
155043
988389
362341
228654
838639
947903
33850
112028
176038
869643
746816
29707
955926
262235
132090
91718
697064
855397
725103
442132
294309
435894
837261
150937
761606
464770
162781
544862
452166
736758
643836
607209
241499
522529
835863
596490
986784
386065
224870
162823
772061
971686
708882
727987
750273
840972
819706
447337
212721
61161
405821
507030
497055
243082
657967
775013
707853
337100
319875
676371
73858
480063
799933
315357
2593
152148
911847
989377
538214
136717
668552
310275
108403
377434
554614
375028
734758
374320
822365
947479
435481
744539
970861
448888
987621
145180
223901
211826
482281
543776
404550
72491
23840
204483
904201
542785
872983
816048
48514
411197
469118
717067
237824
93873
610853
792439
468902
861964
683111
807619
325795
634945
552158
296657
83833
56132
958189
824087
784310
956822
884215
188860
29314
424407
909695
933515
967192
299031
265915
15707
710228
251385
249126
464405
345259
376331
256844
814161
238295
456307
138132
564091
91252
690291
377100
691438
262775
851641
31877
47085
808464
916092
752298
354130
856852
178345
803997
824044
477376
69912
356103
703957
321298
121581
168362
182909
14265
941558
513422
252560
397865
651554
333003
5470
341845
226455
213260
604620
594449
761489
168058
402913
193933
436708
273395
50785
615053
77392
391182
92430
663656
747285
312739
501306
385219
481101
684215
399484
939011
197637
168396
853228
849192
17752
375050
707389
244207
588310
828362
355008
866151
996420
757921
60085
433128
31316
110870
564533
625060
502052
173315
288717
765690
486054
790023
150909
483507
474239
66745
422518
188228
235141
275747
37420
252893
650797
261162
13453
755460
89524
368461
137963
602296
642735
198048
551776
190403
825271
116309
815464
843675
805977
620533
609365
292031
926908
276626
291891
917499
343371
714409
105728
94865
506508
659500
864110
673658
920662
877563
945470
526538
762377
83433
128834
921464
281482
680610
111867
623105
313272
443683
466780
635601
64216
592498
443984
991125
869124
735875
908624
728848
966637
530704
340065
473145
190205
204175
663155
627219
598091
608625
153758
360468
692059
282592
798284
973541
479555
910151
112998
309179
870187
579778
944780
450755
172276
388764
441880
557753
640992
866857
802953
607629
913913
143018
597126
104118
347193
260282
247690
945284
868907
401448
822104
77318
684040
620388
567211
679947
46892
680209
989126
917079
259988
450258
367834
948616
839023
326067
506369
480015
709276
309322
603996
139541
968692
201122
760012
315886
977756
7702
777522
363016
409150
115979
440334
609542
252719
7546
289490
815963
204107
794968
249394
464095
245227
617229
929064
600602
459648
435433
596969
685276
261108
200965
824817
229800
918439
101181
62038
896196
108883
355913
259212
518033
471892
215898
643928
240963
739796
933418
56927
943904
728386
306321
407999
973613
439902
337063
90567
415902
288849
687536
617530
66309
888501
958700
812461
806941
59881
390852
219489
168765
746765
995053
203150
735009
210951
847078
492324
950748
296848
549251
894652
25235
371925
819003
515200
811827
672419
605768
744082
961268
809656
361612
543929
698158
320312
356390
21451
380194
263594
240940
65311
10359
235993
268461
261720
963296
631892
754045
914044
928740
819648
808696
470327
191573
144052
985528
519753
816471
107648
263835
294091
917304
625447
838020
131814
462112
710762
153265
842306
490709
910557
907617
501068
662902
692430
279141
626199
324322
33186
540243
769415
369186
865292
239742
560760
9344
741622
80513
342167
849270
860700
636258
282927
486147
990630
414741
948259
217744
84359
306917
708453
511268
730886
209522
174171
423317
5015
800370
263991
554553
340613
33406
923739
722257
789501
484499
247953
531123
81364
590120
896746
942064
226378
179673
944564
217008
110766
409175
434753
711477
716093
143206
222746
446979
869080
396917
386648
390447
197287
166992
945000
54252
716750
868740
292862
506251
869591
540815
37375
950956
130936
450473
409372
873666
630146
353936
607027
257264
763112
41780
485094
995557
701338
707840
958888
86771
621109
861889
993570
334748
28881
938571
905352
261983
323663
198214
768235
709606
739030
321962
176914
386318
772435
586287
259984
918933
456575
867011
692549
736039
425143
177643
731596
642834
885483
206837
245957
22944
68726
239527
357692
613959
694450
263045
875942
534465
977611
160529
244072
232993
998843
937338
619311
287630
523625
395648
722915
496553
779011
415465
232592
204155
593108
480541
363341
994944
687378
609298
534240
272456
365177
891933
886415
575980
671330
278709
110445
648941
439239
870869
881935
954434
808208
17598
242065
848185
413246
481332
344738
192258
896797
93683
912765
6258
90576
276106
517554
777954
401756
51794
50410
283285
943727
453177
859265
131409
731886
486063
296703
687477
356932
694990
641912
681492
712588
400329
529678
642187
881661
390768
350797
294811
803
263562
301069
91379
56020
818623
385685
974128
870417
952447
257413
330497
405624
116679
978258
653863
119094
274961
857692
476026
969951
15956
673871
682540
932637
719901
841079
814299
110669
191876
625462
627825
971790
926531
235556
27810
261506
621242
1938
648275
573689
259351
495124
495666
892382
473383
665881
11476
748344
523573
3855
234648
55882
677726
917188
988519
397627
274619
319170
24648
466495
944632
168825
438285
387515
404382
982447
649021
25624
984385
813649
115665
760088
308773
127683
168823
298508
309916
696651
563205
349842
700506
797853
405724
894584
715041
394243
808563
506012
713414
349564
972507
174398
518389
927144
561914
922771
909591
727287
464747
893976
540936
96765
170416
366062
224448
339239
664570
50717
35891
227775
400559
252749
25628
806283
663686
257021
716878
988601
763033
946644
338165
251892
121043
856555
179036
682957
295678
88627
410244
276778
498955
467533
373543
185724
833595
114343
41315
14517
165060
593558
242293
81971
362660
784273
888254
26346
557647
121485
14947
837032
68129
353113
88925
705524
726020
784313
388481
538050
389293
315078
814828
888248
782611
704723
590324
132558
819067
631640
147075
984127
741550
905720
66099
104210
206346
470705
130556
763993
108542
661856
601025
693024
531321
206302
398548
773693
990616
303382
828095
379909
134812
642924
784509
433775
347647
374834
82685
683066
522826
746112
183546
264376
651833
249645
368587
374531
236702
15495
654876
861597
193703
772253
554621
725024
978556
469521
15069
485524
289255
843165
865433
424067
486089
166294
857842
350088
57480
456879
549507
580306
202992
733053
361035
854825
499050
245974
745708
735752
777821
400584
113701
971525
689189
668322
212901
667745
654196
227971
669621
943451
71136
51406
367519
557225
217701
741713
423665
275181
198593
973172
371840
401585
706225
249227
772762
205275
495201
34822
457380
789374
951758
571081
760899
640947
755756
973801
308693
409952
201772
494666
869755
272908
546073
237274
346485
763774
495340
286502
555307
210285
776027
927147
128222
998604
692726
417336
720232
187927
452158
177612
977302
403916
265045
254553
44863
537153
744706
869908
463457
946478
364575
333213
735738
910648
86839
598575
190774
582179
401430
746081
308816
177457
189581
437038
176061
882307
370726
896293
586587
822884
590257
80241
743152
371655
334794
304368
908808
79501
174276
888618
542331
55203
221831
794422
482203
308670
392997
672977
407202
794427
935411
232370
488236
124992
669409
664298
523651
556487
76943
110238
895724
183553
706831
638876
555208
41626
943244
980368
637479
633873
868986
179810
689076
607169
974232
171280
915840
883582
360609
839394
194361
296020
71764
682598
937364
257525
863248
461016
814013
456543
87606
709737
640096
794438
864965
195304
352416
808210
692025
989895
958435
561011
686057
647511
684533
176642
335143
600373
576576
695753
956119
770937
508125
544235
969887
445490
801761
833135
422858
132126
806031
26816
358215
446127
337606
223180
641432
690022
547742
333457
196269
506177
410820
398679
670041
95353
575321
5184
212078
668249
217289
684549
439186
241767
228785
925426
203609
546898
274913
626467
195376
80944
169635
553591
527072
507242
293123
684856
713616
840866
18313
426238
863395
945485
824917
533436
557191
916590
54973
769269
584839
788614
970171
540377
30381
198956
465803
233990
745854
257069
376809
457582
338013
546445
11173
865085
570039
304296
549941
283655
661514
84606
709893
41262
546444
51162
91050
103635
967752
146023
389256
68943
450990
359427
609321
997723
74735
591476
748066
336941
848545
124875
794523
186559
187672
805696
567996
757711
626345
634290
557719
804211
235248
783964
845473
781692
835127
936524
401679
802879
598899
790936
388175
49889
666715
997496
47613
741451
105324
312031
78392
953870
436906
872916
656781
140931
194964
741129
414994
821309
375419
489065
625521
610668
273030
470994
908712
108157
923870
310392
427388
522770
617680
815563
89011
284395
329411
652976
25846
434736
965007
620591
904958
918266
9859
561739
59197
204823
302868
474191
26133
194640
963257
168006
321660
752639
155352
230372
860796
79223
57116
804536
118345
674796
136452
207356
959192
465863
860333
501390
416951
341692
638333
321909
259958
648192
400000
319155
853016
219221
309699
395501
413861
789308
79859
735521
541947
235211
965893
919095
830786
23010
723631
465483
214158
860083
672840
689702
842299
49525
707445
259250
391217
345778
97512
651176
993971
497512
486683
363339
716733
796382
758840
646946
102042
838699
382467
643989
590262
864713
563084
937401
404075
803068
402884
618233
179503
592076
307936
21802
157953
15381
281053
549171
877511
378565
716699
871482
392429
719734
751173
109163
32469
510013
756109
134511
865064
654929
778501
971679
35994
857937
909080
440069
661005
311964
574654
840509
420393
398942
378663
578346
930675
659716
643869
808187
554633
360568
196021
947063
596655
947195
572578
629124
973560
845039
763635
354977
499968
542136
326656
535962
916426
752088
492383
93783
580404
67038
450644
797
465980
829308
579144
396656
489024
223013
721195
560010
99934
917216
23425
696589
864411
596003
325713
354324
441042
605700
709301
457363
664189
35957
509677
580615
788045
2061
674398
368449
69099
125043
885599
51431
470703
464743
964439
959727
204108
685634
36089
820394
602851
59514
516983
983614
655517
359048
337938
612912
964749
47239
70275
628938
599548
96304
725905
903945
98365
916655
272395
683816
41698
674346
251600
512401
139089
216039
988481
859549
901674
540922
679944
20877
600437
713279
520843
772306
588680
858782
901570
69781
422373
488197
215071
21922
584502
940976
925867
682867
857631
714614
366684
415682
388960
618284
444435
44401
350675
949268
420303
768701
490191
616599
305930
606980
846230
826774
895638
951262
201908
797209
21043
624281
801758
236114
162555
386260
693442
604775
69128
67426
835741
952164
483108
741054
86800
443895
301807
953827
909516
722110
722529
916059
855061
28459
39391
701292
371585
935029
652554
573493
248590
189950
714127
50349
426064
876682
436609
635859
997809
22089
703285
833551
490605
702745
574605
93757
662992
876412
47585
572508
114875
286466
488567
969936
314925
527958
187580
202863
979340
840135
776356
744282
546437
490483
794631
488853
883518
747593
124712
881327
286034
344349
714878
776640
563446
805835
386749
226439
682248
434334
315299
313475
720800
320219
799763
552078
364529
987344
754941
860221
343831
47649
604504
890268
538133
399135
379121
938003
663080
20186
819330
949115
364535
534209
242107
444334
340044
628856
670773
538644
63191
502424
368471
300343
822643
168235
368773
703525
671931
640066
563746
15762
687716
168250
422382
742201
83738
317855
680204
746818
338041
499534
695933
218929
550095
938040
663263
406492
83249
850388
945136
146440
869164
313608
963135
208160
998195
331909
911685
670126
488327
991783
685888
176043
160034
624622
434596
760124
942477
114800
506942
796871
130687
719228
532152
197134
173620
711767
603626
256869
78507
65115
919661
947671
895075
882797
155831
893270
731058
583868
563396
219385
575652
765636
911781
252038
906610
346377
528514
849087
977530
35456
162310
624569
271036
694462
821703
961009
922581
425330
217878
1088
490445
137540
948760
385520
536689
620943
795142
784099
721164
358538
3484
813168
640526
431617
65206
547136
777995
593720
396223
271877
145528
74886
896446
932917
285700
718149
893926
208282
659831
111804
725722
666628
765696
674482
52148
818737
811778
847290
602836
532942
722180
122673
346110
362706
554290
927668
909842
848637
37740
822418
120514
699620
413656
16960
632537
699356
251462
42815
423990
911293
154620
149713
577922
436668
340547
146422
771758
668677
510065
374594
717971
748597
497267
64081
111304
567910
508101
537498
416547
62193
876268
537062
761814
289924
70374
910703
989281
838188
953519
929623
749482
624491
79336
843756
577511
936236
506530
349269
604913
532947
723864
322885
281545
737483
903318
909201
305393
927772
446699
238293
989965
322968
291707
268131
612892
362081
695187
118525
200270
648706
48149
466104
789549
643837
826212
883412
96425
332742
232682
217691
865690
472898
56928
147235
726733
960246
572788
548479
404370
19487
786772
394336
858807
78479
178819
988052
956912
874006
106577
157182
39064
671078
139638
828613
831268
965850
712026
927693
814945
461060
661736
680635
933958
718664
344222
177043
195263
917010
725522
599633
452849
512294
993969
311657
590773
689141
299709
64038
563147
922638
737572
602212
593717
877211
947177
941337
359413
175555
385382
174358
636615
47119
371345
86925
765783
231919
263969
961046
665281
505843
560680
118131
18138
71001
946140
125263
760142
245849
189301
839642
684839
926874
441854
794908
320437
905383
736245
679850
80939
121628
370561
233906
168747
741906
837184
934530
490178
617505
411929
155459
123348
972609
273590
141486
559962
736082
783102
836457
498283
972403
676099
183123
415629
117953
978031
252418
539688
714277
932269
620627
352257
819182
370886
521004
77440
208070
971886
567618
341927
900167
723078
465275
389128
513020
123114
949091
765455
906216
785548
263738
394971
461647
446861
326953
95952
941245
579371
635640
171874
27992
772620
524131
847174
143506
561487
924615
867928
49725
8585
726207
949893
731663
191482
339021
761036
314596
288112
526491
737164
590012
790229
648488
568011
753443
975441
663963
211040
71164
815956
382914
99157
588576
423397
462683
248434
984884
387298
632714
34609
395884
358921
500854
643899
66755
839876
921287
897704
644340
964130
151220
234353
270712
799708
802364
24155
775149
982680
751547
846314
314988
134461
461823
419916
557858
924506
668350
59094
828157
817416
93703
740393
692689
110910
384292
275796
950786
821932
173500
595126
786062
324721
345831
56774
124429
664548
597281
415931
163580
348828
778597
478568
483289
756772
898484
557499
681278
83186
616593
509435
416954
226649
249828
109643
337559
150473
385439
804697
488757
75292
399823
274819
916365
262007
331594
557146
442907
928875
973077
606487
794056
268026
85055
277345
24798
983539
351197
222429
583077
967790
248216
31
710791
14397
109674
48350
681222
11465
369399
169979
603109
769223
444798
519474
547582
292744
76621
990489
737972
566050
596976
532028
350429
198383
809373
891579
698274
160570
114008
281351
644713
878577
281382
355504
892974
907408
920207
574196
435225
289606
260527
38335
575181
705325
74161
639115
998070
667134
629604
736042
749537
742932
268070
99966
941315
593795
991545
639589
270718
621906
920940
431783
16835
718674
303639
426161
626082
223846
516709
61308
29805
777236
615995
121338
482561
690156
760454
996983
357291
906410
249377
106828
649343
33799
723146
590658
143947
231043
746600
931017
369301
183892
362800
386136
902567
666439
812297
528649
406638
329006
106309
436443
106242
722304
74133
105156
412461
834587
618491
286104
740998
384221
392932
906693
934372
632430
13703
78319
863473
760303
525688
232775
944196
888488
618911
846763
554928
947561
891764
477918
792919
998074
914361
899162
720378
988494
520670
649191
339434
655513
935295
596784
556086
844579
503477
490459
477009
517180
85130
340483
277484
610819
89610
738032
15659
708521
101147
86939
172434
509263
564857
965354
507337
995570
380868
744068
984065
417890
909611
839851
589755
844907
436635
145842
205838
940112
152653
199200
457292
754135
56035
251128
881306
145645
505512
896966
370518
606659
983905
542953
115923
548763
508307
139612
544333
405527
400032
44750
823417
309644
400953
413172
670903
837588
559014
876741
777700
228019
75941
751345
982155
131976
518825
863461
277621
24338
276779
164492
147349
260685
707445
779624
325800
732104
919237
386485
137631
319269
947588
961048
145265
348541
890572
816168
186130
965939
692910
480182
193958
285203
747879
176113
417180
266705
555927
211153
807395
832706
891997
954744
609743
599442
734369
935543
847898
169958
322029
985529
5579
269617
462929
150845
134510
353502
967013
320640
835793
176275
800823
29751
461479
65054
722217
395011
331759
278144
122516
139154
627202
14514
93899
236946
130308
344620
688841
978207
514578
527222
480088
36509
313191
459370
187354
447702
329224
670720
768342
165017
363347
85517
194768
824826
666924
433337
736189
998683
711481
375058
654190
855036
389572
264441
608334
36232
609061
297175
14439
639991
340750
10880
676500
653941
470250
380207
617995
799474
567279
902690
480843
930626
504559
675611
271805
171483
108949
7994
170167
336782
383052
340709
708170
288976
605150
316504
325209
730563
130032
856000
370554
470782
866880
563406
641075
853482
459965
259071
169308
27244
161761
650151
957871
666320
842115
229676
837804
951064
754022
524323
804198
137075
865032
512369
942403
470182
345225
267612
200745
475257
639965
87651
462391
23197
167409
103467
876680
627375
878890
45988
654619
557003
212492
128842
223323
54607
874870
577479
522023
628893
618154
326221
282320
483186
354942
224723
469720
700168
8688
186817
175425
648653
790820
154169
671850
958230
773988
64882
101957
652878
627223
272928
209881
839715
401771
949556
410674
276641
527036
932697
421886
661542
258918
704206
144729
613861
445282
130801
314029
970322
833971
5806
618975
624791
676327
807177
99373
450315
872060
201330
619545
15635
474259
829426
855350
876030
295335
266024
669023
822371
198721
90910
265
973991
311468
144994
104204
273102
792148
934585
243424
626119
456744
378751
250910
133071
185929
350284
583387
574341
551614
202932
589976
542225
548711
961678
418255
844046
227702
603631
182769
942775
210893
183034
433118
38713
844381
537323
311816
636529
988260
555240
779000
445004
450344
29910
578076
636273
896546
677815
726966
964513
397099
316942
506738
945810
278620
441346
306208
22674
44977
5329
481801
255870
188364
914919
810935
549097
968594
122751
701978
956855
194344
480978
401859
644688
27240
496287
797313
923787
690454
524279
404652
87554
841221
427742
549716
636193
869088
855925
658867
430417
377606
140668
202639
565970
571939
13575
631419
56886
136326
333397
13741
847022
814375
931952
8062
841616
944592
805375
281755
635046
329654
686407
722600
687227
630501
788669
323420
499590
160946
498639
930007
538552
155659
648999
620875
727599
662574
252294
784485
315252
585692
314578
678627
400067
762882
686689
758035
707474
492065
39790
858873
821719
242549
97825
25299
873051
886494
348719
888993
47440
363711
335352
585993
519370
984351
206868
763321
163277
459162
64158
478530
561206
378736
157157
477626
657971
843846
235661
881797
335911
275452
740670
673983
34353
838496
215634
907404
724990
564353
312749
288783
444416
648102
391128
963787
632453
597996
727108
795731
573510
307619
790613
134717
686355
464122
128695
860678
307968
364356
742476
160232
156160
999498
350567
190514
837994
566201
614270
79337
646906
927020
368120
91323
575122
275600
571462
723927
873596
298570
36010
963458
606189
826623
614527
808897
290745
743222
185927
115066
107579
928403
275298
780091
927902
142217
486957
282248
708418
101228
361585
871676
544600
246057
962999
636074
38009
534461
360001
911605
349384
912364
391416
471925
738987
5943
797174
546085
265518
983102
661151
889449
427857
452801
669540
872111
595018
672850
154360
819788
774078
32297
691464
835030
794707
170816
471104
832716
221629
347457
260674
87365
259821
168442
559291
515161
690737
872817
61246
956255
372271
722397
362056
800129
175198
547949
672240
286568
220799
342952
106356
511229
891602
314172
346259
202661
484988
333715
35377
222970
681172
812403
310335
457346
980845
385978
488859
671583
258796
550105
144190
631067
272502
506247
947548
964052
54196
136141
250620
274995
479093
873328
786224
887047
187500
648835
89708
188841
982550
641438
411811
180074
453841
238498
153772
951039
624477
642631
138974
399625
192736
283164
547044
981590
305763
494593
461994
359959
630734
712614
151306
626179
585942
453882
29579
289795
619069
119287
478636
601619
277077
890447
298046
730919
128945
451818
198310
269774
94450
337284
669399
803538
620448
216444
301481
442564
227389
763475
318875
374475
992442
470182
654
94736
440416
546585
384531
59486
665873
863167
177457
459302
269966
475503
190221
915264
443674
904883
185038
54476
242167
370790
374366
378968
587234
675847
821532
330975
955675
140407
705450
948117
126941
222456
42853
83710
769042
943737
659548
951267
323256
837005
410569
593223
828861
117143
24839
788887
22026
209877
843363
780546
580667
217729
159514
684253
409929
497398
15228
365604
154157
720678
313721
797451
943135
872926
881161
712177
816663
57061
663444
656272
894066
590365
249495
239279
707508
274334
28166
729535
563
871529
510081
97583
605611
185947
781836
15540
199697
797065
897496
870206
34095
211217
667657
977230
600495
65170
205759
933511
122231
385555
589783
532650
975921
355630
288281
683429
146316
316448
929316
146879
704329
439397
244462
309940
141696
542651
841832
857745
339716
739328
727952
373811
466897
911961
867394
67393
493484
73153
517256
132067
458709
107039
181069
434630
462669
469351
118059
608985
785799
47376
272216
6480
3125
33031
832773
661174
575682
674605
35271
431750
930286
763223
321913
913535
191537
189307
980928
201373
262461
498184
333440
237522
121575
514510
672152
584244
983861
306563
709581
286012
870291
498150
292492
389769
47533
125265
50943
623215
316223
602566
54965
246509
882142
376878
160044
73679
82538
657325
275052
344999
671861
124844
582521
793437
639354
771025
894033
623215
593940
119967
909227
464232
134469
718072
854001
182002
843337
421296
805217
159560
23862
376534
922421
906004
269764
82466
496035
352302
256143
287439
213653
928004
412284
312526
237793
51638
599903
648179
191206
193844
768146
616785
658076
418967
334857
28429
600969
694547
449725
922538
854107
989939
815424
292881
412296
85188
891699
424683
953843
147842
712123
683848
592198
640759
512727
346344
208749
112630
994523
399955
306474
279021
533093
964550
697988
384302
509331
815309
78849
959056
737847
449309
465348
69623
742190
877644
671163
633889
302327
625006
298083
530802
825207
406633
171561
337934
752977
380311
450564
747500
296618
273391
542873
346063
754293
757213
730366
263625
572522
325567
222681
826721
291228
204381
896344
549770
82025
567508
700011
900705
708866
998094
431507
534073
404728
603069
388359
157705
983380
355276
421558
796350
628667
480783
142414
382960
237997
389132
646585
810519
714699
385619
153593
522280
590000
49937
72050
188378
133797
772062
89083
842664
286508
520590
893089
691236
640011
281449
365294
623391
636725
303204
936094
265392
783987
78508
164704
538336
467640
811290
865208
698691
713261
18801
220971
303261
68738
809374
491639
202536
581436
580722
561552
384296
617665
454641
75533
257676
736090
957179
397420
889167
776735
333514
670911
560722
928374
835616
99059
912366
646906
964267
127409
876519
499420
348381
179780
84510
674107
187772
803398
771895
284846
364950
156191
418863
335944
231724
676540
72034
705255
73960
477554
481990
923826
148465
559065
368552
984081
174476
280918
147339
655095
408327
23858
154515
273060
719991
239025
947167
424115
42424
719062
708961
923726
391606
127825
259670
139682
320717
848057
844938
911029
325611
326928
834855
990428
402345
203407
974510
576821
677
638201
231916
925356
662060
386431
198417
898403
141809
661936
322518
700585
897351
547831
624311
288957
192008
400334
428639
512725
764743
789929
423754
606706
633210
774961
597134
35555
494720
571644
612377
11749
726198
844293
937106
904610
747077
135523
803013
888886
313811
641883
589471
727514
189714
730134
16471
898075
130468
961463
927152
411563
751392
867259
18269
384602
642220
615404
936510
653293
703400
548887
665042
429598
909532
602148
334208
656609
254023
653573
545495
84187
295456
651318
811701
1523
381453
344525
899598
28273
305988
343102
439837
573732
210361
458106
474687
368934
589862
411197
22227
293263
960084
203621
722861
385968
805770
573422
42578
576145
226995
104425
660332
522452
755744
472034
40327
653549
816559
456277
198174
638899
799379
154363
212631
9741
612470
203670
378675
718684
614867
400902
11947
91303
604523
251161
477272
926645
824583
36202
502791
51578
140627
679475
90382
412723
667861
130709
66272
772
586986
264447
639671
386366
935162
368655
396107
63984
572325
774782
782669
187193
692036
794616
794848
812911
45777
272120
255909
870360
308322
275052
438291
965302
954527
528673
378025
622389
659383
960650
623161
762721
741449
779185
149087
676611
147840
61546
740596
236517
352680
523265
423710
561068
317881
218559
373980
880011
7031
629889
266723
831706
904941
705014
797008
375820
233688
175033
514561
409423
652035
654075
688496
393484
433260
837584
70096
97452
415482
810692
333969
768163
333957
274032
329231
168190
8943
219563
564553
15974
365804
831277
364032
787097
536291
161040
162918
286331
852426
193831
212106
504461
847906
900603
414298
797518
254539
484394
411322
186373
295086
745292
954536
145395
535676
800120
829937
544619
19683
394491
76945
901840
742120
440978
688937
794763
118370
368207
597447
487148
562039
809553
507962
926297
226508
922260
723816
997399
406654
651490
183773
218092
913134
654661
879839
448810
454781
709776
509781
990817
620619
586727
892657
879091
544057
97946
673855
662427
466154
271302
665928
28193
597207
173890
470842
340068
96150
711010
337467
19156
362501
521240
753600
275635
175902
633439
240798
147035
859567
750579
654204
996539
337306
546861
875630
397715
644808
549485
60143
627314
337139
242423
655507
934347
416313
642701
274415
28815
353712
128234
564323
716213
649475
317923
991848
341729
467714
232646
5116
327281
499578
659321
840172
836884
722534
715803
750952
883694
781640
327447
511008
118780
569870
682867
569479
502535
325569
360246
531350
679281
488480
612025
395494
137955
929948
903694
996036
914014
652693
1153
757647
152271
176826
597820
505507
899360
829975
256459
299407
611615
100258
810415
246747
670128
9635
816226
172663
335204
176472
220365
530837
664953
832390
442683
319260
278690
346377
831649
192704
515422
349154
950352
184045
525980
64524
205905
941692
894499
978716
241099
506114
78975
567867
269214
749103
577502
85440
438119
429058
778265
174836
959895
959570
7227
402578
795182
802269
265307
626831
511326
297082
975985
461678
481127
18317
526202
203384
476362
420701
182101
233813
443167
777428
801680
712381
42883
895534
314174
481002
324592
608791
655839
284487
568361
179418
203417
363543
498039
468725
506727
9365
282159
999064
471043
763286
533734
513597
483023
10096
450650
665124
243909
893818
958904
45590
122551
1787
457476
436725
999142
782069
45516
171333
582908
130229
867103
786326
10125
365142
771403
516852
374508
53562
32268
845551
333200
566002
875501
816223
576098
326151
997699
336360
736321
956603
898302
858873
474743
355778
811950
473885
137847
857467
161570
720756
504048
28673
23434
514173
393815
794837
547377
768323
364751
95998
130227
697951
662000
5728
30527
754451
848231
544578
90811
584553
501182
989113
959778
492277
861243
771728
966162
999091
145547
644084
236199
649596
672757
775985
680121
66572
87174
743851
351248
451925
839849
481475
666228
18201
3555
213107
772652
368138
757686
379815
469043
775220
885280
428821
267497
746524
716902
750011
261967
862449
394095
14518
28397
66852
790503
224871
649776
394029
968722
1024
845954
324923
482499
28534
859476
2406
241642
148481
370545
515680
44648
839588
290900
929929
268410
74749
192805
501664
824760
971124
364113
735207
985642
908863
318411
292497
133734
968187
686526
618808
969212
48832
460083
968063
593718
319559
970470
351712
468040
857367
867392
29041
213307
674644
958970
998069
749393
668127
499733
90505
639251
863847
342064
141245
772710
660475
433742
906444
628663
636620
41604
114227
201804
501687
82290
311874
821246
569112
663587
805639
942831
47331
834680
156139
238328
310002
154208
504073
978129
653942
594579
133732
34141
936643
274977
806851
113471
225071
229647
742134
378043
271251
856361
579847
289290
455003
408073
110536
540468
588012
432527
483299
635344
783559
639438
390024
609913
793647
894097
588042
963941
5028
238126
998082
458024
513103
321285
571495
738174
550932
313629
116217
338535
686342
212416
627825
141345
620490
254713
681813
208502
203593
681465
360198
987152
320903
750222
597066
630902
160672
701460
594843
165700
939587
109277
623724
969042
430562
711571
223569
981494
541552
339786
836381
227894
68555
464206
885592
205397
718920
83757
413899
438865
765222
290450
426017
86126
557024
539435
233380
717696
757248
344576
399749
213187
453853
539825
182229
884416
251397
405798
382262
792949
261937
218644
537196
330492
199202
422788
535889
434474
506545
466140
873339
788120
272942
815709
874246
829967
355144
623978
64015
628744
968554
463764
841931
422408
3590
24161
823176
771339
946311
205438
80640
208248
940434
617836
55092
139637
556976
107333
90463
63522
89826
963803
851642
362768
779512
242240
709087
651008
866218
773103
279753
351125
753219
121684
773533
273161
662197
113061
44500
608509
318499
125141
816757
775286
742977
871850
431275
299954
979183
521738
879828
69009
485541
247822
948130
781405
6414
657217
432414
388984
946672
228519
740109
699892
350203
29994
973053
12401
143055
533906
620910
977907
659047
954019
269545
918376
342221
700820
734682
837757
738910
130862
423118
740804
895036
371248
522209
901450
544818
470975
806787
491490
699494
63248
707734
566050
93243
197140
578451
752650
731046
715713
246909
906445
186084
516454
824821
44658
733626
75856
882415
472537
206718
305533
213341
101755
193134
735550
519557
254304
722878
842696
262146
422372
905945
969881
988422
515540
683373
83225
784542
414419
315290
31452
320864
17727
64258
662037
62385
797885
737893
944800
270422
460964
766685
115
79071
476171
735665
114980
730475
974895
957677
992622
397268
379974
478855
902042
411866
162228
501620
196408
92999
816910
744212
413863
834637
324823
75900
897022
122708
330146
358174
909482
791110
124860
909597
870181
117383
161614
985161
847859
136510
459190
356833
50130
839164
352040
468524
251030
514268
970144
963791
123619
303407
708003
537482
654396
549178
129734
551419
671886
976232
425945
97720
767342
67157
523669
153875
184541
201636
655389
32400
338146
114579
905585
904628
470096
257625
373152
237478
288245
343297
201269
411864
646704
425625
465698
817452
974803
595432
368871
163042
571665
311169
777114
855359
378326
300784
9235
562867
502420
180976
111619
356918
811907
17204
261546
282003
791181
151050
35834
79426
494347
753455
7642
657403
179080
473340
474856
670236
585125
360079
349630
156790
187600
126744
528501
565927
943880
54088
645146
962652
235064
756766
319570
46972
290322
97468
845327
597856
248519
881161
193634
259218
150969
201277
432974
846401
674617
424182
516637
259742
300613
382619
932884
488214
25716
461386
54141
969596
515474
699287
932249
266891
972405
768171
830215
779080
865640
675542
376936
114159
73056
570570
889729
224025
288199
322703
70426
962817
746885
103416
738911
563851
486035
671796
52065
511751
649534
622558
997700
681360
321845
929949
948251
810603
698120
778466
106035
80112
970361
482971
710623
43417
569893
600353
783794
858093
439408
370572
337262
702646
473988
76173
266497
476376
264321
318562
504479
430207
941120
18531
627920
779317
464832
576171
589920
679305
870990
212307
759417
841351
695278
470041
401120
781524
586746
701266
155969
26154
71838
493231
728800
62179
85756
995297
54907
866430
313859
75738
296637
254979
94270
924557
550649
75454
17081
140569
754759
404423
869229
514177
762126
564507
500570
679598
862383
87316
380864
18352
113470
969054
511583
842271
547585
113692
837568
602492
980122
667780
194583
793111
922759
805205
234021
473408
880659
251102
130330
151771
655525
515911
665948
934003
596770
166518
613601
459154
253834
994465
477506
883656
479871
505442
725927
27457
135486
79848
146301
115608
747628
857236
908719
186739
662441
142740
176500
59453
910194
823182
211224
82071
339093
393524
16074
935863
76394
629675
395017
846580
140492
388876
730236
620364
410670
456164
164173
546156
52364
310474
178116
799992
684063
86835
986731
346504
745928
679583
922309
172474
502765
133533
254546
841858
43409
786972
777722
119803
933000
689091
966383
73492
594319
696620
210208
4989
669136
890733
67497
721500
717560
245613
37844
401623
848801
540927
264479
594729
220511
186789
283555
239628
836674
538101
81487
880084
841426
375561
999887
774426
581004
482623
364270
175324
179243
574479
180313
364731
981564
764163
602583
699124
9776
156779
100747
858577
697706
365227
969658
434569
68368
253214
674198
905042
307667
272037
301478
149093
647598
817718
923519
744954
300341
287790
920278
995936
378621
616944
877019
360185
381107
479602
59310
390883
636381
676409
249461
850439
557988
735471
285009
626356
988685
475559
47751
296353
747596
349229
445446
911546
166947
368966
656500
983640
173108
576779
495928
551729
193723
372947
911914
91182
852549
487576
482065
5282
163986
247878
855722
721974
983350
140731
348331
488387
616290
396082
784740
880238
261663
746539
791784
944963
631857
448284
928603
804965
541415
424532
356694
251490
797479
784960
342672
166381
272537
341090
171663
436523
105320
543737
674849
605022
200820
539532
93410
333462
451966
394502
213700
713630
141041
521836
658593
772898
970121
103548
577863
27888
44432
450909
279379
358264
235870
138403
524645
24759
479493
212660
461282
101166
272750
652483
706188
473570
192016
799598
807033
643982
194101
537085
357612
851494
58922
532557
140745
545395
152458
718608
89635
196890
685870
369014
555154
438092
23770
596151
462851
19615
325164
440485
120781
597914
92968
826970
71484
284984
142920
394869
445319
853373
448307
319283
704868
507229
851841
845613
568976
4299
80573
658611
717541
282795
543978
272696
720887
567748
385199
183738
587363
710363
624223
224497
308277
717192
51467
896114
518528
710739
807335
963847
564113
255642
283131
785333
279223
651324
147298
364551
171975
744223
23163
889516
27019
83493
678564
747906
167593
63764
447997
271308
774127
588572
495805
598757
305764
63624
494871
340645
774364
818558
820844
854829
74201
620327
156514
869776
788003
303812
234328
959978
564387
773843
365847
591406
857336
560763
855665
24929
624527
303662
296237
915007
892234
308395
30116
714351
372019
41339
571348
662735
859897
392192
517564
450450
528872
674078
320227
316875
494242
554555
793206
58630
328398
159053
166388
702086
719816
22053
727015
860696
842067
539604
775703
250654
847999
322171
481357
736371
363510
52705
399106
223407
961249
916671
673858
490121
107101
994085
323349
117696
64992
116555
692678
909742
275608
859066
611828
511776
397472
855195
372472
239539
394799
664527
6545
759151
986698
487902
495522
350208
56959
894628
89968
534561
327651
763826
541034
951105
274263
380735
585153
339255
497290
277831
248997
289250
136897
377177
801027
534369
232372
689851
290261
143523
870731
296806
419026
373781
301061
914548
723990
874372
325529
330310
925285
169532
94136
982672
636989
884751
363407
222142
224006
860698
499973
989355
149948
636871
366532
467327
687592
115256
157179
977853
775131
544262
791012
194158
918043
608425
625058
158385
482797
950587
488695
924435
636472
99183
907107
273461
983934
270514
495604
207940
131212
511929
713647
797513
665152
596531
264840
352745
228139
938371
846950
3271
998985
637962
197429
917029
762739
822487
75414
245537
289427
564110
686324
925899
663293
593431
199360
647228
380297
694964
371520
27862
723246
601520
825375
388398
714403
606567
741143
942543
61291
588094
945814
60276
742408
659595
977305
505148
482082
569072
267037
771509
649534
469713
213760
829179
63144
413121
992759
959793
624437
880632
987655
347683
482152
813030
736082
196555
935950
993577
655450
513593
98023
601264
573869
356784
260859
67527
861932
259294
152951
645321
547155
802485
631386
760916
631664
210882
690389
624424
170675
314826
505056
158331
178862
503560
487713
431296
216467
423663
424873
871918
937256
522897
989534
27478
879681
766746
611357
257965
542392
764308
419638
89547
83145
51024
366815
231161
261906
57204
855585
432581
888383
876993
590912
583597
896905
594978
14893
629725
18641
439766
501643
472250
962663
7529
16080
358696
290627
627437
616661
833019
908097
552651
438919
991242
603675
322086
222403
381933
379291
594341
330867
784026
987686
438131
367623
400944
33109
382516
30669
51751
338634
48664
40353
301298
56193
56433
176346
863173
200222
309360
696192
624671
862011
651463
132265
982039
973550
354668
363972
869193
465361
211191
169571
969400
649323
537194
370344
682432
436062
401013
250535
774696
449677
290888
592346
22222
863673
768693
885395
580247
78053
97940
204918
456416
749403
337183
954807
239305
208204
318780
108498
189917
46323
278069
159317
695646
331615
46013
378079
767677
447026
628614
58726
413055
435855
651072
951630
815880
936117
353377
912480
530522
451317
117398
986939
717073
970934
941746
956378
695490
776878
581229
401759
339554
375650
77429
35200
707266
123442
929631
991295
86821
74598
50021
16228
510453
701094
484210
842685
153563
837588
755165
684086
288905
388916
187377
522330
876202
645475
995061
571692
938706
576290
489803
278260
951940
567232
313460
659206
207027
243092
650502
810200
317690
216875
342780
344495
917969
826991
187180
587885
664579
942346
271971
469836
331262
459348
992167
207464
104823
987228
295508
43529
563518
301663
838141
31810
385248
151602
207369
108627
394694
374223
918827
228736
591098
261607
573231
25420
88598
276763
613305
269529
219109
885276
739366
66723
860976
731533
790539
482151
235113
602399
42033
314983
904063
880174
346793
805663
31776
554162
914290
942822
928385
833117
687910
35836
611076
777493
61256
216027
54257
674561
485556
789718
76189
741274
856442
937165
989159
163333
935668
224272
282085
977701
539255
702500
374228
402401
508163
406004
472915
422453
865179
917653
771922
69441
953489
382998
846935
14745
115377
901192
205658
117286
690910
281847
858560
63704
735364
847720
743390
671032
588344
25475
165086
643952
727975
539314
46353
236138
461670
519268
174943
843201
436921
946865
912643
906762
846215
759578
921507
477945
660770
127165
595231
868032
409012
970143
448089
660728
334215
191479
331761
922560
733306
496847
82864
461281
36161
129217
213771
14183
164837
905066
857385
118111
368283
770028
24873
214498
529606
462733
208795
706728
589898
320378
91112
515263
290522
539201
175991
624737
247032
24104
63649
980338
37303
146513
957971
73464
792082
688094
604000
473272
593160
461385
591383
961443
231413
132608
692294
277371
595341
901089
500451
701592
221468
591563
733207
28342
647117
909198
169431
894149
449655
233081
390840
486958
895946
348811
76775
204381
553258
680775
677653
146418
142160
785388
624214
889925
434348
316508
683648
29690
733949
184099
247634
955417
292014
980841
500111
939131
406391
669543
349633
856046
418976
256825
859357
314922
121988
936132
35655
675246
133259
713308
821665
791771
15048
445879
681696
449397
278739
365344
995439
12688
65795
243073
484458
357809
223914
984569
813293
630305
654112
679278
2704
73088
936103
862061
904363
58091
798193
940018
249690
447804
169679
71355
239575
184727
33586
437623
150476
312325
802967
145915
325013
385114
388988
809471
742923
612902
310393
72568
759560
964505
751846
762264
553946
204301
624325
974661
778745
938870
914679
28435
386674
600710
616142
142601
785438
649728
580224
935914
962053
899543
81830
803418
284657
987170
129242
543932
600073
439635
616501
359633
920492
884699
638249
990790
89001
262574
965451
384098
717796
880131
412533
620822
997193
28675
763423
782631
194755
343647
234898
673160
243190
833080
476578
44199
820250
122172
588131
936675
78159
720984
296308
998652
605684
450909
505794
211037
713483
471246
111487
947631
867729
524020
568453
864922
69047
331876
163906
263802
675523
398804
936962
435065
748236
929892
479264
568486
52065
67396
505162
646576
304732
317822
645228
910416
285084
151023
637805
998567
138621
749292
946199
6350
789664
514652
871272
858711
362881
35178
638865
38404
950334
92179
989822
698570
538424
469086
783409
590489
52834
804923
753417
873919
639097
398646
784335
924181
66021
938493
439101
720994
204137
385300
727344
993802
416304
114968
368865
779185
666499
524083
333942
616833
132614
840116
831756
671038
825554
615165
777879
878389
936440
531297
752308
575537
446295
52995
499719
28668
507840
938820
749662
228330
840472
477006
222132
773128
108326
107349
68666
774825
147784
918960
908011
280399
759076
739767
951437
584630
871284
729317
979371
807724
260614
248031
383261
223261
817379
399332
251929
841571
854504
1591
69901
694976
994949
808385
468105
103275
432087
53123
394453
579871
972083
302464
376622
731159
558583
328060
832141
429867
573729
327865
753943
350695
575896
653556
573956
909627
52889
825885
751199
907393
343828
821100
118722
338777
145838
586827
442052
577925
639950
836505
157796
128385
655321
50771
859544
213904
895183
208037
160123
468912
535902
914066
335959
111799
567623
909915
537778
620512
252152
288977
44257
595980
626430
162979
934757
772268
266158
893161
350193
422460
246019
24341
550845
417692
75112
926741
631597
970295
134779
791720
955559
670681
705787
291518
298832
789762
717785
836611
410274
486289
641940
970883
82269
784722
133863
533378
556990
916373
942892
423535
338834
188911
964229
889679
606603
39341
816421
754552
525989
951200
62625
997900
138233
284764
289419
437066
74526
523556
790029
1152
9846
948321
972035
608467
733044
622250
141846
290034
538624
601090
229922
877458
306353
194151
283489
912956
749844
616262
183861
275833
83814
246486
273734
222048
531250
79505
175466
605776
603061
481847
123280
129259
430168
95315
737727
163212
233918
395925
969599
772542
997015
199521
166352
303368
910024
966193
732676
659868
582456
432889
452054
666270
679375
725788
404670
726977
321645
96488
849105
441058
578335
972385
86670
8504
584053
824397
171716
817971
736674
141315
106865
733689
857188
789569
553409
767212
755762
286085
427081
854570
235327
879135
37193
914702
121275
441863
158032
959272
538352
7137
916682
633039
495875
3352
641543
79928
827749
329612
897899
80775
987279
521116
330816
844468
310685
884225
128032
582799
686663
555113
437370
921990
950600
474563
353044
588227
432778
511076
63851
487482
34566
980534
120522
530441
983886
278417
610369
327988
608029
24620
408763
595309
545736
739580
439777
372773
140157
567809
955572
826820
639275
392942
265162
106227
383857
618207
210807
816636
645635
274658
304118
680201
255192
940992
210642
755431
219410
337363
599771
827439
361983
8534
422748
424071
264466
378877
313196
920976
463039
268769
747796
618666
178063
529311
724893
561921
147518
452052
378557
309505
726711
199027
989707
498255
656372
716701
770038
875782
54065
369809
219573
416048
894696
642322
356472
159162
537551
669668
596490
516942
938437
860639
135608
632853
389950
376854
194774
53820
828906
89683
363325
555617
288710
353032
570225
461434
69734
340263
337216
640151
710073
556790
572551
604769
715464
929023
280283
769367
115044
393126
286310
569833
253765
421918
202686
643715
798772
397460
697535
144031
487143
577212
699648
292206
446597
786225
753640
32683
642841
607209
672834
352914
163999
245385
474035
395815
174409
270670
165182
805805
663796
451492
375638
917561
389763
578325
77628
704887
975785
291515
848918
979281
868728
64919
787839
315325
851144
541479
348008
493985
148688
20842
363251
829039
782579
353638
741206
956988
140661
906389
279145
804457
874233
654784
238371
263996
233109
832351
968884
725246
123867
334154
704527
992595
399073
492366
307920
250218
550198
172280
260555
215238
709474
140159
44278
492053
493797
301836
965394
634458
208225
244539
955268
598811
899323
709991
862807
132432
542342
348043
857679
182561
682198
78558
175156
81271
87277
999428
847841
637475
688060
624749
852713
397534
764908
413343
889588
258705
715180
854982
409516
439757
99521
881136
38568
998845
591127
417728
647629
649821
282123
21660
348735
480673
100219
523891
78297
703848
39672
926138
341323
727732
67239
710388
641619
832147
640084
531207
607205
871616
902541
533073
827725
2062
414209
382646
517259
521688
800374
164889
687861
598849
702901
36596
79523
319472
76840
157820
23320
116512
600310
880995
360596
667550
591384
518567
499697
747820
49774
623254
619436
952315
156327
447161
470730
86888
829807
987989
608576
146533
669230
812790
745383
372132
849386
824906
691604
926226
499078
231277
559090
99388
112272
436039
766938
220008
954606
782988
967828
520733
922594
587264
989400
595274
550778
460130
682162
896937
964472
807091
43471
150054
619881
305206
38538
985619
646464
246495
911846
145542
477772
987288
761282
590044
423327
528221
810053
894286
827561
777881
415019
750155
881498
920771
345429
948628
380902
543944
845565
861726
867387
405388
11780
487268
710594
50319
472887
873410
813166
901085
18952
290938
404726
780235
397334
344405
824808
207387
238691
652369
501621
170062
918876
899471
90834
780658
848099
988088
840954
210016
849814
708341
615405
377946
711961
325999
944617
701200
715762
757783
602286
734714
48721
523364
31301
962408
867769
856109
169795
106461
24830
187768
792875
460059
87239
883709
757069
451690
388149
598023
661707
237963
306364
277112
132262
534677
119463
76879
235877
835225
351015
354515
86292
916088
877879
117593
878496
745649
490055
564644
368462
31237
752412
161337
7648
356004
561399
764717
324046
465900
879092
985753
220216
185456
779217
352478
720133
415033
945709
472363
766610
296724
826878
852902
729165
704758
486848
607661
966759
493255
688657
335221
40844
957422
12910
48493
313426
90661
329562
153824
556562
208655
139578
293130
910463
435147
645608
146949
850180
107669
619312
133143
920746
446190
502397
649911
667300
505597
773924
634059
515204
462582
485632
556049
420004
14895
120894
249782
621908
450456
403606
694822
659111
59536
987952
569575
494684
633560
716524
861216
741230
335836
994359
661976
298378
13109
828239
965679
518706
602163
599738
33911
64745
601723
589960
1101
616618
710854
767235
238526
161310
170842
933349
336774
230378
921301
906349
241414
71214
622873
618983
328796
475061
613342
990772
773439
626451
335363
739118
661510
937526
855209
695421
518624
973284
801733
36077
589902
28939
803313
344780
706601
974155
794481
43375
720885
232135
949724
478652
303349
88949
97635
632145
80362
227329
139269
370154
853781
474632
625624
31643
928510
480833
727064
447134
454117
45149
483212
560371
74088
286525
905152
780689
777032
215985
824065
14269
448120
290141
492921
751469
895443
590556
899966
492157
817886
555587
862311
188019
546571
487936
219662
475082
485121
463078
438568
455591
508227
438132
15962
582315
724657
437466
363004
18041
653452
703421
32311
617924
509915
525232
369394
405358
632141
785712
897515
450027
857652
276179
154398
404223
764115
374060
395657
249236
353490
834226
221179
861717
272358
237142
960384
513368
190960
839740
531409
360764
543162
80072
978689
569429
121657
864435
974787
753798
650147
388654
203825
24151
664833
874575
428375
945300
248635
340384
710889
118477
174610
932068
980194
963321
685562
456930
476689
876523
296670
524450
237287
356184
604523
732328
925613
726180
596763
416752
996330
763263
321759
716507
787414
502944
591082
732141
448245
839717
72526
675486
958194
247136
607554
454740
726809
293117
911670
203498
685992
724692
244301
923279
597229
848824
171960
522842
91356
768723
455947
87686
531986
777706
320545
835753
797002
911627
567894
761599
267696
640420
437085
742242
403909
560992
713334
130718
854109
141356
850569
540101
866048
94870
979732
463277
460046
151692
502472
67754
436768
474771
671792
968754
252477
992337
320859
565831
903964
888754
327431
688012
45526
764516
430254
965787
325508
143588
96506
695969
284944
463427
752422
667344
74649
248507
130622
51047
916551
149446
118801
353319
624217
306945
838426
393046
815634
159285
958877
235950
564391
802660
923962
609918
83529
870568
575705
925389
14156
188563
621359
815452
168342
890133
482796
242991
138640
129770
294038
55192
279216
929191
408511
419785
752488
763289
812831
568122
922575
288061
804072
486966
90721
244386
613236
174250
114954
188942
99640
645462
893857
237351
460914
62200
127484
943711
305191
782477
589833
115582
837669
385402
561125
762532
805187
829966
525822
134371
398088
964749
422432
718513
968067
29505
479251
581304
720108
594206
286598
819748
239668
180455
573451
700583
242655
700935
160646
64199
999764
750479
696133
837433
135881
257258
116318
457421
87224
158492
591792
1665
123241
530576
236530
607660
560081
715781
188964
280189
309987
991914
616289
66008
172370
189740
282943
931377
407028
443589
995576
406792
710420
691709
760578
362654
465320
876896
820075
68896
35388
928219
70561
674981
458795
823443
282641
535228
539225
987958
331770
365564
496224
948059
431572
668594
654152
714515
599972
577532
674456
111900
500676
901229
803610
261254
780235
268930
654502
600310
337826
206242
44881
924740
397575
20028
748183
196569
555256
803760
700879
403378
169325
197103
351438
117249
865698
521942
348117
982022
99474
22573
93922
116502
440154
897532
377757
220389
682814
548611
337051
536993
754854
381932
461733
152429
918312
726268
865350
989921
530029
566229
393299
215706
763333
744737
332955
629031
783031
681072
127405
398857
219998
221327
515360
660152
635212
893117
880542
318026
958080
217593
371371
712934
115878
349456
381716
34190
75725
247066
24111
122106
813296
933763
337812
92981
194852
187119
238364
977884
384544
365769
376741
604542
103448
892101
781046
738660
301570
177940
573039
259651
911886
944410
488937
27764
293867
387005
578306
885944
150424
118770
8050
480072
52533
862214
573053
247385
565685
811417
225269
950229
693538
118363
71123
796986
526816
852170
535647
344739
30110
625038
120742
941996
569448
126031
486112
379667
513037
580771
265611
179813
699541
790013
659885
268426
168579
749290
515811
734265
77059
257433
684494
770597
892148
755618
83935
935316
124140
135934
280055
154250
760972
400797
612599
846773
526829
615063
226440
556218
195834
8404
736031
411727
314769
912268
680153
483349
661558
712317
217614
254969
486102
418460
541918
894602
690430
625853
829918
814570
761788
109974
485173
522760
510771
97772
369533
553952
229187
112326
110170
425022
637082
362553
836749
951851
274821
33255
435200
452731
261924
169166
707700
748026
103979
765970
158980
310761
391824
988898
125332
669964
615224
126857
192724
125996
740981
78610
196300
970168
707288
822823
395190
344370
185376
748292
812573
460198
297899
764126
429281
559823
933292
653334
824201
553623
419304
983181
864385
327480
488431
506069
997444
103656
632926
706521
746004
373907
301483
942304
344075
8771
765127
255618
869493
950504
520262
682066
927054
818161
446192
356335
377984
895837
9669
718537
449460
945326
701718
830197
272806
190149
336266
270251
293805
969192
976772
556161
859451
278255
498466
719879
803378
779945
975497
189223
730449
495759
871289
173855
830272
833834
530191
208256
246023
56212
926793
211835
517890
144863
42033
790697
851364
378299
577300
661522
863844
70424
217683
723295
348679
716149
443174
668409
496095
935023
857632
742896
947134
245273
916752
777406
79107
963295
502014
841482
535859
945159
53318
570102
90022
95351
360799
457739
990002
454451
119261
853846
524875
336944
93494
389906
569446
53020
58315
581893
988044
432299
324789
451530
677572
757893
228937
273032
237540
247303
114514
773400
192463
684184
343502
798837
779535
220653
256576
285890
675104
892189
139736
716331
229134
749582
106237
314932
802603
680904
896825
306999
113203
737966
758529
307127
495860
503818
580159
733400
751122
211026
23152
459937
895210
883006
258774
191098
103659
31703
476988
295115
923892
133076
11446
669378
882659
634035
984310
201614
314939
397487
24965
428142
135454
299846
735270
631314
803665
831781
881066
71139
559159
420571
47428
970722
303577
306202
161820
923589
854257
155160
218704
778150
288236
746503
963880
687247
380538
948191
405213
695478
345678
430178
639972
481132
730025
891594
628798
50042
723376
26217
637533
798887
446788
684961
769609
750365
507515
447781
673954
361773
119293
409011
656275
407530
155514
620155
611129
52404
84698
16343
747882
430377
446521
387855
427861
692898
279449
573012
742940
519177
115581
380473
834417
562369
65434
604026
829086
572950
568160
19393
451075
687453
428404
107350
611335
100270
727505
222465
152674
328556
755160
900557
275285
718033
804764
219498
410932
600565
792510
670224
636095
908091
567050
470512
986812
632484
590890
815899
721786
675402
351644
689213
362856
780048
796563
490543
396670
40421
713008
549344
368977
984520
966253
644262
702554
287369
863760
113486
887935
172623
300062
40382
597066
867112
510894
100231
15949
618136
432482
737735
293539
784126
943301
172747
564174
739864
663290
960844
296637
892651
26540
181966
877171
992794
826228
96077
280163
206341
209563
684450
895316
25978
241184
8734
893090
752078
108965
909039
886567
541447
163127
696458
325573
106428
869205
406099
846292
48847
883295
659282
941498
426188
841248
335022
418982
183829
431099
215497
906522
157015
416300
801838
182993
657484
810572
592435
925915
919538
501475
812482
977337
664602
508940
819263
771030
894497
225362
133674
943344
625010
792956
401195
51198
150557
252569
986532
334386
200020
202029
240908
873387
134681
42746
572732
792166
369670
165168
234433
805560
182995
563267
782898
847597
588559
602161
134979
483056
343875
785005
942752
485237
94314
860299
536435
244871
629220
522967
579257
829241
241349
820165
218980
376030
379263
791713
684548
748933
473233
918981
70846
656228
998600
370096
20177
587159
488609
671508
70215
832484
456513
529320
317722
67179
389619
370509
312050
18840
893477
891307
364433
651178
227824
583413
543560
607087
891478
228109
872373
881063
663442
459571
537291
662043
829667
73820
765554
318276
745328
835770
667112
718194
365090
501186
785373
271061
871696
613776
806253
281525
21435
170686
932703
249260
270452
992615
372699
161930
737076
761424
42994
400519
220995
96637
578914
50662
686810
344468
885290
948490
696590
552403
666684
578032
53589
968410
365446
441637
582186
171699
723162
603621
342386
172217
369233
612838
681185
741933
291120
418261
19709
334114
335132
240705
947104
914046
807719
633914
774867
693010
582404
987809
245413
765441
565842
815354
250203
931288
773344
348741
619339
496506
952362
961725
185076
837948
90915
866261
96233
382036
800874
115942
232502
136007
356647
695958
50053
680719
329872
341272
373729
428629
845434
135494
710422
411276
950848
960625
858916
724192
309366
994607
737051
778080
472685
438479
616028
563600
821092
228613
461988
621966
344556
210843
757973
217555
906801
324379
898274
753026
182003
272003
698007
27437
923849
408429
955065
391050
369054
330333
115242
194772
324941
368645
972852
797626
323476
105233
877578
660920
333846
339567
799239
194754
66762
73564
412310
973563
397943
310584
242941
96299
98940
940948
640088
22789
349377
595154
930191
234783
441839
45434
429555
766780
930431
918760
80758
770260
540345
958337
947532
874191
814256
746771
68946
881018
820336
997608
370933
734631
824544
613875
830930
923484
554823
471019
462626
420553
582525
392817
171688
24364
954603
117596
307497
401387
36356
904607
687999
576701
862944
635531
967244
193552
382303
552542
74570
202639
550150
961856
453622
374695
575731
284553
814531
646906
271924
793509
67459
370801
702679
239148
395165
657282
356744
219014
575021
909452
123622
263020
2505
986566
414904
486101
696471
797207
38644
287393
516198
105146
249249
969820
479841
824980
770725
810725
471887
42649
604234
55698
413450
306913
811198
324968
480548
684294
543982
571921
593746
667604
351294
112603
170523
766198
598705
866994
563405
637349
670739
595955
258847
919989
565775
738689
261321
852853
65766
249560
411854
186352
821611
825305
9618
632809
666625
490166
317104
726959
578439
427202
394564
929733
539806
81439
695931
138511
464785
775688
292212
135524
371643
551059
571865
453771
806100
833187
306624
871866
599099
718478
574571
420710
60135
584189
53520
243112
74355
886976
970072
169146
314178
880988
98880
853984
962427
794811
992495
427212
86852
801059
79088
458495
352119
650954
428618
158219
493
251594
546438
115944
970073
121009
536655
546560
705198
106527
789673
295905
993503
759745
465051
307681
157085
80283
161666
119512
391447
670513
63076
478299
471573
658516
453146
340044
825822
881765
498263
826315
133359
561053
458612
619784
198414
995267
682697
419964
101794
472370
232221
611649
748467
213625
919330
905552
293908
597348
541416
685355
267862
604492
680006
255787
263008
133153
595831
88831
531270
610446
431498
664629
171500
890110
800766
886266
401729
483463
306231
503523
472185
538452
115172
220652
752077
550855
642556
45986
148203
183972
247693
416065
304816
927700
671852
567824
60853
267683
173007
592123
878130
604506
773104
565982
10968
90222
452248
412698
573685
758479
432573
45870
813284
64098
782874
565361
614953
425430
127699
763156
125754
375393
695574
430570
303093
883778
998395
880298
667814
687754
988773
545944
808612
761877
628278
819581
368452
596878
748631
942137
355358
181204
504360
168642
761654
287234
250355
376607
712665
378055
656116
354771
269800
351690
785342
572893
751820
300089
969543
419634
987843
958316
481930
796456
236545
110208
132389
604997
707087
881020
63487
578797
578576
567847
263791
340231
855081
514146
716838
84098
408553
889306
438870
678353
757348
224212
767598
509169
524301
737141
928803
28496
211809
410734
824952
964707
37294
473693
86056
260733
354713
149543
839530
449642
717390
619673
789873
88824
650172
23063
172922
58725
428722
128144
253431
186070
352356
21029
695239
393009
274523
140395
421506
2684
67481
762810
483743
621127
752856
569800
881861
623921
235695
721391
73563
953086
857417
379788
558262
507589
402852
731184
566314
831574
375681
819745
533996
244389
357127
745588
637399
148002
885983
575257
150686
469816
854419
634430
90943
607275
720582
972804
747549
956277
210548
821112
425715
67965
200901
983977
575554
120105
231514
658220
468031
607195
994318
2027
851584
351445
747615
5335
15799
149950
96944
166485
619766
467716
317267
227062
591343
554201
199866
338892
510479
926766
160005
936194
994731
877258
436524
86637
513715
668038
744858
981746
275233
739176
500125
643169
606973
764093
164857
622772
914043
261801
305609
50162
729517
139229
277224
320861
693430
993442
659753
720261
436561
336110
656456
431292
729720
92980
34282
243435
277370
295492
741533
68955
34668
241659
712124
157993
5752
393333
297117
436147
655135
602726
2661
901004
741955
796237
221865
951738
789680
397971
671999
226241
250433
844807
173885
980154
937787
724519
223589
215157
20011
965123
800464
571031
723134
512589
729024
245238
905922
26141
681385
77409
145220
684047
978414
403527
480284
716631
355265
786316
114602
27265
528909
365036
872072
219147
861542
326212
943666
85131
57721
480030
566606
858186
51061
289740
887127
296438
534978
309401
838931
732716
386811
984151
933115
881577
904031
929751
598208
259296
232420
229163
802913
761329
110551
191338
496828
972093
33902
440495
573576
607975
436877
656535
466161
487938
946275
869640
300728
997606
179042
139660
246674
82205
640163
179789
963782
60546
625892
78342
319843
858312
823857
639108
135994
934408
346798
632822
422853
897052
589669
512782
505028
26546
169317
487541
514485
115592
357182
331565
629550
52576
471225
392576
134781
627741
572365
614915
688287
714610
209609
524482
572922
33467
679943
708916
484227
26741
341739
907081
923794
931408
419863
945174
957955
105532
432715
988792
221124
789897
320357
367027
842473
307935
759603
493606
935676
848321
108521
140315
562931
318131
664798
652205
867950
861093
361122
352177
887834
219213
775610
327980
666973
711825
789506
624928
817357
222222
130072
554834
12119
966782
921861
370945
274717
197816
864551
726745
562489
489425
867060
125420
807556
48210
293978
675506
909303
655100
544035
313490
390665
319646
157822
57638
31471
947329
198919
848829
169551
328991
920015
698022
812125
841876
68967
86842
556044
449871
813587
118534
939296
197000
760306
263204
761562
54284
938710
670866
225736
482745
500708
616401
318743
658530
190392
350215
122211
389311
715396
291762
234654
635411
506137
46780
993639
91456
133622
66035
541327
463562
184569
996975
176914
944876
260179
938476
515512
198889
125694
741249
197987
142754
874002
33082
317637
64394
899649
439848
453705
615045
731611
204712
766808
754100
251492
276799
845556
901466
342835
386884
365028
43756
383859
58294
988632
644039
513123
20497
359280
155169
278098
73619
297924
152100
106702
131913
216495
522703
571761
186552
137749
819724
391264
420909
573824
642756
697709
419381
60575
556896
322617
425603
600652
222828
250
105637
383219
29725
126134
258852
184894
404232
332471
999170
72684
955525
131083
289179
478229
219197
992084
132330
38921
899700
69591
612746
58809
283652
548479
119384
840548
387448
544987
441201
610276
61589
546838
993496
91314
189324
768700
792561
109908
101171
791731
182592
573049
439167
988124
567630
658364
980208
216312
697285
396260
802255
826383
455069
85908
891214
574453
926456
278662
635793
884009
405291
697382
947199
915139
305049
136523
683839
97610
762783
301362
889341
945376
390763
328508
933500
958393
986872
430060
691057
200510
342672
493313
26893
797742
95573
434460
372195
22029
229474
7988
422391
634765
221723
369590
549904
526772
22466
233743
624382
785249
51458
30075
730625
442221
358584
180477
916967
861808
126889
124376
578670
469562
617689
121916
783656
713262
556376
155851
251644
785850
163840
674035
936968
901915
43625
486872
428687
66091
236968
53069
367693
288426
599496
614670
246999
474432
795148
163966
336241
438389
288343
431263
424303
422384
553179
207959
651999
625907
363811
903643
928110
44003
94030
865078
945918
654007
351950
890957
720099
105270
460378
604144
910048
59874
218814
157048
534307
530314
837366
386900
968704
125709
818163
909359
548094
887695
117319
200093
513602
997482
620088
441712
557837
714118
306790
20107
368125
175093
911064
604576
796715
371442
208720
706764
431316
943887
380164
481975
474201
217530
868875
442905
343240
687039
352265
407686
574734
985936
124131
604688
983418
260571
46401
541255
974689
869543
561362
859166
44636
988778
980095
841352
360220
705167
64468
307888
649054
444632
789864
123256
178514
175091
82513
521754
862130
951130
445792
953216
937066
86275
74257
436836
346846
120658
494443
837887
506553
572157
697054
67542
560935
193501
908894
437507
898668
489714
261748
547723
450698
51612
187331
629212
743055
269844
667319
605186
737327
113111
74754
674393
199387
149011
627582
546233
786021
122025
384121
292575
694183
597527
360117
771470
791028
785363
208978
689696
791429
470726
753771
242127
38690
941102
871339
781745
727299
538658
903283
464626
168122
494390
655371
367509
159753
282953
430094
945775
921331
330567
754702
131866
928094
631171
903336
235474
932886
628666
441523
724315
99392
195294
482794
654434
652749
870485
952532
896400
925496
855815
877378
93618
866557
532749
977479
26311
332055
923925
488438
769738
254493
759492
901604
698939
390663
804940
934414
839901
433607
375937
80568
49351
87583
79714
220138
256684
950199
172670
153084
875695
28485
30462
969313
411395
79564
463144
437706
927971
387070
926144
697709
157915
685636
599313
856854
592651
920605
307620
948904
870564
199909
29472
919916
803845
109186
140054
60529
59385
312724
213614
451433
857561
760428
937098
785308
356344
400243
223014
284315
303665
665510
982024
461580
867498
97689
834786
460149
18295
142407
409053
888859
858668
954877
325127
662513
64063
981533
723043
639801
810609
453009
607586
184523
213437
544684
969831
569782
461279
192846
370449
764944
858356
868826
742876
725855
966515
577663
702356
501162
236422
627762
906374
95090
98991
231501
757604
679407
729387
996999
319208
539996
450008
443146
724519
179797
987830
694351
265931
449110
403549
152733
730406
261905
21559
473283
504112
988074
50946
722821
489237
287368
866935
911963
898810
965926
659816
656414
645333
389203
169765
480893
929200
619773
924039
653719
315923
911870
864422
98206
877332
267971
250939
607738
46229
272498
597373
66693
260573
648319
789514
266162
452039
656449
178125
350850
138728
354293
523616
784061
743497
693382
264955
672697
829507
705346
842768
145430
133568
707191
243637
10900
491514
494576
134991
537743
283427
248716
604437
60352
413388
910303
326514
865427
83105
20991
732629
221833
375284
256246
5894
635133
465980
787201
307830
295487
492548
666951
440918
626116
374142
200907
153369
382008
211835
804712
919752
495262
53428
524189
71966
466816
434492
398480
332244
517597
935823
581225
739430
827460
837471
261677
462593
819803
565230
286776
115291
574130
953727
72561
200247
844221
273468
869968
226229
1655
674680
145981
13270
728108
186522
85236
194925
137367
69
43521
171316
452244
624746
910747
279704
978570
688776
258650
798373
770358
545426
430016
344489
15505
502577
544736
376078
292397
931056
602307
294053
605736
264641
823675
333844
967515
908911
45121
104882
908980
88642
276199
877577
229741
703298
157281
724663
908426
932283
39388
678784
994061
469405
23273
9566
971982
84361
385644
780732
15417
504304
74785
137505
285297
414812
471350
252812
323723
32823
874047
749056
637818
666598
626633
867559
369896
300266
108574
794674
232550
147962
473458
742963
617367
13084
752530
105702
97445
654526
886434
629215
158830
477571
766720
960479
892383
754422
213292
732458
787246
603691
997866
425064
270289
624499
808975
640185
441118
917549
434859
190020
65511
424669
932983
199231
954105
201865
304933
51551
856392
191367
197118
531574
185290
480190
492054
77673
234613
221698
326483
538211
825389
324350
963275
95678
465201
288602
252215
906319
206151
203426
612691
788014
628095
545675
987245
582201
263892
292178
150104
120284
999897
863574
168211
701539
343764
660265
779212
94729
398315
105696
632940
223704
946398
112567
319382
411599
401169
571597
317919
123672
775023
446962
911687
919470
508989
898932
18023
772882
707463
684479
409518
707360
548053
577729
408900
408170
754346
704464
502899
152661
326512
652192
376365
272910
764759
212099
684510
165929
300048
518781
805953
591423
965743
717640
510894
474733
616573
45269
763967
324036
729749
173485
547748
794154
267567
473000
202324
538265
693817
705224
690927
536681
873768
583644
809592
638527
312096
10454
320808
612144
45587
126762
203568
527682
844402
230814
518767
977327
276083
282734
817715
5832
972572
881816
799987
240139
871168
518663
778404
564985
740239
985683
618019
614007
85680
427611
252535
397776
954417
89695
9920
516356
216457
729840
44038
577212
960654
562806
70891
753090
361892
888607
275274
334464
770423
75261
574603
157943
110277
353008
722929
850516
855043
340948
464524
940723
284911
233411
338499
755680
323106
864772
272036
55916
594612
832426
633128
71619
911584
704019
341061
273477
108978
616335
607941
395753
207949
182545
553697
318226
51905
792978
168742
906948
650278
149618
364024
451541
383029
702523
207221
222488
83647
995609
278404
194612
344387
427884
266231
255972
131903
123644
529449
757234
739979
137390
152987
947928
836287
706684
266154
404544
16014
951249
827845
666292
100867
191869
117833
249
410744
841406
222737
494392
353367
17493
689004
214107
445377
471587
470079
577280
595231
515880
850866
335210
169622
3854
799491
5910
226890
65645
926806
242905
533246
754651
909197
150466
946520
543383
150715
873617
901141
889804
368009
254509
423649
57013
468616
869026
44952
455047
962658
156535
970927
813525
491745
140549
817379
807588
662811
44269
873234
105970
287174
922832
860621
712724
73298
323494
256107
740365
197111
157248
146521
81472
928109
570170
654837
913077
439196
699789
368124
401855
856324
339051
215380
864421
995953
549111
672010
175116
109732
61596
281086
396907
984428
658060
625983
574079
497906
882090
314444
211369
555690
977318
292841
152
547488
947678
913229
986685
163819
281354
904892
536495
136757
636624
400916
132710
185735
589278
824179
295467
167226
621617
208726
151655
279677
834709
242086
293935
233151
72882
505304
305194
50200
798145
305346
597689
262175
218575
100726
425994
499929
5618
962489
636687
158594
879758
285749
860681
985388
626280
672500
152615
247898
881227
820622
43927
232288
62708
337863
981792
651942
843167
286986
702143
157665
108684
816184
419840
327259
916910
362187
343541
438880
841028
496580
113826
237138
298681
974507
222527
924962
647007
891494
689212
44586
712116
733139
793227
291176
587354
775019
459470
946874
578357
161613
104539
203393
977797
40731
530652
411059
919270
390545
849939
276651
887125
963765
513789
702159
454624
252668
143473
101632
144162
832685
662570
372630
82176
455797
180158
669531
747168
639629
132757
841877
801242
753648
45270
295392
310731
92275
706451
230002
482820
72743
506653
886298
36508
20442
104809
491133
789463
248282
109117
933625
80967
771687
822608
679495
743837
519118
865378
7357
158747
998135
365587
476342
751783
410857
288086
62515
19484
994537
808869
18657
67280
315522
421307
620141
852316
526116
627626
158131
774398
736743
91757
371717
24782
430717
51212
284971
949835
432943
292329
624935
431078
174268
101277
699214
101477
389363
278081
120962
900252
603302
655971
483885
435176
77278
104026
287492
119746
731652
445624
410496
984747
53733
782213
525881
802
349777
810853
950637
782720
619534
575572
730151
793802
193201
945717
411631
582564
740150
532593
999169
343452
704916
483054
778628
782194
587080
582472
901940
835084
544448
312436
336183
114533
611001
862064
115335
477131
189269
582325
776203
325155
157897
506354
635309
867451
968423
46941
966367
708573
95886
965536
568377
800803
448590
347005
99349
552022
445830
517642
903458
990278
346430
239641
621164
957432
618058
736499
950915
323679
318824
727118
165187
993074
749825
316848
376877
718248
363789
343244
943174
976028
825133
511551
293183
790075
374909
392532
342098
337091
426526
245556
843721
772957
1550
464885
246741
135960
717737
197656
975991
552913
924774
141178
62339
190951
458027
439216
425552
338168
298813
368726
830548
123946
396629
123731
914021
287890
32616
772471
624981
459142
18028
468703
232099
535930
449940
478840
188242
167677
192848
164233
720591
633975
305412
299282
824926
279791
738499
250478
134311
37312
135556
964860
677610
532186
88591
591631
336428
637559
364103
961410
96702
898483
946465
328801
950765
912757
323994
139007
80435
33194
303240
317378
667169
125004
616660
8448
404795
871511
775278
55459
425175
910835
20319
102785
959373
625262
210769
295801
262822
574872
773563
359524
989707
720028
204677
940472
149138
45023
79479
229573
594570
899071
63303
261739
24076
196315
786539
945223
67827
561818
682
493002
472653
537353
112140
948378
162616
322909
244179
941790
897781
17743
817666
403840
254123
538695
344312
403261
583719
940143
149186
178289
839214
728841
956380
863290
925157
742920
324866
992984
821090
325548
2338
810095
862902
114478
758473
541870
437387
519004
483660
851520
53099
817678
255360
307223
356373
116024
226836
940092
56167
892375
634733
411734
621216
107466
275024
62725
850386
116242
55709
187828
958143
574400
997923
821045
205230
272748
879267
642618
791752
879279
10490
844852
696957
782203
668427
53330
898227
411615
509775
470747
303990
144508
882481
441559
251974
673857
504284
618712
790100
76346
322892
748243
650746
320815
85640
855976
593563
481259
14946
901668
360538
541789
746520
57495
323992
414947
627177
222219
342914
136952
209318
646905
797813
91799
604816
566139
765657
109100
184852
72109
701798
507744
336704
868896
344912
422344
724873
454827
903603
256171
356495
780493
797960
619367
354340
638304
550666
981517
860524
893581
634822
586194
56838
432635
677994
661654
998774
960003
287106
699978
32112
988905
724075
885168
857801
68987
307512
99026
523814
727467
355198
396662
507960
669510
16029
862300
307815
83048
360169
684691
976629
994991
270885
33467
427626
465231
695121
942753
425234
498579
642731
973698
487484
366806
375218
345286
435793
682730
444312
475960
926549
315862
388974
434509
501725
921355
813161
325892
4403
173331
10583
981032
684674
797820
530851
112301
779404
742324
55054
720990
240904
214137
694689
728388
580944
69907
590026
533089
268990
550691
525401
195539
866553
430727
146401
884630
352083
475914
210522
356486
165597
737457
853871
850272
51630
901074
962573
831034
643399
533979
552024
884303
748116
763065
129043
845412
349325
719070
894854
618315
269761
420255
330206
652666
850983
992959
537297
719418
985226
264171
592256
150823
1629
446127
1095
53259
347202
480020
884293
506953
530351
952669
907608
794820
715735
36651
640232
65060
272073
535086
199727
58186
471694
46285
227205
839029
555597
280854
558447
540823
545025
667055
691646
63006
113183
692742
632617
976737
172762
33262
483690
219466
985932
907650
14286
701667
460653
654518
283079
732727
705957
482806
307265
694003
45443
50822
49384
601040
331676
124183
141863
393054
791238
833510
972412
904421
42604
605030
397510
731718
638292
397552
951184
624224
305202
965470
325891
765856
136341
125322
14935
358650
608128
838552
52653
653572
889375
102037
254612
737403
226220
912828
646809
533810
746338
619222
438232
305294
224252
352094
37012
378896
749647
504549
3121
571201
470019
845364
853409
122712
970687
384696
481362
95167
223249
50367
748739
628976
668756
519704
882731
411328
948884
529541
945139
211574
148763
899723
516868
889367
251817
70232
268263
517816
574781
787736
89018
561153
633101
942427
683865
120140
843476
681580
215307
66725
731947
480399
212053
400704
516455
94784
812032
465339
624325
757171
676913
289440
656894
710133
695159
425064
780365
963423
942880
871499
267511
548250
432652
900612
7030
632869
537104
850506
314449
752412
917231
46397
749163
129284
963453
265618
740420
291837
247309
881098
565361
440574
170538
738607
150707
382050
163671
447424
345473
622904
318923
129336
171154
267927
546301
178184
900797
83405
28690
215246
835817
462273
777995
101332
107909
257800
366950
848330
549638
130611
729428
631351
571185
416318
369958
238244
798368
49982
685669
660193
672886
4592
789530
844040
788872
335831
538577
689669
419236
567267
421267
771406
29541
715615
872738
137450
973415
756041
985780
39405
403004
231560
187108
974190
647879
557067
212434
446247
123401
414455
622793
796287
935400
412323
156679
724272
748154
695256
413941
683742
778876
351560
455148
808417
67175
844239
462219
556943
116632
964352
112700
519636
195912
299809
10178
843791
373228
222613
806391
496629
637068
429184
809268
88820
357859
482299
813092
622365
693908
227033
306107
472784
578594
277608
797553
162121
638199
259772
719064
754831
224124
348117
790819
420037
647926
800998
780180
537506
539963
102923
550487
693383
48459
876107
782204
406318
358406
595296
28683
568666
338682
851143
41450
433628
128751
355355
595749
766950
615128
831166
38133
355604
179283
828952
291993
343561
146302
72174
397419
686265
691449
947906
896001
739909
340365
678205
662579
215123
789853
207615
783790
128535
58758
341592
562163
187509
696948
674265
470811
312076
21783
508944
667680
717418
854248
959674
577331
551
548200
974750
203168
756001
439008
99169
12262
779373
293726
674842
994496
83580
882457
294638
728467
457567
636231
806983
645076
849531
997600
632239
161607
19383
141183
345639
736801
511783
821665
314132
28686
886217
805234
231855
158571
244242
847376
170833
539967
657455
362027
50815
257387
760836
345454
985854
218403
498037
309189
379831
347568
306789
12070
25527
326172
669605
887518
579325
181389
709184
409809
210075
111753
215043
958282
270324
459285
805659
957510
515604
979466
319537
566420
236853
596726
428226
739059
815129
926263
48249
194961
790183
355038
723383
815710
197563
392989
703228
776888
574378
928764
186698
300805
556870
918093
259088
343546
377379
581099
301056
892983
560565
136946
975755
797418
733672
403981
52829
548801
846596
101078
260114
636779
456117
983498
968841
170032
892839
188422
463272
467217
633538
166322
284374
190408
84416
543462
533955
978147
640913
351363
387482
717830
488309
363238
31600
221981
283571
84430
287135
130168
185508
547249
766947
157977
47099
735789
328009
939938
440563
307634
923507
74101
473956
207882
264510
558372
267696
314817
52871
908610
182532
440354
626440
670842
319944
174393
409175
603515
258823
696310
733683
444331
243560
500631
602309
807011
752772
446670
746950
709687
754304
186809
783788
744613
394691
564650
302985
662388
395819
872209
87350
578352
312563
230142
249194
632507
404535
658369
236022
663358
871032
969706
624042
630944
986689
742703
437955
255813
189373
701257
965500
460030
888067
265640
204643
282758
830291
23980
461498
226110
896189
65200
804462
725104
295343
570008
357611
216230
744730
109986
395941
615762
596044
19983
246706
99085
762686
201013
871250
468411
902271
836750
928441
790338
102390
649436
589448
449033
673417
50947
675144
85958
116147
995958
811063
927842
82319
685026
660425
343401
311364
56366
475515
907408
76349
722221
522845
839035
439586
394095
823798
341857
747197
752240
132195
849588
401676
721644
814973
591445
288943
490117
677404
921442
2428
488467
365637
601099
689845
26062
944500
1210
82428
420015
424970
675129
658588
947816
30516
98174
341911
854314
440032
605461
606554
88579
455049
524583
326575
786374
116028
131870
276492
309784
53313
795272
798251
935302
396371
4449
961364
340871
522011
560144
277238
946981
751625
935826
411149
782141
34000
269413
152807
990384
874874
275714
595316
846275
800297
921891
632649
432677
570114
425493
742462
623427
220765
57065
75081
133488
61514
36445
990711
99877
112941
267949
46859
864566
203775
974360
163059
754128
243773
315866
260864
118647
591580
856180
481274
908229
294424
113924
340907
864538
539417
83369
4317
276535
656786
79398
926375
718301
632195
917087
818178
261488
185036
381389
642406
905164
355750
805465
175644
115875
637683
436508
750875
229264
292689
232149
653845
103465
862425
994752
484355
918195
594473
488672
711082
251260
84422
637457
485913
232969
554544
820443
494457
255933
201833
136863
161097
73935
458680
336741
189810
96363
773249
457037
841979
582290
205539
495825
202107
67964
490577
686462
986159
601403
691486
697241
852663
775908
851051
854928
525229
405595
675371
19686
661528
877204
672901
338977
467491
131581
192070
173654
227945
481672
630691
69924
580314
836230
82101
782422
420547
89031
468884
923058
690434
676723
620300
59449
968983
987703
914377
494213
393298
589748
513899
571179
983305
186801
426508
967148
834734
618579
140802
579031
100251
287846
648956
680565
640428
731057
979339
577327
820088
964576
500386
26874
641299
637038
86323
610282
624741
517052
104495
18039
623153
134747
105570
122810
837900
532079
89958
672634
150658
747113
251666
767261
551311
416974
964178
708091
664383
943518
285419
824
908094
785805
27698
549393
422843
630374
676027
563936
663778
780523
581975
286931
431622
203898
926093
269522
735977
532404
942156
402987
795869
710174
170248
347180
127148
134426
571623
307884
77944
857042
308708
502390
642847
336406
568135
582042
483132
244163
145978
146911
541038
244306
950194
972660
448204
392640
242182
700533
925044
700690
103520
237265
410865
273768
100797
54365
408194
672420
362249
2491
529463
670957
504881
688662
523716
73017
270705
523200
833532
933035
186463
374570
693693
653010
347230
141897
45650
589412
358782
487046
290102
462302
724311
217319
736070
825108
788037
660617
497528
150286
179460
26991
337596
200693
232006
861312
790062
19063
900864
623594
952098
87328
998164
162144
740338
345394
304041
785988
451158
662824
273034
257613
641478
513697
991284
893901
338805
779321
70870
352685
929608
250330
896029
267204
451023
128035
644868
757438
147098
62084
381032
615548
149412
379197
777692
406102
240943
598086
192090
208454
777262
981476
466067
418740
11525
457351
312641
350330
753025
383511
219368
682633
150193
115397
466189
117569
243432
627409
875007
906882
689493
256039
38782
355258
151588
816475
761360
908884
930913
469803
117338
708175
967631
99757
643267
979157
73460
472261
845839
826485
372124
65207
25470
522318
696956
491659
156239
456740
635420
31246
363622
841266
803637
402405
196524
471578
735232
474236
380462
182497
944039
14152
407024
428023
113909
50291
923532
187369
38904
769371
13855
411029
350931
39325
449699
564239
47337
605938
20980
199109
153536
900954
40375
957173
819711
236899
945103
554943
227488
841917
253792
171527
856069
660816
115902
969978
227460
39434
157348
266364
325158
687555
677393
192441
243232
127092
756680
806921
249382
777660
6031
402918
678615
46406
876444
498326
799658
821547
569622
27146
663465
823414
715025
519534
583
347280
5865
228043
386714
679565
494407
711872
367120
171801
904313
126704
815245
177346
933626
64628
955006
456009
983898
149973
502415
860342
648300
818425
198242
734274
361923
378059
74040
76949
413945
74623
940581
419810
302666
327295
615727
797074
555520
499199
485227
976185
625904
816824
153531
75882
397804
108538
531891
381703
258511
550658
758397
423163
369084
472991
673789
731007
367402
747830
324308
781348
822453
781241
717510
641472
108537
849590
954898
664057
348789
956477
156594
491045
773301
310126
566927
687458
935016
615170
585513
709879
165829
860262
133043
51265
333254
323184
298624
700656
71014
139285
998356
409820
920526
232219
51292
29063
81809
6190
209472
430598
962667
366067
921644
252320
192545
4923
939778
127561
620094
525291
837440
785923
385554
486835
353540
235160
810020
652164
452168
881034
791449
966877
290854
228328
199096
858498
257391
280905
864688
983216
227855
343707
865635
665851
112380
58180
670775
52158
185741
807221
93802
539533
109496
995708
26369
463036
230868
836389
115200
199388
233775
423002
166265
40982
651330
365361
899480
425073
162618
280521
924641
906826
140580
790276
572677
252960
364808
759804
305119
66901
567025
915273
606435
676521
910981
149156
139557
658201
985545
771110
373941
735672
710464
540207
776654
878146
421920
192487
819571
100891
989360
744213
7717
129940
50841
96746
382901
415650
856551
204372
482551
423576
119645
605338
616450
546978
754494
272359
721531
256391
559821
95472
992064
270285
635679
285070
664783
573952
477557
484355
674843
466917
228568
682560
113210
279409
295658
496111
211411
152209
700483
210315
92138
336480
332005
708588
399810
86500
497299
121341
342891
57121
733165
851307
327406
885197
652730
992190
459149
646639
992897
133992
629909
221465
332904
743119
17226
628562
239230
744990
297124
456065
471657
389262
308897
803662
614202
708707
890162
111501
346400
749406
684974
79565
117065
528733
964762
769795
37275
423911
416435
30172
74255
46344
251637
923511
789463
785215
68426
545045
46557
365550
517462
518214
271164
342711
321877
401718
51418
728391
29571
914170
477797
714546
993735
594863
243279
474850
881010
280554
898761
813797
310726
489369
860141
78715
929232
165956
380282
997658
227353
426840
363208
261167
945054
150724
603878
266931
552442
171648
995323
582014
85818
989472
812912
79554
100687
56191
554404
981698
853097
969517
795495
680175
975238
171989
275242
904471
854297
655524
902129
81651
82364
781690
859170
543771
448766
463049
327054
1209
634697
322377
99575
720516
828202
912487
316422
928889
485030
387178
426939
854479
873047
738787
534654
848286
427128
809896
269109
281425
981772
687590
879428
580489
985632
738599
124260
434399
718000
451314
435608
352697
290044
51535
589565
118246
480374
905987
563487
965404
293165
506779
819883
682565
761918
870889
47203
189046
197137
316312
986823
178909
520254
382604
759398
505887
637555
400010
940286
355555
851325
892246
708252
657721
943781
297818
292319
424155
720157
372158
905911
529675
878937
242146
212240
640855
113035
775795
346253
310172
92107
333077
5433
612361
715681
764832
118248
869588
164842
574886
225143
532519
467132
449747
706592
927265
263917
998911
351420
984075
371070
257331
30102
766359
15829
242342
407215
128864
18137
269820
955388
626596
602897
960822
755309
834930
242006
389910
704518
406848
964796
446013
455720
948281
895761
162312
875546
159678
161224
743319
660105
48646
517002
690207
815005
532832
448901
738572
661696
983390
8393
133437
126338
127642
94259
881648
962573
336265
787910
183443
259465
269058
629457
231537
217339
525218
393850
609238
201248
71426
352557
377706
636424
869559
67913
451429
402391
33167
706354
580440
16557
714747
713877
659248
358741
808136
540896
321314
660753
845158
21110
920218
114216
650567
668108
847908
692137
61958
457146
409737
649736
809703
787443
286160
679262
371709
253941
81654
404876
476647
662094
937785
707746
375971
597033
66488
700459
654281
904154
361212
499439
925264
797782
130008
92183
465890
977916
300672
44200
435062
710410
210288
244765
14205
496448
924027
385914
266742
522033
307142
259741
700479
244928
967488
592802
358313
33976
293261
12595
938130
170825
28386
379747
484960
158394
471930
950850
136310
288955
511403
571372
999365
721691
816137
529922
734492
256517
915837
1234
294902
222979
777327
995382
984259
744815
104536
342573
778791
914150
871520
233274
601327
899906
129373
86287
58301
117655
553490
194611
406610
64893
282336
922327
786584
614825
452250
521076
387694
368087
38662
682597
107418
815990
194331
608030
560805
298867
466955
855949
729369
338475
605575
330697
754733
251300
416984
813034
368955
970474
523998
775566
551719
322686
697893
338304
937511
150143
375732
325206
34582
414395
524155
658353
746737
718486
266383
823894
533705
249690
196195
263075
588165
318122
110124
859250
569422
43460
188637
938378
13935
712635
230296
82006
551673
444541
420310
489184
111037
312395
330742
145619
243142
854897
320324
989879
89735
103059
330125
623441
352749
526321
402868
457266
844443
29344
316517
930218
72804
505154
868596
603091
734141
615244
685098
285814
59785
621760
291350
170822
934155
622093
832794
693649
993342
153118
683528
599430
256178
530006
739223
608927
572679
142091
582546
933474
687787
899063
863692
760591
404217
248640
363683
654710
863884
565133
940524
923670
186893
748226
610844
637401
886671
443638
331050
880014
596757
530931
995796
369287
60937
735019
494566
633616
393462
77112
567090
81249
976175
430783
841840
896744
195775
721875
551454
59660
287008
8330
499682
473902
272909
110526
627655
159580
70517
958705
555946
667274
489636
551742
552913
66925
286761
47479
700541
680223
124592
783984
761472
100767
731119
119665
513864
926894
841540
581670
502906
644901
106353
2588
635155
379262
629467
262810
538842
699984
221515
611141
883610
227504
162883
436523
294429
965997
484002
511323
162572
608594
811659
440397
225714
542778
560062
255930
986024
917954
837600
488931
79207
943953
7871
714362
839567
637338
977172
894762
337322
715040
505903
220932
942544
185138
657455
236973
667487
657810
264648
830060
266404
76307
270457
8470
135437
346871
264400
121462
781177
618353
126745
860385
78658
650968
574747
918226
288307
68272
812988
141981
783312
835243
362914
725856
20381
536721
479181
687869
194531
743830
34281
977288
820137
304738
985758
471927
167961
766511
593389
465490
384864
236486
325875
463522
887454
416975
898100
692113
485247
711088
834095
268559
62683
197009
994415
83065
250082
473596
287286
960966
733778
321567
938254
70268
142657
440364
542195
826970
206875
651936
292460
108091
888422
134688
87966
292228
551663
986066
500694
36910
213507
334789
821821
276190
48150
332588
875607
298232
322536
679245
259198
56315
517164
713804
126583
659821
154169
185130
3143
877396
837066
295604
501840
241840
430292
589806
50420
498307
92224
551114
51569
822083
885903
873390
98274
934053
722330
490233
748638
44866
169479
524188
101181
202995
237993
744116
379169
908514
929246
382312
785910
282664
194268
287750
524504
140912
393908
574925
639219
486133
126039
690788
308216
528295
80530
922842
462348
802860
929428
727338
847727
615259
251527
465260
818254
489520
725729
197423
398034
171327
579736
700296
453992
774004
504399
494848
431269
898307
69773
70488
900792
712165
277629
725361
240460
358159
164555
219160
677372
93983
946499
41451
225594
714378
23063
43849
203898
265144
757624
118284
436472
853712
818580
406816
144069
322979
901664
575338
737639
487790
645826
154783
199955
923455
880144
956767
797967
561052
175927
991691
171387
638778
33142
396982
353156
572557
440831
73406
837702
714807
191690
790526
568520
526623
197342
712589
365954
99006
287927
619945
586796
450105
774729
303103
889913
654873
776222
687880
732277
468502
195923
903665
107280
745417
300647
976789
317974
257830
566547
672028
972637
758238
462554
541157
801213
659896
770098
683519
275255
58025
303465
862051
508131
78194
681507
398044
249419
457729
602276
981697
926231
798199
885362
549864
59968
702361
526653
377942
960191
93200
49971
449180
367790
512525
990338
685355
688774
276788
368875
964029
851166
672340
342432
359297
266886
23939
273693
516305
998021
392321
14354
440604
706872
899716
990468
766840
118429
33473
661134
78620
643026
711105
527801
527168
739983
34491
728876
428757
311279
97751
909138
162445
286443
251570
38094
69681
791862
828139
585986
789883
736812
116693
230487
960036
16409
737308
726876
134839
287133
388011
729811
930159
615468
773964
973680
871803
324807
702556
816912
636087
800307
726050
314884
603102
977621
869331
672783
769483
213822
775121
75718
950635
891814
822557
910671
424576
76217
153900
75767
363351
58263
321930
809862
190083
95895
783542
61887
420702
486098
395151
573141
802757
121202
404378
922211
615175
790061
594994
901010
3883
886468
976728
470870
294634
315637
897894
235562
391855
568146
827681
271558
142761
149612
81420
332844
761859
864963
911083
698913
351061
306235
272055
670171
427437
192785
592382
558964
982846
703729
459974
503081
590197
953054
490304
401183
268691
904550
153098
176898
989048
980779
964808
131809
646743
46229
464653
408602
911192
375737
107516
778605
198324
895923
448776
142113
605060
41159
701077
104258
744888
161051
607339
851437
630457
613995
768972
415500
34897
922070
108751
23945
902850
73559
155754
549593
119788
620408
474548
547332
512497
582064
325938
227173
994339
291066
369286
599399
332225
70363
703657
593465
747766
827348
961254
378223
957696
730227
793723
992593
652297
902474
16539
555147
976034
172293
621093
612174
309053
95641
159507
337902
194057
485445
565075
704748
776511
934361
820499
625089
521076
524156
734906
268842
867856
696161
163417
341904
426388
957141
334498
78685
375967
867389
150185
868353
39682
287630
480528
865088
899623
640035
719342
93680
641832
800770
314780
934695
735131
135279
559784
772560
659435
811043
41402
43643
507204
204820
385548
933592
678313
236398
528629
54280
103787
195166
438986
659821
482796
919514
41261
382419
559549
760604
992451
717733
561374
307231
652428
812857
442510
728565
585417
618297
539608
143172
178293
46812
864344
563841
496756
542657
316591
25385
113289
420378
220552
552275
80199
219700
471789
121461
118472
547690
882065
110923
265423
959791
934507
434204
772648
377017
162769
874418
511667
702377
17590
689960
265541
881934
770153
762297
424591
86744
304034
54232
507122
40938
606508
587321
776991
594649
225134
895463
658692
623551
522738
924115
583342
457245
358319
872343
350615
37440
746761
862282
256169
764351
552242
521710
646285
322395
800359
587228
925491
620746
641460
432613
178036
764320
536286
955027
875322
761421
366842
534014
384972
889581
974481
484667
346826
849153
357010
697441
886593
103771
559723
659115
384474
628317
697177
30759
467064
497537
134339
392555
634635
292151
341520
812671
572824
877807
284051
448146
155580
650893
498512
56904
540474
472993
541571
403653
322146
414933
617446
725092
518704
693522
384207
903178
321839
81384
450289
305256
95273
100980
697811
246260
393132
39332
575284
482308
433491
859335
446806
589071
26580
945318
162327
83407
418311
703899
487060
256810
635184
104506
498254
153889
798028
882461
573419
636220
480197
540061
941476
91823
641041
155639
338083
550525
711323
913367
32833
144814
289054
479639
250237
315635
424957
412565
399042
359621
632816
402454
132783
268000
506960
631037
938241
821341
29850
511661
973913
26399
51722
431741
118222
209115
587380
456306
759641
298704
886025
308826
959870
691432
788466
210108
7067
729775
139025
922461
605748
288193
324915
254883
556193
348227
885920
10787
169568
432122
38800
659833
458522
606874
91574
93096
815989
678955
549402
91982
494011
951780
400809
453881
643212
705627
663989
166631
951754
319366
89092
73855
607559
414007
328738
680105
278586
731011
690892
964507
163133
246044
624340
138007
852918
715915
231104
185259
911222
296858
277242
405233
248638
194403
375466
408202
900030
39456
574833
368136
358822
180277
441991
482734
110636
770730
162839
389223
501741
370083
353730
181226
616127
494422
319234
469045
726689
550338
654304
637911
847196
447898
559496
612187
642301
934963
20389
58683
490771
111575
426820
365945
291852
385163
848679
402489
155893
527870
791712
173986
897953
661794
355213
514080
156216
190799
499477
882906
741137
153782
37169
588333
118032
113018
716872
760334
47981
737262
819017
55104
848837
762189
421049
657041
147353
786081
59530
819598
313951
367594
509937
211905
545740
865150
242337
701957
572301
741815
101215
313438
411949
654736
418123
529981
767754
134996
806667
815735
388610
625685
387191
237447
904226
808241
410840
51579
110674
470371
871178
424625
354317
897467
152882
900058
762617
911572
118367
334918
653387
219582
164708
581688
874318
99183
628021
158425
234179
434689
490512
139141
60374
877704
376588
480952
685945
787429
532532
312971
774152
920062
737596
128469
817529
406831
544879
96498
318403
663246
947768
488142
399180
112476
69830
789851
728011
214203
948276
962191
648892
438788
101332
225618
316492
994273
706571
518789
298054
239103
831760
588558
675517
85709
233379
493046
492540
778259
105896
327295
957857
53664
815437
357038
682492
401619
663241
410503
615822
611517
889046
781067
566657
506731
6685
883150
17356
713256
918291
831762
468711
266404
420320
144228
352113
170051
153626
361005
948310
775874
204652
422520
829538
20089
779558
28382
938060
959151
955238
70234
570668
844284
851301
137325
867367
857987
536827
884723
87595
971471
716485
72659
237875
653157
733239
106340
823209
886866
983697
287871
662740
188349
710391
8631
724790
6301
553365
662850
965452
508603
249436
52472
352888
100738
706150
736607
475077
242977
621331
79024
730800
854168
151683
485027
23678
884923
591367
846887
288141
575064
134758
467233
279765
361502
992216
4555
367803
545582
183757
333256
54185
433194
385728
923425
50284
608230
660033
525361
367560
797716
120737
98360
168236
272421
583388
191914
673696
691107
38801
478189
266172
689912
945422
545937
51414
937639
66845
935569
999573
250602
785177
53758
683796
687258
493536
734080
295488
153569
775793
663048
467637
896531
277761
635873
685304
861149
827788
875352
552256
382941
353541
334780
589205
815315
397070
640619
752954
463915
92541
268879
714517
877718
322638
914666
81328
816174
648746
376817
486095
940892
556217
953732
353775
833978
589605
555431
695127
933745
430783
763736
316687
300676
614868
905892
115991
11938
62864
385298
475853
671757
654177
706723
65827
493167
621389
147156
309341
786487
523973
311788
727379
80190
265520
81154
430521
371478
152937
125648
305223
583720
405736
138262
884396
20605
560507
516740
32543
139723
902038
24749
811480
72567
731472
877307
565735
869213
24463
875076
655700
64788
186865
383080
661331
968737
980586
91852
340215
133524
733852
161791
233596
139589
816405
634345
676546
376912
151085
709089
32987
569475
250190
844467
642042
981662
721775
207777
367227
262590
599206
22928
327379
302423
406008
505062
271160
902946
596914
127728
36470
330766
805871
270067
986707
622276
420764
663253
515541
571849
888695
548528
657676
138885
909348
299718
636900
147475
23848
4127
410065
623054
27055
253796
925477
949415
758858
712989
852362
872124
357069
888832
719243
162940
675251
705950
301569
96015
885556
333462
184216
774251
398342
841892
913136
307690
657963
66388
455165
681811
70516
381583
304865
613923
635379
746694
563339
910590
976035
932053
782714
333105
337237
18309
12397
12489
724260
313966
624856
609816
163780
325425
900419
562123
167317
813555
869813
825280
396296
841331
23443
983164
222914
844660
597087
374645
591354
676778
285235
567390
608831
584302
416847
946069
602611
429244
474910
843223
259563
616118
453039
423343
941543
353458
985466
625213
683366
371632
966845
596014
212963
990289
579178
952229
834949
176265
326874
942656
853044
612110
26398
978227
196412
443245
924296
315375
388841
915558
158599
648404
531677
127990
71748
989572
997801
573566
614785
681167
461550
97983
793533
674513
604624
372711
143094
439573
548976
469969
898581
918372
82079
924979
412952
794843
884576
853600
626570
273418
769159
785169
921822
817188
913160
509922
323112
910961
599841
937898
108480
61391
552233
902013
252257
156857
274724
395351
112782
340052
381672
11364
774777
463751
936343
704081
774946
337272
557681
401517
610690
843192
703038
48864
660380
616198
558787
983493
43511
674980
437743
668343
252723
989976
570356
504980
663185
361432
416684
775967
217837
798356
787331
508966
778460
240027
213047
69758
577299
770728
987627
704341
613921
690666
753205
790653
823216
828344
290498
383080
19676
728241
51423
272400
234569
621780
777380
414106
499564
710416
190074
717401
508773
493757
226367
803585
250136
439414
873343
343787
726495
860971
564480
856768
67989
317686
647421
891205
662382
937920
274285
682059
182513
842061
954459
933435
463841
248191
347541
479757
958608
53967
197159
983733
64077
939878
787318
830565
895645
660661
174353
622140
37984
255185
478908
105973
572871
642681
513531
751606
580601
304168
950017
279467
146229
904476
212902
126422
669019
76795
606180
627627
647115
803339
127712
711192
259569
915030
541757
155214
92044
232462
777354
646380
487648
256262
752354
576871
415296
782237
844829
995897
86405
794846
791716
748987
215674
520970
875409
884694
597766
481589
28673
244881
801280
156386
472425
60850
587768
530534
216064
196164
279349
509771
842545
766997
282385
111251
860220
697681
893488
705050
209931
496245
16248
1647
245232
231923
522618
636994
116617
120384
634935
661642
881617
436216
334380
870394
13418
922149
400928
745834
118313
680277
255605
960858
963626
54343
72109
340199
752024
481949
561601
961955
978195
577849
963603
739779
326124
2573
376773
442741
639309
528061
620736
37278
964277
955116
907672
494047
877265
824952
756233
511931
21582
528191
989141
501560
582534
577603
841759
334558
59552
919712
812866
554099
13914
292821
293879
340038
295394
187004
299132
451055
715065
919868
488333
195694
874984
396005
206093
268602
220957
962327
780533
758891
490518
286026
260452
73052
863629
618563
923962
439534
538276
253180
993633
552190
546001
803864
892228
357747
507221
191360
808802
222286
627580
297135
934333
18917
209492
140426
287519
946802
619105
584404
705693
109623
870430
966145
699027
734060
101061
139342
173594
639337
392522
683579
707879
454876
487444
116459
812623
994665
824172
137778
733303
451752
434913
183988
470669
644406
840767
758188
591208
459872
858944
813253
85848
729375
779399
301227
979787
880460
440569
669733
36149
833092
353312
744028
804320
357108
376839
616943
868125
201011
754721
601429
652764
705987
785417
639785
866745
142536
914326
974305
602409
773270
787558
204609
18997
83309
505836
998784
480121
462758
184869
32622
295850
538182
293002
100170
411642
669842
233465
279768
870853
504539
397549
39969
726878
699318
679755
593623
841855
594081
84280
444264
367351
871838
165225
386349
471500
671061
901485
951621
133819
86355
984244
946021
140889
793598
562543
552531
463440
312361
832299
334294
816900
229848
374263
543778
929167
570370
653753
287374
164451
738033
247990
48155
126223
413215
434504
597723
600628
852341
65697
250800
938696
566293
713173
79585
359891
792069
632117
823332
104430
980768
673978
437682
726969
564593
497812
172488
134964
667917
459862
815767
405950
707852
863922
532173
121067
814778
646249
238047
667120
711946
488847
122168
278239
202021
201754
154482
994090
350223
494166
614872
847343
168144
568906
574312
732738
583070
263152
384054
250987
723014
199821
173289
947218
63744
705462
584637
878522
868063
822685
61994
580009
311532
184163
374600
29905
902269
45435
540347
768844
539601
671571
616187
707746
240477
706852
956836
823547
970004
340890
590886
209371
540711
764175
156589
120807
469638
741227
515682
854053
80264
94028
950415
391796
278191
841367
938054
696812
886802
994753
465656
426404
666325
598196
650502
906802
305048
123690
246702
791404
464580
837588
775
521643
601764
673717
158803
587754
931296
190837
958159
11560
284865
908574
919708
79409
749942
857762
776221
153096
852516
241878
95852
35193
840074
262706
458347
661474
386396
705049
452878
367328
58990
970006
405324
177106
160075
564127
281212
91371
271316
239371
619283
556181
147946
538991
635590
414240
913106
411812
567336
281974
170042
663189
317167
526468
925895
775514
704294
828644
996916
157172
195972
572258
643530
601296
749364
319957
681775
30576
411328
953091
269947
546963
25625
934245
85955
661215
348485
515413
589379
915822
797387
275773
95363
630906
802241
537610
922772
506535
366254
436040
180060
562227
8298
339942
679875
757662
659900
878003
304590
587580
831094
90890
134544
856719
25135
736851
34287
889973
252264
140018
322147
566003
415792
417510
713261
734385
471472
152385
240921
837727
588426
937333
916306
113076
793627
112533
387091
969879
990536
691681
557460
337983
782571
208356
711054
324059
461559
745341
214032
230175
885360
536179
312530
301152
470041
25791
35537
941513
694528
792810
295592
282954
246495
728250
396031
40123
840784
783122
10002
347672
991155
83814
685655
290079
808522
913062
614138
270081
658403
344522
500256
60115
397053
812786
877619
867094
354929
429509
324959
49458
738671
136904
332412
985167
865154
244795
541642
222290
544269
67996
86315
535425
151811
288322
341856
960333
201384
472346
746767
376140
816868
247023
436255
213921
59810
830227
597367
931091
259736
438678
980549
998407
575582
829314
499926
440737
74109
557920
179379
134731
625917
265694
670156
294080
554017
528364
770765
755401
710
517532
131541
817578
764556
84149
547851
340718
914376
661570
788161
690464
100248
768711
205223
675831
598025
705150
632920
188486
779422
812299
323217
405339
594346
509725
215771
148363
38089
986537
420116
38799
20421
68010
372729
784977
152159
436932
642047
582887
98502
946561
273351
198751
715272
478574
390934
829649
700076
23854
18135
479499
352505
857705
884838
946851
883782
616962
95214
921872
603499
31683
477023
623920
99693
849753
925250
768204
286685
83649
351091
385188
30210
624442
100291
261834
619368
491225
91483
319445
31431
625971
798944
383936
28
200134
330788
883810
817096
942354
805682
936947
490389
282706
560868
590082
648811
2470
358286
451848
86119
225729
353388
632682
850171
453679
894516
469540
461256
502352
305337
492687
128323
104281
392976
128351
820767
240116
528513
637864
698822
334196
574811
189212
133254
652031
779294
298417
654501
653933
750265
256973
879662
103654
889655
246186
73685
300523
232078
534942
802875
537415
543981
931198
158048
936957
575901
978815
693425
104415
133031
392248
954963
707843
581460
604569
876226
877106
902986
530728
531039
169603
787701
927054
789609
193708
173240
863295
494231
921670
914589
297107
459085
974922
744657
617133
428232
836911
112300
121657
457678
245332
513905
412641
469527
611717
533562
345753
488824
952900
876481
536215
638855
180534
463269
428465
374242
152861
808112
384826
590883
722701
681933
49968
213975
942942
183453
642207
779853
295754
280217
237531
541086
794122
166524
10613
405840
216438
356366
411016
169338
749200
947231
808194
446086
926853
753011
336681
596066
561123
721507
186950
800176
919792
753270
14151
862734
936724
172711
158940
748830
452928
912823
806268
763402
595700
333233
685594
812138
205951
96610
497829
955151
560194
822375
917590
487047
91738
254271
599465
652861
492130
302767
969389
411922
56038
499892
791008
509114
188955
466300
257944
641883
379124
580564
921638
491176
913797
607232
819666
119748
220195
833847
591252
780389
172574
508842
783788
264312
763113
383253
433525
255243
202373
402914
183517
258411
902807
490877
767525
91762
957178
541821
249998
852654
122385
687988
343830
36182
295220
163496
672282
31767
997344
263534
812156
169918
772376
112296
434231
51841
11902
384108
823436
214275
787023
6953
472686
206182
497831
756563
814296
971361
814736
580646
824015
453473
268634
167845
6007
563855
847693
678289
595622
845037
941824
924131
531308
714200
36427
481891
766042
48329
865999
589478
778956
169374
112784
767994
375556
126967
524557
189853
98328
855645
770499
922343
309118
39134
606540
315125
119341
454233
993415
231315
815623
935239
671798
346931
165791
708226
345174
931833
272907
211173
37664
51864
380548
666800
819858
272456
793767
860768
978661
892095
232765
265513
330790
541884
820999
937330
857009
940340
907915
366776
688007
723538
818367
359806
586821
984159
584384
931995
432344
373643
659521
986360
941859
556421
653160
278070
828877
446927
138838
323891
855374
887955
589404
702516
429839
410403
639846
803201
867095
64114
169977
71454
787652
504697
431260
890826
488856
15644
339173
437552
905640
998694
423913
847499
71467
77073
125569
416697
40353
780759
740588
895727
668715
329992
598244
98554
256747
754442
418107
640194
818556
104437
711648
122561
609134
142909
529739
614342
674905
868912
51894
580545
383959
475807
428045
455426
552881
69966
872123
593234
850726
129063
5313
35793
459055
119909
134347
232154
874352
68807
872348
209260
173244
583997
848173
782378
726906
377912
913072
918163
763177
964966
15061
147136
440774
959458
118914
510007
29424
991038
103241
396502
120101
624906
432295
95509
744816
82995
844015
135520
151802
716364
344780
325046
300361
709306
623776
543619
603570
536848
978134
366747
501814
993195
30235
458940
952653
149150
968947
498430
656540
588540
894932
292993
213447
327228
904854
474615
410223
748870
610135
562025
465234
471267
403423
281947
180573
543551
341918
300496
596751
320052
667243
614917
829600
697479
73858
298605
362981
42805
797035
19521
147698
691968
312514
877497
535548
217369
352112
945771
966239
478599
24148
947825
949866
943923
746124
646792
487474
88042
947288
600577
924446
130883
215494
754046
344714
289352
52652
707695
848510
366039
727216
996208
58007
556083
390057
593555
773452
742169
55678
256043
220768
79826
720220
686986
540101
466344
333778
543927
70738
797418
144504
995184
444654
359999
265583
789368
165703
834587
497064
14213
200626
224280
526773
258634
780363
916830
368541
70167
175351
424220
842562
912471
20398
562782
599458
76852
545478
449588
620779
616216
763359
765284
127753
208013
125283
393336
997381
807338
227923
10797
337904
944901
235078
864677
719887
531793
297860
88429
118313
989563
29001
960875
902035
565751
40010
501493
642603
585488
467433
779735
201705
230792
545019
329458
438805
186654
239146
952539
993992
983421
963336
331896
928322
714766
712926
648210
762912
527138
252991
397577
33053
798344
358452
935088
880447
914814
952933
39403
16655
420367
819138
218360
167511
880509
64170
122669
67163
819668
591560
577507
803089
554896
909404
247763
786015
138682
412325
65279
182172
181668
462856
215225
496364
337660
150314
376812
252475
619599
416215
269130
39966
751705
3842
723830
632214
584364
846499
699377
404032
438059
276884
723473
509307
702640
971236
811674
357674
899914
876953
539846
81582
339809
755072
577947
677470
905386
471111
446297
524985
403678
231779
81304
155383
235621
805134
787597
336337
167985
3326
256721
122396
796562
980194
631703
15555
467782
443378
373229
367696
836683
913076
965631
176493
184500
543578
370315
89886
531041
816612
131223
934719
48391
728879
90102
800364
50365
394051
136701
218350
913729
909774
857098
226643
889968
5154
242198
874102
448532
131780
758151
801567
561208
723782
978060
745708
783712
864727
351946
314753
681339
999521
765824
246082
728401
855926
46446
295118
766329
699499
29821
680058
609273
886919
423053
15593
892073
665252
406048
856957
313384
164199
658525
390944
404333
152937
136652
704397
17665
4950
535502
699004
4471
301326
461439
249224
673604
24237
544343
439933
240089
574164
636343
849362
461083
59396
381308
869509
241000
787356
726466
554384
467907
384991
945328
872240
537929
598332
92989
71946
603282
144843
770950
124106
446169
748741
889682
636125
772979
434025
76058
13068
524541
712401
378782
501977
288149
760090
371486
529150
63798
614304
599886
531705
999296
61567
920297
53577
659899
529638
125523
779534
674481
412825
419992
120650
161567
309674
756775
450898
743700
349185
463966
784593
577938
842748
286570
866088
119191
174408
911590
699341
788713
511476
231047
304361
573043
667696
357938
749295
197335
999813
528829
871816
928990
948821
508819
606909
258495
781946
57807
518547
647484
38125
303141
225422
880874
106063
607862
516417
280472
519452
215758
69185
30929
963157
373546
120324
147206
247836
869619
344541
764001
398448
732709
692991
863621
757880
299901
638469
539827
357708
673368
703663
395834
976509
929085
793060
598925
53300
825829
879397
572752
557939
948582
120033
37449
838480
240358
184655
86316
109977
529196
850317
24778
778257
59660
404751
536138
359561
43220
592317
233622
716589
295980
145808
209450
741417
455220
808375
311069
797401
687772
883822
355340
152706
3855
392789
507538
760565
93796
110206
870543
622992
476875
411673
917602
536536
816424
453740
412449
859645
562409
646071
92586
374741
308231
302036
116158
279803
626764
427228
77204
830888
827402
948897
983595
347609
858038
7485
108175
951835
117692
978718
91179
594567
390391
8781
131103
206815
978873
543553
582812
541282
705976
191750
916023
530560
493787
548534
810363
636903
492114
403920
467791
319516
869169
967738
667125
727207
975224
291652
195394
92916
786722
802926
687483
177113
328059
334939
900281
306933
394844
999445
364567
100820
191196
796943
147732
201335
861829
474448
838238
353943
394720
822381
189811
263889
790120
373288
507448
765344
664941
702843
858260
968015
22121
62095
661481
350180
913386
561762
173465
308230
77559
538033
925403
785107
851328
73135
502794
229509
63935
341032
99804
458655
679766
289615
722544
469886
179255
229993
235230
360548
449188
609842
328564
987661
188289
990045
337841
101676
68159
511307
409906
662070
565692
335309
447178
933372
924797
949972
162881
988732
807357
262685
447388
487123
68652
686284
957009
247907
432629
708591
608456
398169
318433
453372
385830
506722
443417
723672
608398
27928
751331
534657
689998
317023
386318
137176
250395
311115
603501
413276
816200
927210
192313
779940
414333
260965
466224
887694
508872
898854
112637
633680
297023
947422
87052
199206
970496
46821
922878
95247
74749
674209
629904
281100
507584
16222
934628
757979
843690
538129
687607
659890
465339
879920
439830
396024
140885
906054
800070
166109
321260
429059
799790
134636
376481
403194
333842
346978
966368
773072
442225
557469
963633
588481
838569
471217
604703
773198
745548
448393
311327
949507
624635
293019
345779
64465
205395
3016
486872
521818
169125
324484
950877
485267
975472
843711
404814
309314
190689
371182
598738
149266
928651
78723
737747
283573
549940
342450
56771
811840
307196
884450
277699
448183
693821
623478
29001
415569
626494
32225
937387
311972
356709
404616
313591
332182
248327
718405
157848
439016
605939
272939
588282
50943
351662
842381
334516
417955
701184
391287
229795
8380
792089
23847
972915
485911
647325
1916
901480
790172
34141
838867
618496
907203
759835
932087
239385
8163
166845
913585
963531
772784
186524
68166
823727
54539
910547
158243
472494
611731
65882
218641
136463
857972
242488
109379
860235
406166
111295
761715
712690
661789
116934
331186
568992
876769
779625
324729
401284
946470
238314
364816
719255
941191
432982
59334
512082
859881
733930
984576
471613
316164
719569
608076
690488
478410
233807
550723
884576
345103
312438
113618
6892
945724
444804
92236
822494
740781
416965
223778
687252
655279
104946
922859
112822
537928
498545
624904
397810
232475
125832
385775
64992
361754
510203
755480
840164
744011
306204
241092
89114
618642
354710
612358
564367
315866
704594
903213
56647
121559
643343
743899
293190
748290
183110
922365
802570
681656
63621
716732
430483
705806
102507
495475
67560
612711
250956
907724
356722
557160
148816
962188
692154
19878
90898
256521
335744
311844
676086
392391
949755
319430
652643
759297
584072
835753
681662
386642
33761
261636
103375
464245
967442
722234
959720
551354
851297
210676
975430
724371
284188
640598
202911
976343
660476
293809
749216
996220
605653
425303
904963
555408
261085
557606
314706
845157
909712
512720
231799
943473
290708
851526
924070
774502
90113
883791
325856
941410
610819
301286
665782
895008
941884
868693
387703
602360
678855
136919
114932
800860
78574
19896
356269
339659
93854
187327
701168
3566
216399
932968
463392
507108
300846
387462
281610
390959
271253
123819
848722
398425
425105
30856
809785
883342
415901
713840
2054
94756
850759
633339
411969
445686
653235
768238
785345
747089
471917
2866
267008
204668
935834
730400
711776
753032
117862
509739
660344
905468
633558
509066
820245
58663
56274
146382
458357
988527
860222
976764
83284
710981
610103
11605
673019
263338
296195
974717
526779
768112
977583
793787
972780
429769
40539
200909
182801
674754
710648
843145
580222
344206
868563
916819
919221
441189
63201
377579
429717
923423
870695
29353
150756
480798
40958
823776
744136
337153
798493
787267
621617
776076
97407
594397
205845
137946
311658
904998
812700
22306
264496
909274
882864
649411
342445
802086
90601
405646
696017
36670
845421
566712
66023
996178
47510
623333
336306
307998
960486
134799
611617
582103
427227
709024
692852
149424
363323
520863
54422
176023
543169
318918
601650
426034
484682
944095
744472
575283
866094
440489
611953
711515
523553
194328
707693
571063
817661
560351
395413
294499
695150
7030
392954
638729
232407
85806
788153
595730
606669
842576
288105
666191
677846
889755
608577
162528
350203
353049
254163
216297
793538
382468
927812
317091
93148
151858
404506
910809
712209
316271
721660
923712
839653
114614
562441
72060
200421
350595
667790
323442
709523
955896
505985
903721
362003
114562
582602
712206
467611
353117
928503
777501
735586
372668
610944
345086
40878
15450
255896
269439
848073
977556
193151
687727
92171
271945
759787
808944
138892
427578
648738
364767
899826
154724
268488
261829
785638
367442
974036
253250
720560
418891
547103
972498
307911
158048
317584
348789
689850
89832
618229
537924
583741
327732
225651
192264
599677
501790
517560
738569
929368
166298
103336
345546
837374
888177
123728
623013
255619
614116
392615
492531
33007
456070
981381
340919
130470
298966
206060
820321
905150
824289
874597
488891
152022
100248
681155
751699
118390
198715
6621
47759
881366
109957
909657
235092
514486
33385
858105
286458
647501
767072
778989
196861
739495
276723
537780
869965
92041
260192
690286
997191
84482
81235
2435
752856
697835
683590
504555
816226
398658
27528
380337
796376
137486
289994
31468
168324
839732
405926
454782
487233
689350
750124
200446
428845
26847
254578
298811
118888
514771
505449
632431
599253
586685
634866
352109
284520
318457
373016
100746
233467
400545
481083
29843
54383
287430
61311
222707
127162
983589
193842
130747
672940
943966
331194
101785
487165
102124
916948
606053
616895
422398
238484
732500
525435
873351
84609
326307
708160
973978
943406
457979
890875
940841
487822
461610
228271
65485
200669
871785
49075
394511
518885
722015
854829
850079
340152
341994
952203
257101
948047
85451
195851
702884
817951
237638
92587
418913
563945
800747
392891
507351
258726
800118
964545
262900
261728
192816
328385
462397
580954
893812
856909
99839
132179
711738
466270
472332
53733
934825
245785
518132
20276
957988
737368
838228
195626
829955
257141
275923
147054
166384
783275
922132
966502
747820
185032
228230
456988
29770
206979
37942
439934
63888
137781
572114
291979
604051
560798
862064
538877
806583
380196
75505
280923
633917
913733
476549
463872
687226
752472
610927
369962
52099
49411
852816
316271
234444
597398
289612
780566
804378
327554
220500
384618
981688
792614
676597
102091
869764
538661
157320
192699
435210
232826
473622
69127
662911
950171
49351
866490
218996
176630
752804
787447
226042
605621
103719
460486
203019
393331
241052
7397
237237
977904
392016
735277
286871
584965
353721
156635
123627
27393
349335
75189
260219
822957
144316
439483
289481
710019
822325
508477
886650
575129
812276
112692
697102
915995
573178
900122
825678
330582
423871
579268
824838
815887
830897
111709
917205
184618
268345
40832
212012
134032
632373
988583
473341
293041
944418
762822
3060
283095
787651
889710
374577
599928
2402
71679
32275
91932
488153
857954
938866
912025
953574
763705
244264
784471
391766
161469
969090
176463
718653
697454
310495
351026
686037
783837
644067
146808
546659
647128
429903
850663
53190
804480
450591
571945
876160
482866
663877
880665
857172
119096
792690
810746
882801
36955
111570
790919
714776
597012
967383
433430
294466
277878
784456
496855
578067
944876
643663
641079
108356
589919
491742
161546
394399
458685
249843
786911
457903
913721
667577
315076
549169
976619
642174
948322
529926
270096
739241
244703
867108
706624
678133
161574
500855
978941
174782
78922
440169
334797
236353
548525
924716
244447
226424
835468
703132
476267
138731
161036
906340
322660
992464
455509
299280
150990
920183
829206
421087
659425
590261
288195
882401
268394
966122
383256
763688
140904
978531
203857
475701
731236
268735
916770
975684
495159
752238
678816
487778
407321
356204
910471
729982
865020
882332
29262
16011
802516
374820
953450
461941
965082
241645
860694
749828
724119
760303
513516
381375
738834
233726
857077
986422
502461
290199
962106
513972
558789
157275
1750
966110
513479
428573
696092
894852
310906
241706
910863
629774
132879
380665
608067
97961
622310
468761
364141
862782
229064
877658
244157
484250
627736
617586
470673
130197
907785
432779
644169
466574
590054
162271
949037
619886
107197
645129
514738
418103
403188
941953
564229
536067
322618
172296
634028
461280
641057
998169
324062
386474
392179
84572
870724
19915
702158
341397
666464
609944
290529
826985
592870
396935
989257
541907
16821
96454
703389
47911
30909
106577
989864
595138
642644
828834
283786
793024
290115
924843
307545
130529
311317
216077
215101
182042
235992
433612
39791
418809
43556
330320
245794
152778
243608
751403
694686
260429
364209
398075
824693
911470
21004
814557
506608
663648
159744
790394
973024
966211
231590
280569
613092
59259
496646
828194
757653
248991
261806
797445
667800
821714
644117
429946
490844
887725
181350
185530
664507
545559
99957
489200
457030
637313
820109
479990
300961
979853
786737
790337
462416
534679
70907
75509
593938
83905
420055
351592
849248
198213
149037
33400
536279
309506
463347
27123
713584
644697
729006
378091
706608
828963
383643
679990
982629
203752
159981
283590
699958
463070
73928
162374
997749
661187
754235
591687
261444
174290
943279
110693
888855
608668
144093
425134
918175
607440
452258
148111
768489
181264
526202
475098
526579
909845
671440
509208
629949
347773
309151
846259
810843
899431
8634
808592
76970
279221
916632
338414
969864
376263
449107
858719
984932
593201
283854
419459
716993
252464
567570
485483
950080
610124
476933
476659
36321
148373
502220
666270
496147
327723
512530
823342
227154
37516
148287
304124
316737
64919
158890
802953
441182
607998
661673
942466
717551
461879
878277
434544
714343
445847
436379
664423
572323
429664
657434
608644
578038
676006
791267
590537
3729
303797
413879
230883
857665
78518
51359
690754
143437
210250
493708
100972
334600
671733
43438
52151
133612
921716
3047
364307
883915
955779
28730
456239
385443
202516
581235
479833
878523
372502
586722
398604
676299
516954
145840
50316
595472
197199
741071
738910
923801
234779
839882
774753
422864
399672
826904
556476
837740
346304
920783
721656
302083
465865
694247
203878
184733
275482
683712
579608
647985
270434
978213
840636
787388
124053
890953
382861
837604
632024
638123
761406
383155
994357
536159
806019
910381
879416
878847
748122
742072
799630
469778
560507
781847
680377
764385
966580
955859
448097
546189
120196
234884
524402
960833
538624
164807
851786
437837
2411
162
75960
763817
899669
586669
816329
222040
497051
212097
100887
245173
954169
416869
231303
514676
715068
911680
279061
681648
383891
243511
744189
504088
994747
784943
981273
533371
949750
833059
487561
952162
349573
563521
232331
249242
666543
565012
471282
163594
777109
88521
925119
247630
21742
672774
762306
736810
100806
557720
418458
484697
317583
679000
505137
312330
463943
486410
362053
930046
835821
849614
398560
185394
929488
147243
950988
112383
712256
938622
275977
5717
543495
717448
769700
565237
390222
48358
302047
491028
606078
720506
492077
440013
915858
513567
268695
896153
999977
147101
826199
352151
996715
741111
53897
442555
888355
4886
554938
116963
459860
347267
639032
3356
581067
408732
568593
971289
457091
870641
978669
579521
107499
987099
535887
23357
500666
804582
435862
16995
951683
778414
369146
464751
519525
939396
423658
924232
944282
494949
41195
920494
358568
196580
923850
939636
605312
8796
427277
578755
879437
922299
674629
503288
909398
210516
526645
926416
531450
478859
943411
999486
257273
828910
980589
776799
768306
404247
701031
228940
415548
258579
665786
774117
455159
589637
230105
576823
598433
657382
155579
994222
579681
346560
497510
5431
557076
540507
931847
604878
19366
391611
604364
276640
736873
584953
569791
21531
505553
270822
766823
921101
45753
432609
211570
500912
538598
441675
594088
653383
615410
266019
647605
195091
612579
661467
716875
686007
201974
165074
290885
737693
73037
895250
14333
809910
480203
584124
831441
502108
371298
114616
423210
933404
547226
634780
950668
85824
76456
544756
255560
691866
810775
903165
403309
939706
80985
636536
625713
799311
801611
432951
537004
874648
328201
67689
200911
324756
168165
548704
826865
55816
663321
766427
989220
726899
401207
939888
329075
994015
484645
584635
202233
811772
4153
605543
751479
85138
758431
893544
884449
560042
326495
937806
951043
171048
5495
668306
12157
173661
217010
839022
229477
396683
605449
218697
123582
523008
674937
452658
517024
159582
37293
235609
487707
557798
841152
755538
642936
115936
165434
43738
675978
491930
981544
143373
179330
987039
811679
191487
677052
545042
546861
422881
941725
668662
157930
581660
191671
832868
34318
225047
508802
587963
460656
512861
145762
818161
268399
305050
934097
433834
348788
126427
442116
330332
786153
621446
833724
114184
329286
27128
659226
876147
966362
117304
544810
124292
698964
252833
473512
249634
477880
498667
353949
454888
11528
499711
273049
279928
804762
723498
230114
669902
849926
672230
516587
636079
810028
350311
750263
139314
893791
925842
15462
860153
559498
76624
500798
258462
329457
490662
24448
807337
505681
378397
262225
517210
394461
51627
313490
199223
775125
59956
385477
141403
732186
902064
777482
58566
768727
44098
197881
662519
486292
729695
39024
45790
806319
56174
820604
135776
63189
845052
459465
568870
739801
238042
86080
134262
289669
915922
849837
581147
975878
235315
722550
224416
137379
16385
282983
906107
60483
997216
84978
546775
726911
640354
592565
49582
696529
413169
185358
759718
774573
161175
328588
514374
399217
931021
164989
688887
846943
14826
786386
822822
766493
508936
563590
903873
525321
846573
326332
102156
360141
927662
648931
87052
568016
757848
652986
264545
687369
838344
540615
461942
515871
385556
492669
915089
316577
657658
120328
679872
188836
906714
19046
955330
415650
582637
375555
457324
945562
218239
559480
305704
145901
208412
392756
713917
482612
562095
494815
169982
400439
35430
631924
432663
937338
640945
347752
253915
298603
468080
933788
3792
374794
469186
475474
306796
51823
851029
764120
997386
585620
323601
303090
247873
48365
212198
961790
530977
774293
972957
700959
691085
524740
849236
123748
462078
490181
471500
232346
305137
455932
682486
308929
830726
151672
300755
653874
719848
668136
417995
717234
253756
741596
536676
501629
789961
265226
979771
320938
39520
952729
538250
246957
993821
387486
887057
455899
877667
358557
688245
699156
330841
370731
524437
677919
38756
825192
331793
758604
493328
749788
992190
747084
491384
528866
765065
797697
794092
744837
634988
349964
213918
173238
596921
207739
77076
483978
663638
471095
358887
868236
170252
689728
755319
694689
883999
794075
36234
215793
69031
529562
965581
61221
792999
973318
590087
558064
287367
900532
302901
922355
250496
33171
611945
363770
240910
689021
364100
904549
160117
722988
289137
846721
929068
44456
541410
813068
354884
577644
545213
423915
623559
510794
1489
416558
464
591576
490974
287832
8460
310228
210187
258957
343399
338485
139079
584310
27506
503179
5211
703975
742519
294348
550696
671588
855156
92107
1008
726392
186103
546221
150308
326014
573367
151797
742572
573832
259725
749899
861664
784538
60127
588203
559847
403526
443040
698926
987836
470547
202105
509399
174522
944625
320099
725219
132565
175256
333678
133573
901648
36133
196146
568308
878500
769513
236457
137424
343345
12535
887323
721361
797073
947450
825917
356920
350977
268957
572198
855165
255856
774303
364565
946731
235280
684664
671950
884197
376272
521980
17770
277921
74465
730268
362581
952965
499782
115391
90390
359479
127926
977713
597193
924999
441516
423110
798271
792493
208419
370469
647658
464276
661124
528575
411007
412757
213240
599309
296954
589512
637641
831077
383785
228458
561345
746367
697776
577479
861758
788166
453311
506036
282231
50504
947387
723747
989966
745658
32592
198385
632479
196603
179013
809955
725178
106372
739064
938418
705681
36019
44283
859674
383448
428068
88133
944793
690787
785909
38625
68897
90427
491936
574933
889010
542440
522320
129110
532406
784330
161702
247143
933161
358305
942509
259469
599836
48881
998533
538254
270915
34552
98889
130589
934352
526958
218722
879146
734097
520983
434123
802995
127762
926059
894280
16773
984851
932953
145883
33609
233635
823937
280752
683149
698595
223261
942618
298431
272143
941151
353037
59410
492056
451927
189999
426408
495237
925074
821906
229334
446057
256029
548681
90172
698440
959314
106945
683291
892267
769180
233252
125902
109469
514005
809051
808064
253618
268021
622847
42113
725525
492237
101523
217581
944164
807875
160341
955753
732949
498600
701439
695358
270981
766473
785530
969422
725787
408827
169065
618054
178007
402318
260308
287477
432675
585712
611893
202645
370085
751093
761111
95610
243330
862634
313191
703846
186861
989885
659599
919810
488485
877390
131521
759466
643863
917051
245240
369650
842231
930658
504056
20238
332976
764365
824067
282003
866429
435961
484648
236514
187054
245759
332125
946736
624746
161668
650582
811607
667905
310181
247770
156390
187571
379291
432209
347787
812694
193801
717437
654925
124459
221494
191516
973787
502211
15583
255790
884992
967896
256791
637858
671302
18902
969983
618038
643648
648004
268620
971608
315909
95153
219378
988652
799077
115021
937213
146864
927715
131014
864301
98993
255474
602147
290509
229261
620710
306092
1404
505702
790341
258195
143561
461643
277097
629896
79682
437098
794252
864654
408706
110162
959808
144436
615166
758885
775809
552379
422101
703524
683393
286402
318869
455219
404902
609378
200833
25612
431823
718589
47667
222164
493136
707580
200159
770233
853828
796193
723683
648081
660848
648741
274595
137008
309529
406113
412245
85338
958492
834346
305215
158237
637100
624084
129809
558354
233463
330642
100319
181638
565583
664338
920154
58719
371918
120313
345304
742098
432859
68988
906531
610059
234081
181126
747067
543611
587239
675664
628949
62083
26362
934164
736673
663462
74601
866482
738169
824416
713476
838488
6054
279059
502826
926208
337778
391096
562873
683082
133194
512084
268422
39726
122143
502504
737204
869210
46115
840796
61226
191416
902879
87588
641933
639552
751051
716534
22386
489220
540950
735862
844060
63356
14921
346886
505916
869051
737982
585141
68486
871176
97226
336908
427254
219369
355764
164459
604932
918231
5255
666158
626000
424486
753747
267933
580391
21150
500819
602777
26722
41769
338640
870782
621477
869913
217668
127393
738965
472002
712534
323803
859530
809760
660711
286785
29130
532828
451244
634062
967411
972851
816572
593411
913689
570319
861344
494080
591469
362163
613210
618191
920284
468202
5325
541761
338115
739345
185506
593432
211347
898041
917235
70878
224153
94299
357663
253283
627127
325259
403697
594538
814462
220270
187950
244503
306941
565646
738584
898411
444162
868146
32954
364446
336348
554632
422560
674463
293977
608066
784248
505325
506107
701483
92555
730261
795782
450218
499896
939261
291829
419946
50152
622643
156568
754454
867146
463509
320100
122082
878272
764262
990228
911227
645061
326576
465859
67621
517392
276188
675687
301640
781513
698147
519475
874068
944760
315258
840638
961008
254519
648819
380954
821023
271462
537522
575477
138609
1032
895578
260691
879304
176192
767272
306883
821253
610200
289094
888874
127592
565283
80914
945584
863148
779061
981412
737217
240173
296670
94207
201181
67541
743027
582136
888565
14489
636010
464042
153098
637042
875972
930142
32699
52165
697414
855934
389770
307614
145029
794997
951559
226664
875911
413495
89812
171324
394907
827029
411497
207929
921237
612678
275471
180616
711166
680388
195105
347177
660782
864556
500571
53107
794698
49622
621624
8464
905557
11394
832430
566938
806391
783989
793602
198654
713837
883414
886330
108744
226796
297827
316674
664385
426858
108497
845001
654376
305237
556458
1553
482371
421014
502125
535478
732064
68099
157102
740528
973656
684849
572959
56946
7592
873300
850548
206247
587137
250315
608929
212234
993463
423109
45260
657848
849967
153757
19201
20695
975346
92011
22249
457717
513026
40726
509548
761442
108825
666650
18323
598834
867851
591282
655780
875444
980934
22681
598043
84424
272996
206972
296658
782811
630081
341918
440659
996400
12027
976212
17096
987373
68223
555697
445090
97601
596423
954638
859044
221600
137641
877367
336786
5492
985001
992567
397288
482287
531600
995331
566711
804596
718656
863369
587407
865089
205287
544418
861490
217314
36982
394938
204687
621557
950635
166130
719159
63410
637120
94555
801362
291113
488274
138149
812958
473275
647068
210246
955562
178668
205578
38626
499616
440586
901995
603375
305675
623635
664145
167165
840949
701127
78455
561989
322684
545442
244471
558195
125204
881591
169102
926567
689057
657376
581068
502015
647003
744488
712261
118918
923156
434191
157544
939124
874777
59539
542499
696805
683174
722996
380322
40476
424123
458778
602465
263159
4220
363288
337707
645777
761231
506809
88696
450288
164186
669764
952303
327541
930604
180917
446459
370112
615108
604003
309236
6238
663543
368087
703043
863069
91083
83365
903545
31558
58495
22362
811069
579068
385650
148776
224845
146882
171938
313541
113522
852476
499657
65826
180017
430261
246743
626477
800373
378203
230480
109609
900793
410375
994048
603836
273445
85131
203554
693342
633041
262049
232057
444110
841117
617707
109239
582314
280941
281177
895855
394464
133653
911864
976642
313670
342125
739737
940147
142498
117940
686980
768459
535086
97355
762507
138922
887152
363990
858828
96847
513383
637230
328904
473846
994699
946611
583085
577014
743905
864262
989221
654721
514267
901086
631363
827937
243211
371100
284437
902062
5392
971417
670521
540478
585124
949381
195753
988629
829723
570933
85476
859459
208163
414380
333305
202863
877343
916390
296229
621248
297004
285450
275969
327623
186536
423684
155560
946100
794784
956349
848162
316529
444118
35035
857007
29243
500768
569112
534224
846844
140046
619700
706303
348209
34080
39608
67424
911423
472350
363653
49024
285706
165456
841345
613329
351992
265030
285241
814444
576166
241591
178958
892695
202061
213994
266055
747656
231114
835167
281880
77958
491565
901580
300613
839775
452012
856573
423551
363436
845275
787205
928812
130981
952661
286509
744310
821005
551539
29552
635450
644058
787495
330760
53105
989556
544754
835512
253565
292221
670680
535445
886531
162245
437026
187145
518372
405390
560070
941924
768826
405346
245481
213990
52679
198142
500500
796990
535499
568391
342894
687301
728801
646741
18062
781907
152649
562816
617419
406214
371389
804451
458012
257921
483049
411390
961418
517773
816780
37840
459697
101959
443186
705178
315949
495866
419672
332801
809208
955172
417545
668454
642473
146346
315195
660535
928253
984196
739704
62025
390411
627445
382828
848423
401718
865877
259813
363136
383651
76593
917329
359700
694904
876867
581231
10854
889085
517255
860007
698293
472427
277552
883099
631253
423899
714646
808140
868504
698843
64196
446881
89254
691642
829710
454029
93360
695587
230194
972849
595590
823139
406530
955291
518044
283397
52874
45250
172483
570129
905257
387128
558909
182810
270228
190162
123061
984874
514654
991565
683717
95203
438447
289323
786845
268157
259704
396557
480096
489898
885758
592039
313038
808640
63682
831082
92038
116556
392684
780873
203037
297941
168001
761946
480751
954581
468460
120164
455808
983115
111730
655877
78318
66529
461553
381515
851038
721257
294424
847486
211156
696535
439525
40546
505175
503207
387980
113565
136115
780664
894438
339153
78605
578792
101099
75709
49725
85912
195873
505533
585379
823955
677763
180049
890484
139316
561564
741522
860573
372340
105361
71729
585227
544886
628627
606755
564446
16607
720320
216913
797271
131111
556066
392229
709903
173518
467938
275980
259430
180163
781514
844809
4119
459277
24858
410955
114945
102774
668830
975518
991466
774191
563600
576694
319077
192227
699801
399875
208835
420121
616789
522458
67584
689207
914687
293839
862725
898977
569820
638507
595493
867686
999668
115964
843315
540878
526919
958260
160004
195749
933778
667823
969940
497378
760869
805370
205958
460670
205245
414793
880791
338386
453603
464728
27594
368291
758567
406671
783620
328387
561531
379113
196073
561199
495077
39388
618430
538349
514000
294786
734098
447779
962609
220391
461509
723478
542113
667467
184148
263710
598612
581292
602097
52216
46020
629691
936859
804587
552714
236831
649327
114245
132297
361752
675445
627374
401141
810227
682075
431493
105013
932526
879272
67623
152917
857134
307453
695030
524601
491602
958740
639566
589246
77189
691782
151618
706880
144993
956205
775947
381824
121884
890192
514121
483637
81989
657848
401130
892216
339923
832623
513582
272449
228248
581205
941718
85382
888658
636748
126335
896612
111841
765901
485858
189030
974035
637476
412263
119028
110034
704562
500853
748270
594754
531326
748259
676744
189174
149389
85312
45450
498365
598894
317899
726613
696451
775970
328347
101462
929070
454682
514426
40911
736936
516637
746294
710971
670465
674909
346352
296851
379471
363557
45122
490577
894883
793381
683673
600410
459123
768986
645860
957488
884232
480111
200453
580684
256081
528800
198498
185152
499834
712924
742415
236770
229561
5061
464094
900027
679970
810446
196878
575793
690355
758352
66371
585238
551734
750044
702000
527209
35382
347860
484697
919615
827972
685150
16651
600405
213950
215149
785557
230136
444425
527973
466907
190339
533034
447353
90366
729357
774151
803596
821502
464506
78301
404225
566096
146387
154270
268097
673596
706004
132309
158293
141971
960281
359795
158622
77039
90097
890123
862596
320233
334549
906921
303492
41240
956308
750845
647958
202017
41348
967906
23519
505854
46207
427745
588303
192594
98367
856400
382542
320723
988709
540835
462695
465343
416982
621317
542382
507079
27793
921330
827313
878694
344604
647157
919934
817264
398003
567892
19281
439351
535798
559152
461558
582006
503249
49861
290952
117968
906261
673495
438692
411322
730682
901387
393017
147665
39056
935399
654744
66849
373082
998409
945543
717686
645567
865477
51302
559922
949721
70583
515625
485520
146087
977183
583878
649337
543396
874830
767305
966009
64677
722349
377332
795360
623736
770349
459377
662793
222101
630473
245994
595183
628883
191538
829221
790802
573367
880523
867076
523089
467458
382701
524961
129897
876237
625191
779234
419633
16373
62892
901995
81051
785241
795679
392763
408978
82380
852140
588123
304481
482613
834117
416016
627848
542007
761589
935002
631727
158464
802078
154816
625922
701132
196129
755820
577369
821320
51406
513354
837693
114298
415349
435096
415892
727380
344211
341222
809761
196351
445697
114242
195317
279814
46611
339517
338174
808200
274520
969901
483017
76598
641069
108939
294082
837198
381111
871451
174870
948870
901158
528915
579520
832859
480364
995412
560240
824575
852986
370001
20927
298683
595
732596
578498
563558
72113
433024
888111
862985
402925
371128
455936
43994
480067
750018
397544
377531
137822
88766
326401
38980
134033
422273
388191
614397
417686
948431
438973
270672
834784
976252
85708
351732
225200
180558
915290
297313
613582
803401
676651
16507
690881
132587
576853
687301
882605
490749
64832
20427
95867
907585
575759
229900
329858
963951
844298
263896
428734
799623
50921
779871
292227
136629
131603
517427
833539
563245
331092
447121
882999
7743
979980
573880
140330
73185
261181
22936
563934
842365
559715
659801
266302
135475
889701
112513
99426
250351
892761
44512
566326
460034
824383
858553
596663
472338
375980
946554
35584
707073
393675
434935
714816
373655
525167
371499
446840
302701
910787
527126
145066
470502
186927
927721
605977
592981
40234
221755
359684
932995
266268
926011
393030
90651
784564
506045
562990
676897
452600
114926
900322
362627
66213
131490
736283
591380
502989
699475
894081
413776
226602
555500
884279
929881
483221
6608
39214
39807
228364
398899
972802
10984
841262
882184
617987
142178
904582
697329
819075
873534
812255
719397
236161
878468
850888
972444
986201
870229
188272
880282
284006
414874
952134
684637
861107
951707
691245
900322
991514
435961
299221
480669
446945
656835
362853
64933
799013
783787
762262
618089
657321
90870
853838
893483
485690
704726
382279
471891
574956
570551
868526
375314
501777
337012
59951
362885
288720
267548
263207
280234
703510
78780
760903
666807
735615
640109
248092
50980
940248
526707
669069
597570
617577
522908
7405
619619
743986
389684
607863
835294
476588
476389
210608
978365
329753
786911
857602
618473
54460
637161
898708
274322
232293
175963
941129
484260
332424
705574
535241
272673
232281
720662
870243
366210
759922
877648
502181
503909
783684
110044
855555
260272
102785
66164
754990
432539
369427
128944
51012
423887
766106
466072
214561
514751
642036
672043
999012
974460
377617
534253
247133
126250
771267
633728
492460
531190
27728
994641
35099
811413
104686
890654
588037
207471
473170
859379
156362
842598
504676
207375
782837
270782
673447
997399
301885
831835
669442
300897
806296
563411
351502
569781
689661
122770
719862
698473
653960
747590
693114
205411
75355
314152
612417
663393
37976
85588
39124
194338
444538
543800
918065
227375
330934
591513
741126
632820
423348
926920
933717
745996
490331
285220
832130
179992
407990
551992
878465
578302
299582
87932
783713
374938
918436
396130
554683
472764
998070
593807
667103
442608
137608
101520
186336
468542
693033
443814
617714
632734
370735
551432
895082
377418
353004
727212
73763
277346
279204
468580
855648
95139
72864
155713
470077
991301
551843
24760
464065
549914
134919
647520
508874
788879
749041
211562
773774
958426
655377
391488
107512
542464
459272
2595
919882
812276
729807
509997
89622
525364
978578
461622
620503
51442
617335
606932
42743
685531
631692
23161
751797
282963
670681
777023
71843
936074
988586
845617
894501
643963
237105
2013
702779
696378
4608
622661
25006
250768
649011
630981
776132
627589
92603
912987
679031
226291
519919
238127
428174
667963
777640
179971
950926
964673
956994
22769
900748
945580
384738
795249
105895
138196
313614
808674
350926
318223
947688
375932
85343
596699
6913
377827
740640
615869
290814
936023
358512
327085
690502
303038
995048
468142
483009
945974
432816
956355
485096
333564
418288
869834
645165
40535
524382
958779
365562
875308
793354
829602
251241
878697
942653
774506
772876
683293
906727
63690
619316
781591
390775
826171
84629
902175
294313
83990
364502
727129
40346
849598
577045
974986
235784
222210
15521
760167
697342
381083
635475
490696
210685
403068
885746
669690
693927
658622
352983
117006
722313
488652
898598
629440
314823
983227
47968
125488
583570
412470
368970
623916
262068
946015
115254
14204
684578
130775
774371
381920
28211
926199
872616
755248
845619
758362
424939
539546
933337
294274
656553
655650
782926
71503
801442
614101
571082
849410
739590
154652
261880
108560
294920
40300
54575
410174
54505
255505
540950
345228
637425
85513
271427
26394
840761
117047
301108
265700
172945
234445
559975
829498
406447
859253
901001
724242
473355
472084
90004
729297
143088
868237
837857
438009
908537
408784
848183
963042
664290
905485
308271
818067
990998
96050
360813
348112
729449
178274
130164
902395
929071
690139
731893
335519
65745
149247
576113
55452
137683
666117
784749
280771
534354
138958
235132
959244
547742
599668
922286
728384
505153
746909
62804
12504
359312
939969
360616
88761
118243
490780
991156
47315
697272
239402
899186
279369
388649
475299
334821
42684
657768
635922
839807
708475
774880
74940
667719
838974
674608
106357
567359
696113
369619
146515
708617
728931
86484
585585
817692
204728
76366
808849
768395
289990
564603
667581
569359
953252
659232
904180
512288
317000
540102
868447
541827
831334
943387
209546
670308
134347
315904
754019
346813
201875
900534
55430
930806
987019
157368
264850
708099
233734
73699
476494
40076
154654
660427
609435
624258
319659
29967
136546
153011
86421
4994
694839
917755
464733
420737
588063
115433
252993
858435
462246
454868
758969
34028
385674
262340
191396
650525
970439
941482
240576
963285
981558
395231
623712
107345
19489
459723
137312
672388
612735
223733
193734
307574
657840
658467
244663
762256
290252
497657
620691
752498
952525
379660
302879
854552
158353
494275
21429
645144
952110
778357
608430
450020
173588
748494
557366
709430
208218
694678
898170
820953
434764
91904
644879
92604
266723
889542
854860
556976
903551
991903
309474
856077
887916
612353
226981
46269
622981
248410
691413
91443
26767
816195
541463
716708
564690
98829
942490
772908
309860
840660
110213
744624
448916
271444
353580
715639
160986
724793
272615
580890
716696
98442
436967
604612
227147
180300
167233
366480
945062
858647
457923
971829
191194
515739
204889
755884
614568
663731
45144
924428
20743
155357
185404
469659
426801
55337
701651
104140
780130
490618
685030
13178
105412
638349
617791
848912
335001
785024
215392
280063
160023
189668
251892
351218
705407
973134
623454
836327
636865
668599
277108
657609
340308
462512
643620
283462
34201
345271
387602
814331
835890
588984
827510
457654
227333
961653
306566
562334
263029
521959
358749
939405
227979
126993
290623
449738
100127
430429
286065
253345
99028
563173
427306
955689
542038
70926
239151
576239
932550
626753
906923
284792
732089
250785
742446
475774
212438
49013
554460
991819
87324
913209
931224
831655
40202
738199
281393
140330
684981
567458
910027
784009
130632
337333
256050
189022
924611
495201
765261
857161
638306
672184
658305
370395
922969
400752
846169
651759
966117
400629
159931
569793
313838
607507
401448
354041
862059
682841
10723
547040
250299
437102
847401
897283
774435
103452
86305
215398
598653
367919
72560
236960
40103
247217
123707
479425
164321
969877
647536
130438
886858
323819
700231
200697
931327
618031
71090
793386
300872
598165
856778
67524
35267
704179
964807
326054
323983
567465
541452
922637
935384
130364
675949
491839
377582
316008
487616
541903
285885
135153
188694
172744
975324
888925
889793
906651
23309
960883
216389
324181
559048
589519
908057
110667
293699
872865
436721
134034
956682
978173
573023
892066
108538
765324
383905
486120
81333
871522
28023
367218
523027
216717
56314
498351
621995
946107
921355
161656
906990
137744
485837
982390
243616
910247
93057
537315
783112
529778
187701
739794
24304
760725
148212
132842
526049
532117
135314
607382
919991
163337
490953
959370
896407
547267
457722
34754
493375
379077
196410
916717
33173
198599
415460
276789
108846
24869
330456
408310
71000
34510
664456
95304
795235
812668
228146
321284
861138
363460
445019
297481
43149
935972
256852
455908
483239
714574
490662
492966
610003
203424
409684
159528
918376
341496
952670
27222
366365
799478
435533
437365
833988
616341
49021
629223
429010
277167
466860
806500
156979
911879
103981
716481
847851
360833
688741
847442
591759
695756
340409
718114
899180
266445
877643
817556
607941
346665
361131
490658
146143
313016
444376
496484
929357
493397
125707
358367
286917
108919
681219
960248
20798
785201
676729
385001
662386
365471
748796
254146
61227
605557
972260
476759
872002
366255
294316
996295
229272
171799
3305
891768
484815
447681
388252
414172
941079
513959
288892
227996
139231
970111
188244
676381
271664
381326
61383
934051
746797
326531
188197
324376
932088
676809
801135
320442
559417
611803
833089
305041
299954
836394
196809
784769
284076
585061
198942
225155
615373
4186
969503
754604
974297
157747
430985
762314
55425
8720
696365
318574
851603
400914
642950
783691
594075
960438
620485
669844
88593
453574
974886
388548
289969
171695
173317
574045
273109
888611
315552
404834
892797
285055
159438
383447
959154
106775
145761
14580
631848
358478
333154
999803
759392
976105
299847
869819
452895
920332
539664
57840
373907
514550
446388
180228
202597
136058
754273
992058
541021
586177
396892
950171
871232
72682
333618
830386
695810
995731
844966
327658
870561
178121
327461
146305
670578
143660
16124
639825
63993
72140
697665
954252
103042
660406
134480
305640
796464
405105
814050
853837
991282
210943
804008
378866
283625
653978
209252
979435
649709
570571
823445
36622
748692
667259
182927
935622
810919
715404
575447
391264
787544
273112
345516
890587
933518
996348
712579
246334
401453
526629
100172
909087
737572
904180
287953
537550
558159
13558
33337
724220
584129
373135
277195
849173
556746
460122
784795
884017
175526
876594
275282
963071
666058
620798
370010
115929
133499
82589
362263
51304
609218
978787
960392
346791
399320
764697
400693
473831
778255
434030
198051
878736
323517
475246
727909
880263
451721
29056
764281
143599
422002
39563
623022
88061
176713
993032
203990
310212
75621
82605
361517
684840
61393
838261
547983
977065
602958
948676
450896
897566
899058
648947
292654
222576
640546
20564
619191
608619
565972
383472
752218
987975
939387
375241
592388
116101
368273
796378
942665
960247
395335
820534
645087
456728
175147
193070
433793
294458
658098
884689
192024
73508
49989
484678
812436
206887
21594
431628
331858
103919
331452
84076
608246
270840
975669
200634
903293
860295
513364
362310
820542
908699
699197
465629
881780
874344
175051
831925
168802
349501
716615
877178
939361
282956
878209
268150
6195
416155
699778
854405
36426
547582
938481
644672
334774
430503
361658
754419
290798
875022
116730
627692
300074
332279
609673
181854
722975
301076
13779
891778
166929
246746
285308
106290
46054
679869
374440
52249
96025
590570
423006
132451
654505
361488
293476
989279
308343
655134
743699
115493
46509
376781
743185
346583
709060
869210
44789
432035
170286
58568
840165
337215
821667
641826
959857
867721
321695
334298
436323
417720
441220
859329
66524
95725
737169
360000
601357
45512
531486
345056
677357
577995
238189
936894
440930
463601
806104
485719
895636
492742
60640
252154
829957
882307
893980
306167
750028
215675
156817
702703
149748
598037
562033
216272
210115
299202
92624
811472
861067
624110
672880
54776
718458
911069
991671
159388
374670
797775
161460
786658
806870
738452
555164
153179
620759
965496
459346
887139
181172
616163
106195
847272
730553
668228
63544
940668
483782
156168
268492
861201
296630
941372
915978
15088
368793
907649
690829
259815
221776
368641
562825
28646
107093
634342
181826
244204
599838
157524
647695
781010
773688
753890
144634
20593
422118
208178
961261
422253
880698
746105
283454
177329
203829
199432
192417
88974
623433
399598
348789
845210
768239
427966
390208
875332
62308
88386
635888
662147
245911
283584
959509
535951
37474
104144
556544
975945
828674
34157
398198
709373
780262
681652
886702
984091
397437
595471
589417
20870
995070
938206
866080
279661
882524
256289
671346
944833
344675
307234
123332
106938
590818
82841
642889
628293
703337
715785
604238
532012
749942
2436
757737
46556
200440
160791
546999
597877
272614
136416
618748
784036
74622
1180
63698
473499
773821
735044
418332
634849
42278
58016
741787
633097
140857
901029
777742
360547
616814
381980
408911
366757
900768
166648
413313
617560
843791
476665
731790
116405
613081
350538
900442
204056
868070
964140
677555
641892
215536
95887
276741
257814
153903
534880
407263
811112
435909
185005
688011
569076
83337
96922
935833
500457
779922
865498
118018
623713
858515
849808
740119
471597
716698
156913
675653
101120
121053
353208
743012
336589
965447
536105
110755
635702
70986
518019
963166
23247
219376
651178
592323
302714
264452
44508
803171
44375
426359
437541
184440
284874
803701
440911
272823
36751
597824
948476
137872
235229
818036
397236
88170
783483
933342
198926
419185
520680
233297
382352
60279
452673
549882
168955
755387
814334
729815
74911
375061
156174
28804
75854
957401
348858
516765
746576
385609
630942
695053
39833
866171
513089
437070
954342
812925
886764
669620
748462
923796
902917
130814
500427
355590
197048
669382
627330
527735
399198
218593
419148
71724
763749
495002
545477
112607
528120
292054
14569
159062
503459
54402
25233
16548
7824
495927
345825
410940
681899
94288
851088
584816
741454
351516
456759
938503
20898
600441
466238
936448
819034
885386
8173
582783
896741
553650
211743
424861
362056
226312
583923
865515
797066
125508
398416
321243
137788
744241
248535
819687
838529
99624
920856
579984
451140
377615
34839
988390
978056
501077
924839
313442
902815
449364
412577
315908
519366
140672
740769
881423
366984
841044
263290
680403
482905
661706
517998
620693
405948
766533
440380
760829
382509
361236
340813
833649
255203
375652
338392
749611
393081
779583
579405
812249
228947
991983
128157
748313
132655
385279
629736
15992
226323
893027
212747
709228
71085
730745
846273
993385
13630
803006
754215
396140
680594
611380
746141
935798
987033
84533
201761
896466
864116
781167
708715
609415
773150
353225
357729
422157
738504
503817
954501
481179
913196
167248
706760
984282
414345
553033
977667
427976
872391
248234
824116
552986
859615
86609
5136
363000
171143
206897
259466
551611
988064
484534
161027
761214
354111
35108
699724
608967
538925
654225
90146
452122
337826
313258
952756
752171
866292
446775
180147
255035
695010
520615
808021
70977
607225
813157
433977
294720
20055
209795
362683
8119
210681
40062
285686
564792
75170
501762
690111
614096
672339
780258
582570
10165
93516
51678
762337
476160
498453
458836
731196
709815
979452
55569
780792
586677
868727
731121
397749
405134
940917
760432
929605
667950
800495
731643
749095
875665
233405
439206
6113
905745
735816
105035
915910
345685
156713
194599
338197
655167
653436
585745
881334
632888
641315
662127
735917
26394
393248
650018
431528
850517
410450
361133
34820
727297
92777
783915
119315
842534
223121
641780
748279
475290
746816
180542
820975
903529
375141
159172
75048
28577
744918
956383
177817
902585
134862
430086
928979
44462
80104
360507
894980
6907
237992
929800
250556
330769
230067
369871
689656
969540
11652
437935
444830
274820
618477
782157
694701
509971
457682
769750
54900
202600
242485
232718
105185
893699
179156
550516
938161
775613
911023
349493
298872
149015
795645
549428
996137
25712
435652
685793
511605
963656
640080
956435
754828
774910
254945
449529
284881
712627
219279
339781
431579
978116
88851
536764
871815
268008
87280
326329
559973
514655
192174
858845
180022
987820
924625
692511
529884
876629
378304
41489
356637
534737
514277
111465
309647
285574
560995
594528
998201
296626
934309
429780
274743
539513
482896
662910
323873
86528
505591
883846
601183
697766
259043
297557
201938
700020
990069
731822
576650
368373
289664
933287
903110
320293
44753
212757
605867
605748
323637
604068
902374
774299
550200
693469
313812
33096
872732
637685
119624
378323
37883
237159
592441
296926
534716
794379
996946
524785
42554
89948
409511
848570
23236
828973
168863
584341
41731
291082
190089
881720
411502
608815
656019
961702
818637
486183
511150
207721
640220
630774
586044
678103
384285
694838
491381
919001
489217
4680
443787
48123
94628
853298
896693
634216
682271
581908
218557
240354
872990
924998
638427
800844
533814
294446
278898
868803
296982
790048
76524
937202
937174
178920
615306
321459
873758
623039
756813
879328
627719
200600
927451
238700
570250
824145
872916
768873
406053
607826
525580
795396
532824
164007
112592
582990
974805
907843
451793
271787
214243
528317
725342
151418
223590
857000
989229
97348
480039
746042
976676
624111
462994
420480
862811
33244
244625
252079
318470
167030
859905
844050
478778
392730
524409
107723
975720
15566
15566
943866
287354
229809
472183
529048
897579
212125
386048
886809
309474
866087
632851
802502
6550
95846
222982
869361
645442
983959
121441
963912
667342
497698
324314
146120
890428
365075
253843
382501
380642
785761
326367
667996
15571
314902
197044
913150
527028
99444
316311
836502
965531
949163
155356
972082
561361
894691
357795
723155
878650
995588
203420
545992
493287
527734
208465
900067
892810
978660
282568
789804
764422
608935
457800
296345
923838
171196
725847
967218
786992
42159
320072
752523
507674
475428
240957
585387
370119
115105
308542
765122
110693
511962
311114
120332
556049
519579
20400
965211
14592
819320
755015
295366
428256
729167
591711
868446
416715
833910
835664
203707
876069
672088
472582
900095
147516
229892
1834
33988
861349
310377
799110
488394
338691
110224
608727
411092
146156
145479
892655
677100
964799
647670
972466
909407
893189
564177
294205
826256
914439
646221
546315
306861
318309
18898
206956
982178
765142
208791
16166
626491
35520
815276
114885
890563
441852
239964
301656
588008
901795
710663
781460
382947
874686
753926
292354
767875
834455
102912
594132
748895
749133
656799
55756
583795
675697
262712
565973
957191
987855
582139
100034
539727
397415
731272
430291
839267
971236
248299
943628
873032
958962
725088
255979
833648
479015
64685
117876
829822
167597
228360
578717
433083
885159
634473
16878
77209
413538
582851
34400
917745
681342
134435
457473
78757
865707
404116
434376
353295
168767
894356
742679
127729
619445
515010
477730
614812
96048
111958
960986
263645
340318
539704
213080
225477
690529
746310
819038
620419
845513
369791
54517
526855
20578
511990
121964
402637
432458
556341
755932
601225
967049
14964
245306
586494
529974
239388
717658
626022
351346
678645
406020
691664
734701
135452
433494
941582
881763
768884
562002
727276
138675
616519
770484
159253
644861
892448
561890
77319
965141
834175
194896
932191
849139
956554
35037
895465
195943
752696
37840
547289
947693
443860
755306
198746
95664
705152
140328
977427
474036
702330
221056
612712
835201
991540
288317
480062
883988
850208
73733
849130
200735
268629
297673
566226
225184
332710
461691
937479
601758
15883
484768
65803
976095
756426
264549
71760
461578
404878
49187
935615
623560
270243
64679
458762
778135
352996
938824
662124
719556
12558
27606
920291
797539
325279
2869
539075
174341
980913
476554
776100
996796
477675
841903
972892
234101
622805
44652
695680
27683
610191
631295
651243
396787
212326
110005
174922
565322
565182
353398
801231
94092
381004
237874
891631
222635
240744
947059
913329
221657
423613
205781
734805
417640
47684
707697
651742
670489
268701
863774
214524
395245
495069
865768
792032
223747
492125
966954
789069
573659
320353
590300
667751
217709
828175
75735
956697
585271
22794
870026
806928
962759
75807
58085
380400
639843
765783
548494
826685
550836
412268
41209
946081
423689
423329
254465
647436
431807
221420
952857
5466
58125
59510
189570
792186
887685
265305
265235
989308
288099
135261
312588
767210
727420
370673
663962
883616
652808
212456
226653
203645
141076
784214
666078
564765
723896
920544
728553
155703
658316
681411
677521
232793
740921
867091
24979
144958
132396
290215
134266
936847
941828
446854
220410
185601
333879
400724
585569
986688
613181
812222
190333
270609
596436
372763
351727
320332
293307
80280
992387
467975
278043
669909
700768
18964
53352
725748
680274
702101
532315
330892
155300
990495
294098
375710
692448
627978
776435
278017
614666
905968
90239
321351
692929
686676
694114
44656
523360
503774
124937
515748
971749
919332
702009
672518
938297
755361
914618
134923
457462
963285
982168
129115
470132
276266
504825
162581
420596
797612
440598
551614
219932
47190
872965
429214
733866
83432
473870
773578
587206
115159
289326
75307
34492
991335
747825
489141
263049
178795
140416
236863
658432
122584
365978
128565
915203
387156
291146
335799
184768
731744
887414
921053
295286
276731
350267
545504
360163
340489
319083
947369
455649
608409
22677
6493
116097
286854
495634
895498
982002
636050
132361
640434
274987
498340
768999
190190
885496
60145
525989
586616
308242
929755
24021
603528
206487
890640
665385
566650
231130
984468
30372
203131
109229
569401
725976
741678
856255
221610
637176
354609
374012
769538
995044
648999
267878
764043
355541
153374
340541
881531
256342
165135
327638
280364
285015
534125
171004
950400
617128
918486
451220
647500
637969
560450
216901
363945
302128
589508
101907
939305
944118
992272
708843
455514
641271
493073
735909
513165
162799
592802
394696
419141
757937
238686
215857
559305
772812
386862
26057
389940
821700
477278
553792
459670
37728
770693
339967
856208
876553
441875
795513
337023
434147
20708
792537
591770
513781
44799
104935
676580
637601
15983
612074
911891
254670
827931
987548
543834
731145
13605
933774
552846
7235
3918
528868
44963
774611
868835
417524
167516
827062
213037
20892
261209
233746
329781
369332
263879
374580
474267
940460
12182
6603
68886
440425
777625
896817
427973
321459
627963
441578
771585
697161
448814
775503
226029
10129
66466
94864
427653
750334
921927
157043
771226
699488
907141
101008
68820
171020
475588
59440
627832
4122
582395
696718
444547
360020
593536
388872
197831
737851
830451
969416
435012
795617
261271
661041
322098
844089
272257
749752
594423
710536
423147
365650
410025
330288
983010
995197
501308
974950
570989
129141
495425
153384
342211
456324
29756
452099
845197
227587
189950
675648
713355
624962
987617
490978
802355
309715
335067
74613
575819
929491
301501
515318
811493
711526
845606
310855
223076
346915
285805
794065
992408
781230
947450
850971
237555
493558
303071
82752
721146
9373
274752
950853
150688
778721
441832
953043
88436
293251
544008
180608
222742
845510
695926
550587
73388
57885
861442
296464
921152
147248
606882
429912
444830
554332
280883
198737
564242
100306
281489
285388
109680
72593
752594
260368
851314
710778
729763
456103
4029
790124
153063
743124
151986
365341
293711
225374
423226
671506
38191
344378
335106
645073
774290
779936
715757
571526
978674
279999
671832
776515
81740
781512
849109
834334
558232
216775
545112
287996
672878
65493
594472
342293
808617
746458
707635
618681
488184
130861
290187
42727
475240
625293
687800
765882
921581
919909
337408
416607
716261
9241
193123
314353
307105
558584
148687
865338
775359
210151
669686
964590
791996
264158
306883
600614
526968
14518
219295
15152
661732
509482
57880
653324
651127
262032
419206
572708
181942
272967
989316
414555
282208
698791
728908
105665
257375
393947
487355
549086
120450
157041
30028
912446
937551
336912
29412
464519
867782
248707
479672
529514
274541
53904
699190
442020
315936
118397
14729
14230
391364
520397
945137
189924
735540
674045
811941
509267
584344
299297
58353
704794
972690
604734
133593
910242
457998
163005
891113
325780
411713
887137
371647
202606
941041
70837
644627
773330
705586
175708
303912
613302
212457
249050
319578
947997
923095
131520
457264
23792
947169
31969
728586
919859
636703
378531
830101
94701
541537
721215
936834
469602
608352
824833
188560
65746
895670
833187
839076
117609
525247
142988
730911
737704
908390
566842
685701
831486
214714
659317
371630
161883
691287
616568
81742
844342
995100
428196
455396
52989
665763
392230
522591
790467
217063
227503
372565
629085
60691
211641
263046
585938
870982
510310
839995
779372
77152
525696
127210
291866
701366
498840
970101
909005
115409
568195
753347
626861
996391
208743
679850
178506
117325
718793
968974
850740
946296
341539
996178
523339
69533
259224
625630
456867
769534
465625
236239
846686
507673
879802
654904
725391
378642
625005
634396
10403
709553
387744
153616
705944
112839
349818
400803
230165
68611
369777
80905
531260
227668
593435
570951
813553
852660
196581
270420
622194
178558
23012
985233
202584
902814
640137
927975
797808
781495
562372
324564
7400
466468
478180
713344
579307
827999
114147
809472
412962
276
406730
460574
744297
516517
31526
74202
369177
744459
344623
991372
439370
367635
976605
641954
786801
133094
569929
584609
430941
648653
909173
438341
115121
903706
668038
694429
248057
298537
20253
177371
815166
943335
637946
75815
459853
185824
150017
829030
446635
10992
336754
886005
378627
829711
527959
681780
479158
614241
266390
426451
779246
691915
381145
894368
111973
565535
105149
360030
864072
125402
53754
195590
585090
208052
787757
561295
393876
937775
906677
840511
948767
243432
726517
843747
589495
770828
525527
68653
901421
308269
11457
680668
516537
392602
575036
628510
958137
680185
504893
338561
321939
558647
50504
423381
766699
838261
984676
676927
776036
407706
33790
241156
167490
760307
601255
756985
47488
643134
341991
948909
951404
353448
629577
984293
262402
720965
129155
220539
401150
634048
75452
239442
709047
125956
179175
475746
964218
680204
669025
256606
87910
702816
14114
255400
979475
615369
528737
26963
258504
387080
975873
726260
740528
121802
710553
519282
842768
839708
256173
760270
990109
331626
999712
699156
457582
695240
691255
938152
375444
360280
711111
979706
579448
725225
235106
558924
340595
280195
585887
599099
667276
78112
841711
924156
199915
68616
443439
42683
424676
699612
802953
414785
547590
319018
630294
521525
14258
321549
459677
906054
198181
170788
885760
777630
412366
637218
852906
752961
917413
955145
868412
101041
33258
710123
25198
749525
295091
984989
792208
719767
200953
111513
650905
748544
430531
281199
270069
961141
119100
246098
867195
833633
933239
752955
127615
345605
390173
980521
98566
823939
935667
966978
924980
485277
193453
466530
234802
488544
451519
543362
724663
652473
654875
375568
401017
601759
173119
187438
79252
808571
433536
946448
642205
366775
215755
286172
712380
605929
266694
810946
429868
718713
294276
871200
720342
4081
337731
955144
8977
789250
14858
733641
958075
186085
625561
359092
787844
315033
546530
383449
123604
980067
329897
282161
863194
545652
568334
575575
667933
351380
902873
614153
586445
197150
485354
306787
717583
339437
778283
726561
128687
793141
976554
86763
979226
118467
962207
283423
433500
25090
666872
73457
5157
513121
871970
384703
575125
440304
960278
759411
308036
863152
373564
894481
576654
375270
717620
294237
714707
495903
537150
359747
805396
513704
962862
300975
632172
925069
100750
582024
950159
283974
655481
471668
797095
43804
372724
888572
484108
333002
647983
308497
712506
537900
202978
805512
429522
920599
99750
660582
932854
153252
536681
738251
666957
499543
555578
815481
940964
656328
397505
407476
940302
569339
395496
253749
613143
768220
142321
613603
617575
306657
922100
330081
360909
641431
135594
306783
78382
751696
483717
11236
904948
20398
265839
88257
36293
821417
903738
977258
477745
817596
901086
418047
903287
812934
188148
516430
581155
846822
646385
715082
153479
84838
45163
30740
726269
697109
337523
804651
965157
337593
332239
386458
357991
598079
474715
394285
419496
894806
887895
413594
712402
305333
831641
615689
118267
536142
648471
215774
382964
811208
930856
52795
896046
492372
599887
138667
705833
453762
943318
670991
791355
275558
57449
149347
389989
532164
59984
809485
426970
464231
223079
655724
769564
571073
787765
887831
107215
952588
619958
6531
763797
550814
59326
176195
43186
659213
314863
749020
112975
258181
936363
904331
50091
993812
570030
440080
42328
630014
765918
985651
94245
988997
641375
380161
76422
945493
267992
699989
898081
887950
706520
178230
955117
282198
354426
514655
941411
669289
263675
570739
443822
716390
991422
493914
710202
561452
450346
752531
707818
216264
254534
318415
721614
412261
698576
314388
357754
482920
14378
772188
887223
720898
950418
842340
3097
821196
356995
460860
6837
137023
547951
450660
853413
539373
460926
79968
617177
427624
348851
324995
160241
603385
643410
881855
15646
858338
196243
889753
341259
726973
178293
228482
964224
128711
587174
483673
466260
460521
944533
473097
113896
8837
440109
967310
548210
901035
563630
165388
328660
428833
6735
488901
32218
166498
887108
564216
24836
599703
970321
366095
326677
148614
110929
807253
793678
698103
290926
259938
158625
235459
249387
272521
244296
689497
756183
308859
590532
836165
990599
435544
264998
997334
440797
813568
163832
844257
894137
705021
443961
864458
587468
286990
13073
698398
94243
806751
912853
385169
583041
587830
136980
832428
376704
897629
521925
649239
206488
628810
485405
713439
64354
266755
710773
21504
80324
390958
865761
490813
612331
826074
355271
199799
113064
884696
414549
723659
207799
327403
625180
790840
431585
762161
623269
808289
176142
661546
457529
898982
290356
459286
612421
871063
242393
839546
892567
839069
746856
274680
329882
359187
100755
685154
558987
730171
569850
973536
453831
777650
817291
79011
84842
248877
357524
224463
573518
533666
886010
547399
432648
692718
6685
561421
563781
765431
400968
972700
604500
147824
247381
450735
507012
348136
135889
582351
78307
222091
72239
48490
516093
889531
643854
600936
654760
1378
341751
228278
51397
227761
775678
397
920480
298715
561819
613
64146
962787
973314
184999
626963
737047
635734
650327
601535
287975
749030
196194
510066
821270
244685
542512
227153
888539
659800
881913
406269
1551
110191
457666
229313
885869
458064
666145
184585
19883
183110
765083
499022
672776
950082
642337
409823
585816
809017
527710
390143
558047
723905
900210
895669
484942
959074
122822
373481
618874
521087
296102
620425
631279
753769
366090
33500
728185
548587
734437
264420
248050
15873
279794
920826
965955
438483
847002
68124
247500
891064
458267
321900
614969
874829
217569
99911
833903
856744
989744
969129
377831
802199
105907
525462
555968
988349
75315
800505
53289
809752
64925
301339
825625
861071
738517
307933
299554
101871
892409
63407
992936
350676
385307
607905
741858
119228
224169
92113
975972
730265
577595
353804
532464
683502
395618
604784
671851
470933
405289
241492
280686
986566
542831
622663
363989
797701
446948
179896
899572
339357
243303
892508
690034
628610
16766
948244
747838
757287
40357
240163
487552
617952
110319
20017
817806
505937
141153
6010
976871
62795
247502
773909
565713
306686
396572
929703
104387
359873
109599
3959
699230
869254
412820
905616
14216
429586
853860
762054
186873
410570
518569
190777
544874
628888
727146
362681
134826
868300
368691
111697
447447
132545
401958
13160
439231
314882
459215
59970
674755
85166
580282
373986
954420
993102
279602
968636
939040
649815
247043
642265
60385
765612
833042
121611
394501
76541
484292
45679
944841
369335
673728
908640
18233
75686
921800
973816
390568
381016
33787
581676
466182
614069
955662
936955
123523
751616
905591
578915
401431
152634
221180
978168
434599
570574
99780
345452
647115
100424
391131
108308
986112
64859
16948
4345
140545
455101
978161
47465
836117
528300
629141
818651
658721
101155
755606
782244
852772
177550
361159
770555
846536
98691
265076
281135
669266
881208
626587
832733
981632
17718
457394
484096
598929
474342
4793
739474
929443
982955
303292
281912
27607
448785
616916
686329
549941
372522
984925
919065
66424
346085
689620
912961
444776
471048
194096
630394
352256
337036
979480
333889
354754
436874
334337
953684
911216
339131
209510
357012
838438
29154
155276
866045
477940
772192
68726
544233
661067
53652
463298
727491
916089
669270
640452
877217
140319
350901
507612
492575
687937
487092
342816
559043
923966
193506
512727
351534
532637
238590
224898
371075
267744
380175
753472
262036
668719
822199
806269
329786
875851
785919
573630
791940
455190
214082
669157
111861
81335
693121
120788
769272
696565
979957
844668
136883
173463
357395
488418
706100
112337
229668
593527
896434
609843
346999
158470
278563
169198
481092
124701
561401
267011
698331
353341
238553
428766
538851
350414
510101
231972
471203
795726
444890
967512
640394
581773
140975
514141
586543
847075
142831
816212
956954
39265
942407
303953
714087
737322
473152
195179
862024
550905
978543
76707
904247
217096
505473
959450
83863
531927
191422
71418
844005
152664
38930
484399
734438
179905
514892
320981
543332
657723
653545
500286
213340
595953
804239
927428
849627
793743
638959
228003
344649
133854
304711
765248
867303
326536
724698
951166
858463
432472
538936
702468
585137
577866
703219
835927
274123
734464
156908
333807
908539
326806
834093
121880
922759
154684
565660
288738
464780
720971
516742
325781
854826
821453
607381
238481
664341
848431
189647
522805
797255
244935
741625
898744
822801
961197
734671
613276
695661
407932
947083
120552
734738
297528
242432
173849
452212
324444
462587
433344
45416
979329
759125
416594
317134
882858
655075
981476
731289
361074
20633
528545
606009
762258
427289
945162
239807
161961
558438
451820
86245
21873
572373
820983
319401
331157
994832
287965
655602
457419
721310
217370
436749
996787
633964
753883
879646
289039
251711
127287
166465
272344
655832
288826
550955
599474
233988
790762
277787
308778
242583
364032
330651
331308
185015
166404
662465
696199
454369
318067
153618
692031
535437
106719
688819
685753
376955
84817
491144
628666
212104
657609
901011
384289
946435
451966
500115
696775
242728
777902
5553
1663
658286
852556
849323
843301
535312
511789
55852
989682
346208
209470
198065
397998
832542
403236
83751
209497
488053
574896
838163
216510
748857
739174
117151
211645
707492
617266
908420
466573
911520
430326
468236
569806
799234
317560
929459
334547
345701
985311
840581
691909
711133
38646
606259
543675
441883
690011
753172
446288
781259
107688
179150
46468
363214
296301
258113
70707
429919
682886
537280
857791
629564
521868
427597
428798
355780
873408
763345
217833
858719
120278
426095
86205
158925
32354
629880
117160
238717
899405
563448
536328
7093
742599
99149
886659
555252
873614
957366
501524
556500
10998
875667
186064
49219
303265
131215
921351
693025
410912
139185
551745
531191
565280
154302
206468
113986
784182
323628
352704
199939
887076
405384
207032
146027
504533
93692
217632
378148
567410
235508
934648
94761
111175
637065
143980
930792
284632
65331
623818
695544
720868
691915
226735
286148
846217
433203
916487
146751
273183
269191
346691
160260
674575
553723
822639
179109
163767
556623
557257
247530
308483
8257
342291
936011
161674
486271
866803
446306
67954
490621
141851
788823
698888
884938
591323
545105
834494
507810
691857
107677
293353
554900
784289
484281
624975
606929
179742
788743
679904
253351
552625
504740
261608
894916
440751
939635
897539
307554
385941
481845
314528
44144
270668
13416
929083
378344
74874
763577
402506
283083
871254
212212
837983
655544
696493
462958
778825
876235
768053
975081
129586
320678
479821
907546
731946
920572
363533
629485
228127
749475
111331
59007
793619
898351
588775
239054
276695
663649
2631
195554
463084
390238
407766
817419
562134
104259
280378
340959
496846
564783
316040
142784
885462
312214
566682
617408
232786
930216
763246
977265
196043
874577
36272
506014
772928
625048
745069
565976
805049
264052
277882
268134
170642
685648
85553
732776
306259
882283
590087
319457
447067
906128
978593
848881
218342
545275
982641
967480
991843
745887
944746
704238
136816
981018
210253
426097
122418
471674
992073
927468
252078
269955
195602
422721
471955
281155
155497
294566
679791
745585
614023
126858
168065
592616
975739
902759
654243
474732
870239
646087
220620
331337
350325
357436
312356
76930
783533
951126
548604
291958
878594
800683
78265
74196
739756
66572
871704
895253
361138
551495
157190
491513
194705
841607
84129
686796
744366
254725
161528
130958
417164
382148
978647
283841
255937
291003
360772
555822
758482
425728
364133
637076
226411
442398
227625
482519
508971
99329
377773
386461
167176
51315
877975
361881
892923
478456
48677
153641
733181
210205
800951
150345
108706
779599
434187
880995
586954
794959
953169
345436
220687
317302
982513
963451
759701
210138
962322
785024
825819
340095
687837
992995
907763
565812
871228
317038
44269
436257
470679
293802
162814
787983
444148
787872
567582
878335
668867
670888
189646
622037
16325
926685
939339
515190
406488
215392
241680
368811
516768
583851
225258
204606
93198
133021
286770
964426
966411
847391
917035
437091
141194
79849
741426
101694
867722
825360
980029
52941
496248
686027
191330
28925
612712
647022
544115
19201
862414
302147
904364
895535
885998
129622
616493
979196
778996
419615
943622
745407
267007
377009
698850
924553
456859
956628
26247
840933
781988
522628
893874
278237
208655
85205
307162
821367
732227
367630
356920
110993
669777
777636
522880
555776
907259
139373
51324
202607
558989
511299
464366
342348
888308
163217
783253
345167
119845
809500
186100
418186
332128
596327
696423
57135
681532
519937
394854
930111
887567
268127
557456
73697
45763
80337
145825
469374
219710
197149
671981
295051
708448
652700
153751
113109
332269
937004
458276
968466
746504
160729
386652
594984
757056
83075
168471
954940
603013
563326
885051
6932
831453
442507
596981
393568
522844
742806
862943
258907
456308
51276
70310
164756
220328
224062
277865
552597
161066
252494
521064
423923
929575
907716
18907
686631
507144
703731
157923
626509
267057
559326
633441
614862
518185
230423
524782
41030
489581
904077
816289
945889
471706
886599
626998
692034
627013
421215
244632
788080
673709
765696
212003
119636
189764
747262
322619
696908
450993
480542
323417
234402
39868
473211
365616
558054
219986
890399
115436
709567
794476
448077
655457
266182
851028
282455
474569
478042
703670
719201
266122
893732
1249
994477
13368
707365
741739
335988
404274
709085
332882
244043
943487
372751
233606
825456
447157
453592
715855
562593
163160
26683
10670
334969
809218
861698
133776
283787
856092
837446
519340
122214
247530
36941
116691
777251
744306
374783
113239
664932
83868
446121
425328
543707
335224
658934
369163
782381
112527
601370
861326
792039
628054
388348
127008
437272
250047
260784
237411
622491
614582
273103
744706
378465
310044
377749
155716
570702
752532
785307
751987
352752
231428
177315
412812
83005
352601
781975
381738
465128
383346
243065
773519
527752
631413
416879
965024
397812
677663
718787
20304
808598
991890
281362
187063
818286
659111
342779
388988
927996
128086
657327
280748
875866
350994
693560
475223
703596
991888
856962
685076
891586
100027
458596
419338
247792
875475
900714
645605
69491
619501
665909
394441
127743
947271
581504
946029
122734
440635
851369
50730
85073
508697
847831
477291
376043
57743
952515
79639
565983
325829
764716
457569
942208
739664
876907
190000
131491
293973
835605
200982
913474
17866
595423
557569
481489
693279
19950
604224
650266
871320
171306
251691
896369
19137
728983
272412
593233
197850
868404
159216
40031
633120
616786
982239
889136
10045
172239
20627
304019
7845
737962
733845
542063
333385
291415
23553
543017
311365
144129
709635
699037
315435
961327
595406
850925
206662
384171
960510
404512
252575
119726
960895
402047
252864
943134
807535
779262
115373
828162
83281
639570
566124
817126
181634
415862
624893
721539
475231
452611
382020
184866
151648
213807
146193
263407
64732
352855
647578
541594
273719
416505
661321
750966
334904
430537
694100
142439
209799
809474
486953
293080
965396
53078
626559
663382
468940
767804
384921
460523
220415
283293
645389
888416
497101
791583
151823
561833
660790
315753
103428
450862
248610
281101
201828
583514
711638
412281
242305
437790
738107
729258
247222
703503
298688
390133
366886
283980
157938
268159
744503
894705
551453
389893
783121
48554
697828
934944
126739
874970
767049
746519
842184
15659
543972
560365
115525
771963
972646
357830
209753
710753
603441
973327
414256
902129
363461
297494
186110
521399
565654
930613
932456
633459
320506
715578
198365
534686
650522
841456
409657
933924
587976
251841
949583
648300
812206
65109
420263
784852
939291
146368
11957
542732
119696
426214
444862
483157
723708
147324
520908
805714
77937
453364
439173
914796
685294
153890
449482
852169
995347
375491
786093
99675
627333
735676
747975
955891
317137
684591
257096
256429
830959
269053
315513
467007
211619
760375
466516
935328
424051
503776
257394
501989
957141
212920
933137
158787
366810
898971
10956
362157
274463
797049
461832
418148
49078
209808
890391
366215
410751
147487
622644
241710
932893
938158
225070
144512
214885
691586
596192
638937
195363
853587
657278
668856
66507
106767
827643
433317
5738
354952
311827
796553
152001
773659
731053
201079
499819
621445
567295
910570
285284
706291
668633
734529
160801
893703
879042
892039
101641
475234
47328
813356
328821
220958
998564
911680
327725
342560
344998
849815
697512
656825
162721
365865
946836
893774
566945
963008
31571
650592
389930
833208
873235
58563
567737
550389
468618
446779
442428
86612
438366
6108
899968
767187
227066
414885
678868
554791
757445
540218
920958
971309
713395
83679
337174
176583
493806
420471
139591
41729
587415
529522
874937
460651
104437
959027
527392
573056
922158
969820
659668
360524
492280
75988
644064
719346
7225
839284
790489
764670
379502
711447
252331
609249
311479
589506
785832
321637
9977
441776
363366
113745
971298
754656
574396
75735
230035
101788
165143
152193
587960
341163
29070
80240
933504
673134
315938
940729
512418
106427
221752
408272
334226
474083
17521
162057
579941
803353
483694
106271
245129
363413
220016
732779
634421
310764
324867
864456
928904
6362
16649
516864
347526
45719
113456
797382
235205
945746
738111
747623
52173
476215
155895
902751
950299
689768
64809
46592
493122
64855
152863
254603
428268
889231
503735
62689
199995
828602
443497
128899
351316
976499
162115
698842
538570
791923
496224
773776
737669
750688
521399
789842
226903
193647
208946
693554
883415
790107
740147
892889
854962
409362
663845
799583
298594
683932
378624
14941
28886
338474
143841
380202
314973
305956
79045
853543
97880
91621
627319
835549
842309
665071
141744
585565
375070
867042
279119
774837
657149
535618
667727
28463
944981
847924
344398
759927
531856
239375
774868
77094
577849
435061
457296
892822
741018
52693
262717
355250
144315
890037
707151
502976
71460
365247
604893
446530
232289
884013
221367
405790
935983
405446
950606
397316
253370
295004
157243
301578
50731
448464
378672
628580
883525
352321
37754
140895
405014
816824
496145
65681
706861
719649
85010
778321
84896
689903
741203
317186
90268
962570
239328
542604
884369
189934
939920
137739
484939
613516
955670
535670
61980
850694
680603
461857
203015
234709
602753
124382
51533
615250
190063
274746
334899
791425
569419
419796
997681
310622
253334
604301
789545
492662
146905
673914
682597
603178
328005
167536
216694
283675
219558
795026
650722
416513
256883
853737
651223
375988
494471
219108
991239
200887
493855
326138
992312
579626
262286
506345
406601
515620
110647
196146
8283
257552
386412
690880
860730
714417
374768
593776
514445
110678
388802
165167
527192
162038
535256
694767
54378
29728
430227
45617
230615
440434
888108
739279
20061
666746
245625
426662
182367
872624
139160
707002
646528
525572
914234
23611
756341
805354
617387
270786
916032
522542
952305
959576
200932
3914
170695
255310
33642
600923
817280
780609
41357
221740
36240
577770
888486
798217
520784
587205
670841
659944
810559
317370
701868
724793
340981
458210
530147
474720
245348
962532
513614
714006
922108
714546
717920
92804
486209
267914
210079
819841
48523
251436
41581
601115
345559
446419
399333
866343
549977
586526
42640
360536
903896
744508
601682
761229
719070
648181
752302
964419
610713
265916
678425
49174
496815
912697
658330
983024
180611
868409
802865
229134
636197
360798
346601
498108
323569
745934
364452
389898
332461
407092
266787
752709
667952
868469
30291
387023
33002
782593
867794
160068
48509
62571
725594
61676
975268
383924
44700
155879
768685
363917
901365
921234
241067
247966
419343
80989
993901
300147
987239
842714
707239
254026
595423
891543
638847
142066
278566
671850
924659
146360
348270
489521
725283
73864
551197
700551
457788
112250
856430
742825
992519
757795
664059
749939
5762
599754
830928
516015
899901
818167
358729
607140
588546
470504
498684
227393
612571
293602
415595
53582
956315
763865
59455
681598
837729
127005
382150
811869
755607
238580
554694
748126
512728
735106
14417
34842
334860
845345
550857
234762
179865
425938
358254
284763
896442
373290
512156
25365
183245
444104
595300
139560
207969
654755
821158
562051
298112
719660
373920
53719
474593
444967
801846
987321
180073
816263
22163
31285
177961
89372
782399
874178
515310
657006
675293
928104
546648
187449
469822
729893
147905
65122
385805
355875
236229
723316
917926
534342
442976
808198
104413
917569
253165
422611
421242
949590
755227
959757
497228
449540
49129
795979
323718
564439
452985
515363
492544
515986
219164
962366
245879
367070
543840
148037
722945
296421
871353
157223
830763
314329
965421
451529
748251
734939
874140
169493
200881
629367
645603
698109
78907
694732
494089
918977
259172
463426
434340
268068
979412
653505
746786
741644
20575
290626
889681
259872
587047
761034
933447
934163
591715
415220
902044
339966
150159
776184
25812
351041
405552
671415
565502
811
882499
575943
436141
141671
39370
870481
926091
535134
40338
672877
276778
577265
479855
682811
837137
583255
443845
286936
33770
35561
702157
935814
891879
852316
711998
434043
719709
633902
621810
285212
151066
504310
377507
587207
162333
416877
974040
88425
468364
14379
277654
745142
591644
273862
427954
945134
857117
388151
232070
407239
940064
934227
343053
348296
302896
571403
782339
22605
721658
404150
824169
872724
424812
201677
459931
587145
134906
950323
191922
603270
964702
469577
864765
72699
259791
292719
17833
633260
197222
766255
40499
137287
700483
383552
1935
519731
471307
784274
542336
192965
704776
882858
582041
129588
600887
558324
716734
735793
508648
425008
855416
473350
894585
720181
546049
670728
529252
80234
303988
726474
846490
344487
380113
63325
244391
382048
583056
715699
682675
641744
425016
903803
40954
7058
33392
641841
565382
266478
893987
74030
691486
749403
547381
102424
985936
609782
773152
515188
206369
77141
758014
569211
937980
654480
632536
182372
552880
731944
414423
751907
890040
839439
655711
930995
846497
689103
89188
411880
471933
983175
485910
163419
248930
549643
782195
751218
675778
555348
266406
882147
148841
540773
967710
86821
711605
600246
785545
780837
848542
199968
532745
738582
39408
188456
185929
402257
393911
275118
814137
865844
774645
816400
545615
539928
882395
327811
291146
558173
399511
73905
956672
64704
614678
924382
667877
842635
40980
969775
623472
405874
169743
156217
660809
725503
344673
846738
127761
254936
638208
458250
120780
412854
791002
182748
952782
673398
26911
243928
747923
426422
317833
704596
7478
448863
145330
191707
807850
702663
161482
431323
108537
331226
103892
769346
573081
964918
132437
217194
219854
770645
191797
856987
183499
982799
39735
652633
656197
66646
412914
404121
9420
247099
625069
16898
212315
286751
208605
20165
989414
370088
967840
614304
217666
71733
900002
307099
553003
32439
524294
772857
803085
232443
629844
502936
215242
669579
671922
387792
252577
84836
308265
261997
848287
933334
795247
576954
736437
520205
597120
242204
406645
81312
856508
624311
669397
272862
447762
222400
305302
488408
511610
624739
720851
657806
644027
936094
327386
315949
323886
96315
917137
148503
358313
281777
81837
153560
858731
334626
190117
972203
576830
596762
53516
949690
737425
722913
222553
185188
461666
44207
673596
973276
185298
910800
631082
829325
363246
474820
661627
203484
87488
95116
351987
445801
376893
950176
115713
751977
284802
305831
724180
861633
418945
294048
327675
156371
533314
66580
341559
994980
627139
531507
484608
812437
442307
632042
158115
321905
623215
336094
525389
710703
431210
877376
672856
324456
827552
304921
592785
628707
127104
316965
490340
546050
611014
334367
702421
144328
400948
560332
655660
544439
608191
140268
356877
566851
288662
31344
888756
911877
367438
414146
138932
315000
807874
328140
155808
151779
633062
748593
780486
760166
581911
787178
822568
709277
121545
41341
853605
38845
601673
25617
583285
209865
682237
456514
293068
970899
4210
181824
399129
888000
112322
54413
203000
920197
382554
875161
71976
15616
140106
852462
292134
238369
155992
631055
947646
277537
672396
317603
832735
790422
343220
932372
516639
25457
388886
809707
512709
909448
507883
428190
797448
620206
482603
516800
56755
865157
391961
128731
397125
48420
497545
689260
286789
653537
836667
234436
447426
509063
552039
280161
815837
411612
728885
332476
953421
117771
658535
466130
27219
166419
894320
341019
302977
376924
857820
359732
758433
249781
4815
155559
814553
502360
361171
101343
672249
197838
852131
636027
223253
920522
432541
555443
332134
161426
887919
801908
279198
62807
268038
822769
745578
678711
163789
48555
571987
21609
408287
330420
787742
413102
485979
118648
431814
847150
736343
620415
561340
588474
256442
300946
25348
688983
856389
873835
850410
260660
675743
645960
323467
943781
985081
585397
138844
148870
633952
710831
686831
558591
41252
990926
488045
43583
625926
436211
407086
362269
56626
968426
950743
313069
269372
492443
518404
642113
366278
368814
902774
42021
531126
226241
502155
516208
327991
640999
181430
961943
868183
384614
36887
909435
375540
41284
953018
517818
477496
876456
880087
534122
844883
347182
363543
630607
839625
398300
272721
722256
283466
691847
764277
814593
434440
782784
330801
762431
940136
28583
724375
808319
413197
277614
234106
305089
318898
703476
822907
796394
579933
702994
846869
941168
566528
726764
88127
406154
125064
877200
128410
408531
569047
409039
739476
3488
191824
586629
765919
648312
615212
6646
456631
544762
284260
690737
849851
119511
394213
189111
915905
490498
408457
279126
431666
974986
5891
519794
897492
647307
396994
25902
572190
966042
951293
828018
485882
659469
414647
251801
307781
546212
258448
280764
90974
59060
971501
457177
178571
882067
646288
610829
888917
54746
889955
320584
546084
412198
840378
443576
575858
753724
985830
148048
236118
937123
976067
722000
596593
907066
973802
420726
969630
748602
701491
60604
807662
189344
34134
502586
587763
196774
113415
476681
767872
519722
797265
313956
931921
153995
757532
24131
424071
743362
172179
660190
196838
664598
898542
309783
88017
388696
730509
57647
137298
432000
634604
461313
137697
668738
963899
725460
381864
77314
718493
149737
113388
515758
463693
45309
186105
737578
69440
126529
997292
757972
786719
710482
938922
201613
20265
26939
590310
750775
600939
727608
699127
235543
188921
836824
420633
669172
78637
802497
746486
797130
468586
859875
829241
448632
421536
531698
186210
7329
658227
699854
281653
961298
410337
736927
162912
430602
280219
753222
697729
881158
480830
913209
633053
186104
266385
53686
855276
345022
372535
118115
658505
841122
494342
487746
289754
432230
19444
992316
955911
677672
692170
753916
638970
618859
490844
801882
565814
771063
71456
263543
168573
68639
693104
801626
254743
959490
371664
626371
304512
744199
260838
963017
101673
271532
967115
391427
703763
502912
383743
176026
696936
592266
929943
852258
727477
937139
170493
293291
708202
241949
73187
393127
310588
766291
711105
81683
725781
82769
708055
546646
343320
485245
26015
444994
756778
509483
352773
460541
12395
736517
636567
709331
845135
82862
561589
572612
20001
732082
865904
244555
974032
455443
637682
800972
738086
348787
882656
463868
947908
590711
526866
291229
75956
552881
252575
349086
62364
605348
809627
591111
858217
962547
300442
703352
561761
378384
792317
581763
110466
174573
342670
600850
630016
980353
401823
368102
845492
284479
348322
309753
391542
875188
117334
983850
944422
369909
332937
523138
975257
658916
114250
349827
137815
414692
53179
699577
793076
845496
281340
419895
20069
624010
20745
166437
120715
422568
534540
482560
223399
399214
792313
131293
274403
909647
115144
735177
795908
964433
258315
287517
623349
372565
637344
277517
787258
690524
977094
96686
52372
774786
516581
588794
915148
53679
755231
35864
992599
806123
34776
732351
721690
827089
863644
996093
253088
495140
247622
48996
459573
505937
336513
599275
878503
973858
876792
182113
180734
370238
278799
749458
145024
311733
338252
60172
365412
609836
612388
874363
932311
163516
606714
654001
506957
470359
166446
760045
965499
414068
325393
941425
920006
178259
57052
314861
668469
450196
496974
365555
820434
775773
115013
481810
603858
969618
541982
485622
95806
670723
359986
28117
834239
966700
198471
341197
953411
364917
617594
435263
295338
942988
376688
731696
637599
950092
46557
306068
400288
543531
671623
737074
835656
302988
218884
439515
272606
760866
925137
368412
947941
801475
912882
782181
768176
111353
639730
237939
992622
773676
673202
287960
716664
566242
536008
870615
516334
582565
176683
432974
126096
364658
170048
478105
667647
388932
917620
940253
666151
359109
825018
614092
160585
737900
912625
445113
849253
68707
683052
358227
842384
872607
162540
559048
438849
698548
946016
955184
281114
122699
388158
923562
487358
558207
401667
671357
463491
835639
611610
129642
194749
436628
743735
871686
690880
172712
833151
540133
241420
516203
898361
83804
905162
60901
159204
344012
275801
105220
299196
556915
744272
203706
480478
747982
278265
398497
419339
741757
234137
547301
871399
428886
983930
131486
816924
191162
304199
650075
731296
545619
682630
146009
629423
587793
723262
304979
931805
999063
410200
747353
72331
154472
467411
69161
902454
745677
467658
838145
487434
701795
385446
358833
647033
885728
6672
980309
76891
310871
630384
324539
856490
829367
470548
2265
417160
710162
307244
865317
225577
233796
129022
297908
904620
596433
367069
323426
342110
351080
161571
829544
569227
63370
704730
732613
949098
711402
712922
542341
538625
859659
866880
911467
689026
853780
913732
622538
563942
737328
487855
305872
487477
616877
603780
392097
213310
487202
231876
71773
838282
393447
901317
407509
456817
122399
140122
922268
350153
369397
464609
405130
229056
847842
316597
918082
701622
746681
56972
781917
362
544827
87789
487839
678056
691569
396288
407718
695123
628164
479491
533405
21612
897161
457267
994781
535912
597389
433401
886066
966786
898011
807548
712194
745853
124146
146628
963827
870827
203600
745744
871189
264779
349885
359028
942835
41455
271669
866906
736578
899833
346397
786336
437797
759910
243603
432579
295823
357344
865980
698241
324131
280343
505789
36325
542548
629935
699306
506376
17115
902906
768472
888304
167686
118358
763685
626873
676165
35354
493779
929095
935187
356529
715431
372985
116439
959034
321916
412262
316379
704248
626855
156862
984592
132645
709539
43492
278932
408845
549868
296047
311752
834693
700704
995790
953051
980741
622663
629216
16095
116443
74663
467634
472972
790095
356971
105763
265481
195239
518026
98212
899488
661233
771426
400432
793878
480966
443924
589163
406163
510145
401562
234267
344838
102266
230057
814241
83007
852721
959809
615454
485516
34472
599441
474840
340919
472764
580603
606401
668004
614981
220965
567492
276215
992392
484276
586445
473358
444552
175608
395873
954697
93523
630141
815887
195789
376550
146480
795149
745623
106289
926955
231139
657114
42748
705979
998033
515513
802935
120786
183517
417916
341752
267361
694131
334144
751637
280577
323854
196189
972537
719727
667239
66060
866220
999478
778202
759123
145959
89703
504746
768600
16658
252238
425714
59407
958217
940100
91272
277504
577238
274789
695421
918990
58502
389552
769486
810139
186481
609692
522680
159019
845772
706271
741431
711992
705750
519633
471115
851709
609336
492214
620309
142347
744452
562376
718106
702669
502476
809378
496526
596066
600519
191947
515057
659021
581499
800895
985512
767981
410588
24544
443352
256360
730816
184783
484704
436566
704417
472172
804627
830105
964386
424936
972452
708838
503664
206910
927859
522492
16288
424385
118559
616807
616332
149968
275828
714184
950863
777692
998517
877803
802237
441869
650515
533053
626652
651572
969619
847421
123744
290598
193879
88130
715534
682683
796968
735551
889594
241179
258043
905882
665565
376602
39042
798249
42922
314870
512433
510138
92563
510950
387941
894800
952819
554809
944205
95824
206381
430176
459597
330125
720774
653476
934607
952660
852512
731575
688211
742106
489106
946255
647988
154671
839209
687030
952921
882132
518253
465354
392270
127168
492657
296563
538320
445476
851372
998877
57652
574105
429053
33602
904230
149827
203430
838837
618839
55942
86764
307051
798048
575871
769658
962389
246894
125219
165771
199815
7351
200376
181522
915973
327544
674179
728889
382216
636007
96613
381093
210012
670719
810146
243614
574949
476325
447044
930139
95165
19339
16903
918568
817387
109126
688226
296128
356021
813445
461900
72188
337149
662276
770062
769474
506173
444241
498363
888389
596601
111329
785835
806613
782048
595981
566579
873349
588659
529975
803488
683824
549314
336744
602392
883054
962222
806970
179182
834595
136767
641082
906784
473916
819711
676846
759743
325884
637440
774458
730625
750393
885787
516460
557006
184187
628794
639937
57537
217453
169912
377377
417629
719227
230473
536373
602281
192696
343343
297815
27291
996462
938898
450427
470379
274961
643626
230122
600845
281066
520932
847822
31459
406720
364283
104817
590907
509429
261106
164796
726882
431018
542174
660863
666597
288999
197236
785230
481695
56931
83046
25339
53393
538296
475766
40124
813257
119392
786598
930454
916810
307531
778276
464621
230603
142559
569438
821510
168340
346896
986307
895222
777915
44833
72437
960864
333832
786025
262447
331880
842956
345493
357219
412702
400141
349337
969178
213398
985082
755777
660204
418244
579660
438480
882866
810263
97392
968656
148125
265732
315553
134432
677307
609820
695617
749744
87036
29450
535770
349483
361330
895078
211328
234901
307780
611469
100590
793311
341219
602024
65440
1423
20269
645100
439904
419487
971715
53648
904495
119840
319380
220048
770625
996687
346220
466242
746432
433257
12044
798554
782740
373374
693632
994069
124627
517765
605538
741570
311076
463110
343594
892868
464533
880215
537968
420789
299702
26035
474437
204198
145875
793818
940598
432852
790505
286819
899095
53289
720076
911139
851843
19168
800866
61828
13237
441845
579593
135128
183415
407021
598238
43362
299889
579123
923577
837857
999913
739632
380244
474350
943830
42471
268168
400780
475324
575026
687599
890771
144667
924027
801910
996511
459548
119128
58339
989137
77326
154284
124265
260741
561305
238855
820455
861194
817979
744033
215403
817892
483665
595647
292242
943847
638118
76763
860979
629794
651789
64931
520565
312808
988958
838828
309319
964858
957956
884010
953996
35282
554646
594613
812376
115951
833469
632831
493497
651448
893216
708900
985692
893233
820899
794286
353432
975370
871049
214412
605164
39190
279343
125730
351999
784653
964558
177670
749512
438866
578033
703508
990501
132679
298121
319229
764983
647942
468412
258480
299390
361629
483733
801434
254862
304632
595721
124647
280002
466770
339059
885167
505961
618402
527249
374312
403055
8159
551982
152567
963377
646367
372427
953878
779047
186901
273107
60382
834843
257872
318862
650586
619501
802595
452020
390715
623580
47741
515362
903582
30864
370773
305101
53177
989175
348702
427489
392231
356861
495823
61150
320239
142191
949930
790469
437590
136831
579929
497972
971674
837801
333186
622260
973654
135782
74281
880721
275714
638374
396084
695648
669238
766857
750
722415
272385
865804
149904
180968
739018
645728
242118
575609
787919
708400
366078
225509
845231
462359
239833
816906
300160
573019
955518
790166
225153
29799
670888
500867
184526
583324
196516
853764
866533
713618
576180
138918
579422
726084
319886
318440
888164
78357
894049
192435
786757
776480
934296
631989
238839
174129
965247
55352
747149
437117
845518
972302
983269
32758
473170
167795
616082
186038
21559
482616
899656
597739
137886
995430
840176
974125
830223
728340
52482
240624
437128
355591
17104
371424
503932
772296
545554
985531
827648
809055
422649
189518
781357
405918
738629
770879
573713
871063
473269
595272
870031
889277
709364
7918
884708
549540
982043
714931
794232
550877
955555
231360
906468
489012
602785
926753
261308
664691
912284
605308
990098
334933
311178
287807
740851
566159
58687
830916
437223
48308
426189
307254
937586
135553
831524
338646
685093
813567
53577
995677
880796
525484
227038
303617
530848
346175
230370
308508
527218
659006
430168
517316
993940
741347
805123
251143
823858
380162
82060
261081
428471
24601
568336
882409
160154
399860
221055
361599
729780
790984
873628
126928
832820
100666
430545
363669
963193
177267
188529
490411
836274
618698
524079
346566
876397
329203
597709
700255
225717
196121
961337
170540
220722
46025
52949
897228
445885
790356
775179
692017
581340
648808
818946
930513
265826
765843
294182
229020
943111
482711
235783
779385
617761
276215
642303
494158
121770
240012
194414
347487
952486
155751
518028
689560
201776
87329
586789
164013
394038
878320
372383
975378
527128
191329
422243
792955
957172
716425
538327
416635
715489
290462
196020
333250
566677
838323
343761
688447
594688
538175
35935
63526
693926
70315
753086
412054
673996
856227
92419
68034
734548
464802
559765
778028
172483
982008
87335
129656
214786
625662
62643
446627
432477
258664
296229
999154
613339
639990
687602
724379
178165
239889
304257
388443
826556
57344
800497
500552
429923
409269
84939
164471
874071
161056
458852
46555
659416
546187
692563
874202
688202
755206
837181
120679
530222
649763
119833
659914
289753
323787
384293
984271
563676
204903
889066
390232
262247
205916
407137
208522
615185
8428
889346
489256
169484
348198
52163
828900
894385
744726
219455
98939
16285
572988
219618
546507
222751
339452
206421
28857
179591
107067
529480
743268
311970
418546
649852
90569
624462
56989
299091
755999
581769
704789
761608
751253
52987
813771
96506
463725
74850
832313
562664
91135
405301
782283
637642
144405
638087
360416
689614
817678
983835
219094
77298
812157
153992
727151
902726
294807
300492
718169
50806
882262
422959
812414
149867
992298
626186
246373
456023
701036
595038
18688
308523
340
317323
946165
661097
471762
822933
350711
805792
806768
86157
883091
618925
240149
126594
38003
534956
943438
272525
102115
342052
211836
914529
491920
204134
57067
254645
660158
274455
849684
195198
582978
366376
28873
45496
27473
16987
868429
894536
822779
191550
980693
222222
326827
737194
865168
364831
272151
808607
153708
890618
150659
365544
805147
158931
569678
378567
413577
746188
653022
779613
457738
752353
145989
2963
797849
689814
19950
182630
584350
842730
374180
81395
581304
701008
818589
446473
582191
607092
771432
735899
497710
438443
101443
819210
597375
187473
197777
10952
450014
367151
790565
424104
119504
452906
427068
917353
142720
447018
99984
727070
806100
990516
808465
387405
691524
627054
350230
273715
750499
121662
525966
248209
560105
627409
67419
157480
331235
781548
684784
297601
148700
991701
238057
268204
444607
665125
701910
587327
628496
318246
830749
950948
825114
155566
854705
516639
298973
204935
306706
49472
842949
832673
297681
403055
976434
881453
76887
824021
663001
278024
637974
811701
786077
876032
596258
230685
541157
814520
334364
686005
132766
165114
636954
474232
837032
491659
990871
136005
212947
813930
185477
55896
162955
999511
975303
139389
880964
568543
479763
543965
362919
117737
872019
148996
993769
468277
379681
51279
282797
230398
253636
931915
395512
406942
406147
748896
898602
913371
884902
627901
243653
586731
683797
406608
102594
175453
545997
983558
743996
542112
43876
106915
659850
432247
255911
169971
900524
151945
221250
699673
382343
991239
147940
294207
398181
70439
43103
813135
983810
444357
441036
227463
547441
124834
634071
650035
816639
696421
149946
560635
238533
193822
183902
414735
626069
956165
584707
42945
108110
322309
258970
6805
313548
406910
301012
228082
477349
860468
41217
977512
821177
482254
721327
368618
123440
871751
18654
940079
84524
168600
17066
839409
878774
200968
254145
504843
673485
355204
64140
297948
193865
323110
304753
23766
246372
122118
251848
723721
498938
293065
217585
320115
291671
938913
688734
415111
810664
707388
355190
411540
875988
888608
250949
754762
605928
505094
775957
279414
376650
356449
577362
570516
195911
882115
594282
442283
4233
846130
682356
19523
655547
899942
339639
947219
355207
28373
362330
682223
735761
233873
93763
128101
638833
344712
399215
244762
366159
691524
524176
742809
47973
101538
313325
243884
983653
907607
202519
504239
270089
884875
523762
925637
301169
379753
872856
172728
408126
751538
854951
660239
501763
465066
788340
140597
326131
187555
385359
692290
879079
909535
951451
443404
527425
781129
687288
27430
205088
406159
531669
475178
291035
571784
917167
108556
467889
306375
281285
876016
57913
652588
536255
76029
634007
324596
216626
960138
28503
118337
168780
423935
544224
120231
867339
71649
901360
70980
99079
106449
477139
147101
97979
284526
235237
15146
393083
703126
321521
190720
579142
895786
359660
631750
971815
993667
472698
704793
953805
501201
339482
638937
441488
883706
759169
308828
955355
176881
896160
54435
799682
889651
717888
414013
174178
953125
429159
83613
656251
267032
790685
751746
679171
150345
383496
650986
144013
856194
872132
614170
873747
211614
253108
315236
95321
528629
140416
567028
705510
552928
137815
21545
442579
855703
435558
616757
808828
381070
216722
465080
648102
7407
733178
327273
157753
116674
494612
301766
489220
366744
432288
879319
94710
685396
710907
706383
214025
367675
273412
435888
920603
411227
457433
363183
266931
892991
496292
592111
274061
713015
573543
438516
236774
306721
765789
394527
939747
776753
212645
428967
143497
644934
308287
754560
846682
19194
460943
60708
386870
250707
496596
823825
178287
470381
703360
961570
363372
199653
553681
153786
429020
127225
592302
182146
950298
874443
576674
890046
651197
305671
319013
311046
466957
143652
65606
313640
679199
42902
374348
582421
809961
387296
406246
988248
857677
625959
949818
737401
341964
19852
407539
770984
147077
999841
953130
97375
390637
46156
503773
41834
351828
339139
352880
818785
482791
934839
648777
678342
977741
539477
777115
304054
926773
699714
292303
300802
325673
758473
554556
667637
778325
962095
954973
441754
961937
908103
55482
352574
470612
559255
910760
338792
898394
263640
673929
897538
714831
322707
92232
208924
862184
869348
512979
305310
569062
805282
606112
894735
80107
160668
78724
858433
122764
33697
816539
601053
458152
872021
469979
928764
947629
380739
267556
362375
160731
941486
776265
875563
780545
868498
84487
642729
254198
597466
948039
339612
919100
70504
234347
999208
747524
313071
373993
386640
346768
190532
987693
321272
578906
457672
250037
526535
838411
33945
405262
515495
491783
697880
391058
272328
82730
475545
431410
336928
73012
895801
676540
992112
966305
427239
991320
230182
256662
365313
616822
119782
72198
604516
441054
651104
578540
691091
693991
933304
725037
615605
448799
733172
313485
839857
5501
396215
315402
953263
249495
904766
849064
926035
896879
331722
353274
404551
561904
126288
286217
178726
246070
358415
299594
687125
525871
878135
894568
219862
811439
135957
351819
260238
869130
665305
616447
390983
61520
931849
344246
311016
836616
193310
753403
249847
525032
623030
654398
603288
749318
940615
782015
511741
815382
81609
198866
341253
959744
93434
77467
287535
229392
429287
64125
614874
94592
680572
5857
672464
128774
866455
499832
481742
59765
253236
731589
101150
392618
902339
704438
141936
842955
2805
653677
174689
600767
368895
515943
76863
978682
593410
364399
724426
22697
944876
339300
633641
625449
861509
306106
270575
727964
805938
752317
304081
575526
258
405231
968144
902597
626022
626433
261904
145179
796462
436594
745946
681710
468889
822810
660392
62299
703561
384818
601349
648437
240470
234990
790238
101979
57448
60813
346295
379739
329482
650376
471617
329740
55608
956114
232338
197982
582547
10594
859513
895361
447188
605460
577071
916077
944622
753815
494729
648183
138633
96078
812972
895455
847420
119563
997434
904869
180376
343729
800960
509859
510458
272577
355951
82418
228691
588289
280400
327590
598884
139913
222952
562424
261725
316375
994854
206347
70191
489583
370882
725176
102013
700207
620632
949433
819770
134418
370654
516498
994500
687966
542709
504958
960544
898661
587376
705587
486950
384128
33178
602186
40393
772482
680963
302119
605209
675817
24818
191752
681752
912053
916929
300117
128612
53913
249550
948382
704683
136557
981232
215535
824523
523942
720493
301419
422603
824221
523359
425905
724701
556537
28092
765095
845371
225407
583566
966932
417576
124736
158685
615680
36789
591966
915797
681753
162231
681699
630135
866914
818256
611368
82450
159132
651662
319295
976903
74265
143517
500262
500170
868218
573151
44614
149665
934874
270021
733231
901807
203949
857968
60492
819629
411109
168810
735426
92863
331041
417126
239350
714307
751734
367070
313109
427218
18732
632405
920474
92997
292274
937088
593168
676844
510240
637782
826510
445114
424156
76093
863273
144457
934061
440117
964087
861523
608927
215865
954386
456320
149343
710088
170628
417430
77159
483737
361000
95891
632494
281474
705241
924768
218563
814761
601613
245155
452543
944475
690269
393051
20568
553543
537509
470982
993660
17948
332505
118940
233813
286891
575260
383157
513331
745888
800587
590490
745978
161587
202734
378472
959414
907975
303241
177977
722736
421206
939484
691631
365681
629753
601035
902601
699648
654896
373583
209661
672844
706088
328601
423009
509331
420213
806166
22663
166102
123105
613153
428432
801045
332239
806904
276811
240214
626497
971140
479302
564055
910624
687286
446088
540377
288321
348690
756378
943217
722273
966039
132413
428362
810992
555422
937693
231205
877941
476708
913659
1046
606214
342091
318443
938453
665348
595254
695020
808197
566394
174322
372253
477018
377960
334693
533748
666281
683383
290126
125850
405657
772517
774615
350371
583509
330038
804416
331066
207979
281125
244726
725377
887339
103169
43821
825792
768517
155427
37164
93067
721822
727839
465320
715192
105799
316365
248940
288433
999749
55418
930635
921758
827935
705251
272129
927796
35289
76545
258863
759620
357670
503589
484997
761361
606758
45170
103506
891628
200598
140670
984695
438772
868509
966367
670316
490661
282732
919257
779094
798833
974675
709729
720591
318963
414980
992720
246759
966621
585618
21974
726241
459640
525563
727591
221002
648674
289113
324508
56654
6063
981530
41349
444835
850040
524068
115152
857053
806800
550761
636147
605634
41788
862228
842577
877103
793561
835298
123863
760182
937268
145837
2776
396908
187753
246719
134262
352779
535832
975122
409433
541896
956653
967134
503083
323045
491202
134587
180098
814354
201700
332597
419988
243489
194825
262566
636944
988386
614216
760807
264921
67836
422997
784049
464744
127102
30768
599007
996233
82952
574129
405666
141200
47134
372800
160636
370179
380354
295223
66629
194708
13276
399226
131049
773117
594052
909967
410061
98790
524183
687221
363711
108371
110218
664112
573115
753672
694880
688474
749905
294185
778956
671923
435385
826090
44723
596021
712622
941429
407597
779251
136137
420873
694830
267186
193990
288882
177153
120403
904024
217688
807624
784088
326059
917842
448200
415527
187866
659433
620353
937771
953618
399309
609694
905355
741752
170769
17729
970726
112198
425326
266329
764688
362551
961159
31874
72893
766393
725380
193296
670418
459420
921
454506
301832
435115
902706
717359
139334
78491
337712
77105
32109
253374
203152
453817
511478
890273
471546
482204
518824
413224
264885
799864
292127
226045
348090
365020
992438
73470
74668
179208
49243
591941
633714
351075
27057
52773
68434
166391
131264
922498
759848
679726
692224
479352
649895
203702
885978
121441
202258
921154
51017
467144
721018
343144
209541
69108
224516
201979
658931
299184
897540
708174
891126
47606
59249
434535
100379
644035
117278
747996
82885
393478
944074
775110
872831
593969
495164
275161
231762
697423
196315
282779
680919
917333
142275
890460
986441
366791
608791
645372
665975
506331
869898
73453
70290
445499
507988
687021
89534
141618
435017
688772
535097
895443
463882
924280
5764
475398
199441
753878
689173
395756
36657
370092
829441
178932
776904
815882
545723
902048
977607
728051
924731
363857
801504
995021
809357
825845
682043
898891
967463
633412
104015
18912
528856
567897
943192
50972
43296
142633
804851
732469
54741
357860
618914
884182
536793
395818
216417
598868
297866
710376
843271
738950
74233
161128
733971
883590
986973
416014
298834
470788
49427
402849
489701
94635
487099
432893
145607
46747
91879
950458
295568
146620
824671
914482
30803
361464
826653
247220
476684
640871
957596
319956
379821
548181
481084
113793
431772
984409
46159
246958
455197
95586
649807
461250
190221
136906
894144
852181
700005
502375
318991
995574
648995
143662
426408
196150
21478
253061
443370
14515
410285
917318
334471
306458
465500
331907
936603
413624
832668
982763
660582
804217
594701
826741
265468
301275
480000
675964
153456
180005
178339
988799
175579
343686
132462
601988
539837
153940
371401
499559
168455
298038
416878
19278
120849
398730
867537
57452
328706
216557
556567
989288
20775
151269
332381
286243
968896
812381
478559
122352
992387
656898
111151
684318
584
759965
802658
56773
430258
690412
556333
598713
988450
973211
134344
109299
888293
518233
683104
216999
734791
239671
722639
755566
907292
571372
558161
876188
383754
553072
514892
892493
209970
142396
576811
726906
902361
379470
783680
332619
586234
340013
447685
574684
829576
98381
200336
234221
616614
399792
967572
351405
639463
206563
623323
63108
777935
697836
455648
161689
250908
970541
570534
977230
629289
147346
220489
531650
43168
520521
380622
629402
376886
344659
720438
722814
443040
437126
957035
576006
836918
924607
443764
992734
647522
67087
55842
425457
281276
27842
103499
48536
998383
674033
25767
144024
337731
246256
192027
380899
283129
572649
526653
660015
433660
763444
382829
393052
200570
856216
969058
37489
780823
412822
546575
944697
996262
118769
370154
277538
146611
473653
326074
661347
664039
868193
805371
1770
630801
997398
382670
913930
86399
425675
90297
36411
189119
473126
429463
906042
329342
398522
459883
626517
811344
6458
571214
323958
641579
457721
117848
788190
447726
960275
449537
111765
828468
771261
113536
975622
285011
12558
889552
371411
954585
496202
407822
143705
969328
353638
566099
815023
752160
25982
957892
79856
548792
45459
920167
190371
19532
38015
494913
467258
998290
944451
579024
343111
232064
208912
318733
517075
221470
724637
404838
176055
220839
329013
836112
706520
682651
918563
37895
951163
460897
512139
31019
9689
73950
951186
716412
93482
505554
211326
560741
503844
672129
656117
363307
904193
865029
198392
937620
602851
439382
342459
295258
660221
187824
647723
883093
870475
566286
437340
821638
543536
465832
369009
553225
539782
836548
785990
633265
342102
997316
710358
362298
669445
366475
725606
89990
747856
923998
27610
867059
363380
886421
678669
539954
74245
326392
939399
461072
409031
893092
282710
952567
358924
168072
22144
898706
4620
324486
48323
346722
321802
758681
709020
507599
641508
950978
113941
905716
391329
657904
772775
754709
544325
967797
811015
134923
294189
266767
595995
219572
159859
878706
688491
35135
563130
226988
933841
567750
551474
498517
430824
873277
257198
656196
897228
415059
607175
11170
320775
998504
669074
609903
269565
729751
577700
596933
864674
388241
863700
460670
124166
539911
855728
812657
575046
418858
39645
25239
502960
591120
523756
933784
980749
297307
589980
394329
712366
197155
405499
549493
712011
590925
675748
981577
320677
769800
94862
701703
158042
958562
162373
798560
14825
18101
611217
589871
953311
167215
615110
456271
274687
138867
390055
255436
436174
980036
166117
664892
693543
571617
214385
921907
678894
406486
419836
515923
176286
514698
217627
850680
989612
380000
649240
4437
914454
260458
594308
867765
944025
725770
324037
218712
380989
230444
990500
333515
726832
156617
998407
936728
244586
729145
858635
923481
135631
278471
439404
828269
793169
657031
678950
782781
553384
328190
303570
984190
105000
414230
851955
565377
140000
692344
784089
37342
439141
290941
370857
165973
447559
885617
619053
692145
614762
477688
131978
266745
756159
87735
95014
65680
261118
773964
364813
814502
618507
668383
798692
239859
598965
167000
805237
738966
375696
589326
776308
331189
880268
663517
13515
844179
549134
632568
52676
680248
110257
184655
946993
382768
272390
558360
964801
533508
848676
329614
864363
983535
514350
179407
223395
113315
862759
28632
368633
238456
134310
661293
569645
530930
324811
583160
375109
390297
732081
944138
70546
842338
128793
533891
225106
917535
608603
706259
451043
457280
35874
831758
440815
66576
11166
180562
179891
873925
209194
64877
628733
859857
726170
714731
390787
567333
814243
282249
473983
546324
226387
544529
905014
871532
594772
646473
789067
719728
352732
756462
693360
904958
588221
650527
971534
115739
831090
667778
506016
40284
732655
134750
416493
975177
365833
323633
542511
180076
605882
532846
242753
348621
593727
147767
220153
188499
794240
525572
424579
663325
282034
117939
568283
386607
768467
539818
502346
599557
207596
8363
156193
456603
659465
572687
431780
25298
896320
490643
721726
18554
23489
480831
367175
617216
628599
103680
322068
939191
629252
262999
118868
427638
380939
687152
814246
149406
226970
316592
265315
950918
841307
937860
923873
500772
26899
872005
42422
923219
879001
280501
458125
418842
761332
341652
552411
906283
445332
874479
361827
590936
653830
480695
18575
34769
167847
349173
700527
911169
182117
482194
862087
23425
420055
302312
40549
446954
174318
599324
886526
53319
879825
344651
472161
157509
202656
24572
63793
647988
415403
425620
755277
69234
906315
290204
620355
74163
639377
320883
501684
821494
319429
363772
361271
739484
182436
918173
186439
356754
517497
72965
926425
913674
933968
914939
71183
136624
455863
134976
300965
871267
560596
572594
456853
983264
862798
593560
57427
502175
430795
559111
840021
750225
439235
201293
489709
138024
119466
192500
494778
153315
781817
937556
66989
715786
852495
138172
368762
308358
273149
186079
695977
350097
758673
152830
333361
621471
746391
907140
639998
693538
982604
996372
443763
938191
714017
933473
76215
349835
642325
570994
503150
424143
24902
570139
656281
877397
224663
25043
185755
14164
727475
398085
364262
486148
67267
213975
623972
330010
121116
780322
23549
620072
776694
467312
558263
490711
917137
634479
840546
559463
721825
860048
983606
746727
946539
639887
624124
171203
181282
326231
185367
425109
724316
65981
911258
307936
279957
51582
637946
917425
831904
661495
537497
608599
128808
95760
615662
45945
730239
972561
605408
968416
832609
105366
715143
779149
261605
855619
950352
442888
181851
652071
867997
422519
718053
295607
246807
514362
347189
884754
431787
179094
546249
485636
304045
675057
97748
919707
237355
344340
408620
842763
312756
241230
464482
27900
20379
726087
883519
487083
685327
581722
655506
69677
520594
373559
365284
767401
404273
228826
652155
352412
924272
198405
838048
228317
389814
935797
664376
627169
280137
72997
986285
109245
830579
450767
137145
850958
176854
537017
854393
862182
118739
509899
448211
155685
399811
813495
923087
804084
558673
91594
672849
482945
806351
510897
711262
712518
963046
891991
339687
759535
964988
842324
868781
795567
293091
522278
162877
986298
59295
533622
364832
178035
559873
813043
850072
476036
142890
773159
796473
701564
381106
469322
184509
187457
980219
412124
899975
459618
304115
756015
735505
785455
598339
120638
97374
407783
642917
776603
910433
702212
310225
791617
396599
386450
604660
246672
862487
263902
536183
658960
965466
433641
128282
149976
621099
624853
78452
37426
600823
382567
309793
336329
684374
908133
456967
781748
832268
616236
558351
259053
318449
384928
50670
231400
771378
171682
994424
633865
435584
46960
809177
401051
480601
937459
67379
101700
562313
145831
655479
163136
44750
965272
15817
729124
389757
989137
27224
738377
605373
101927
997430
440174
486855
48100
671575
774585
219782
182351
408451
171719
229311
217628
572770
709913
671440
156501
327965
750105
818684
983444
429593
379786
465069
445411
108910
854826
434548
652486
593204
39921
754413
106986
480096
241268
155087
668023
532205
891221
850374
940656
62940
79686
674637
152062
305951
862429
308563
633916
612534
643599
133713
42127
23385
598782
487538
648647
969960
438438
301133
79516
994712
571898
186503
991160
329518
857942
659183
861724
749163
25909
318732
328456
105595
993369
996870
927898
372150
821786
561815
984684
465385
695528
26812
488771
810662
30702
653770
296974
985493
954904
376491
980205
43154
562994
971365
372673
937288
630548
234397
202803
172809
553129
531259
794757
62851
44482
722655
435001
866268
284470
419686
848005
496350
962850
853128
823364
509904
506899
120339
495397
978155
496830
475602
21309
576176
963319
393982
513464
110219
144731
716267
283029
214213
763879
77786
277064
808361
800441
228417
190981
84912
164455
38986
97614
643657
892115
920979
153562
915366
41318
165311
893521
54500
640914
431182
147028
604233
825165
660492
230805
486248
893111
513834
700461
656990
591620
493877
465351
392061
238647
172684
993325
403102
211671
90940
46760
103786
528271
716674
535504
85941
881985
429025
140441
39251
860207
287469
159837
201724
464313
390642
204325
357424
904476
904786
530767
496096
915016
512470
404509
153663
685155
397835
556765
896826
5127
119877
516964
533398
836551
52468
135691
234889
997845
792484
274140
858052
596305
433977
576129
60618
824619
780454
934394
729095
201592
465161
741543
116608
977632
146053
786623
662787
543888
859741
75965
65367
979618
592929
115117
332522
161749
250808
567411
159594
43292
357903
17646
155949
791881
593775
216567
616500
890581
667313
861948
92174
132475
603491
208782
110107
749544
995406
289246
809784
371499
365211
875151
351117
958140
990268
199991
119889
757428
283754
795835
317072
641658
813481
473021
433539
923609
205940
566391
330542
873254
428339
422716
5729
548183
147851
632188
297727
659609
921434
623864
31108
286645
499015
898577
761137
5636
98569
397378
279416
382323
193213
596489
540333
523046
585862
490224
963007
791803
56616
293550
665057
1307
232618
187138
549490
380469
819326
363570
556430
257112
987434
587538
60109
2801
2468
337598
524789
101037
734976
804206
999712
444541
917047
56398
483939
502909
546622
446947
811064
603238
256849
476121
120898
5819
663259
186740
902641
998937
66662
459071
256049
54096
562962
316158
573250
565430
653756
614391
182819
905084
934949
698883
865977
851996
755281
349917
871258
301904
313216
682322
421494
570065
674796
542392
92236
854407
245485
994877
853345
312147
453949
625746
882596
16911
458257
455846
98693
628365
70237
281512
533450
5187
980395
399427
373535
735677
265696
761145
553933
578912
959820
975427
665329
634616
34172
757566
489023
279657
752443
858720
591804
722744
484467
474400
256007
459076
446598
354700
87441
33188
152564
137243
38375
649312
536671
928262
901341
318719
689408
455274
897632
649228
430701
562961
800196
464873
836879
805571
744530
105675
180644
852687
828419
181463
843439
84427
640539
290038
955479
727980
839578
624396
865224
394305
273708
918247
322567
175049
753318
528327
630323
650950
693907
577376
730264
494103
42250
567143
816027
303132
189170
996671
672171
17590
178134
515611
618369
818673
322001
573848
63005
161579
198244
444581
555884
988304
879180
394803
163353
632499
923131
310028
799801
133390
887405
530065
143846
929655
613561
959873
749139
802731
472896
421311
820321
651030
453274
955042
986055
291627
45243
565412
453206
759839
526346
525442
748144
405526
436597
427849
554377
359728
737878
354179
9471
625283
884244
153317
71290
497805
629542
820429
816889
102438
758092
153562
269820
727718
108605
772227
19345
153848
337639
988903
430039
863985
514345
178183
785864
950943
606033
340241
827023
343911
694420
836494
485546
578665
506163
556836
592822
135705
893617
926063
754495
168062
79626
24315
895780
188231
796542
915126
858431
650534
904029
288470
30871
934727
983006
816735
402022
589039
156977
229045
449302
367749
581892
451200
462766
88055
8036
55589
740113
418005
981652
494608
586067
577630
35276
998200
765861
348170
913326
140644
998704
333707
945467
545928
784786
928473
362663
186808
33864
35992
415854
483166
403742
514098
934366
382860
602153
458754
438449
858618
393111
936454
869579
495531
514084
421207
493731
796298
769377
923409
453294
284434
257116
398761
830362
41903
327234
709377
228711
361098
261722
160917
360616
181816
675015
811334
564676
793521
786440
519478
168491
179552
972284
38070
675083
486368
459277
168814
799018
745007
92223
768665
29441
865691
167426
376155
423946
11013
85532
169010
888463
863606
329927
249080
45422
521295
576766
610099
314816
363207
129577
999659
542759
101861
37730
217842
104581
13359
903008
419952
758366
511583
188617
787807
377274
872395
163962
317573
399760
765847
486583
288224
629453
332862
537304
191228
370509
114070
801327
201677
993629
447256
201337
536388
65469
239067
270582
686402
252426
689942
106354
10793
201525
811323
314952
95152
200071
478915
412725
599831
761114
415660
888055
906919
748522
941711
98147
635384
572134
415826
837061
565763
863082
38398
618504
444903
277465
889086
131306
46244
579029
754012
573389
296906
565336
888341
392058
281759
883608
321135
881590
644722
736795
285998
67994
1670
227709
166141
637054
799843
581968
474115
881959
961402
512514
500463
406306
306331
905901
537612
868927
1282
291624
442316
298189
373312
330658
206599
655071
214266
527735
536662
375341
780882
339012
443335
298904
566721
609476
452310
882917
707796
442778
281228
669199
471644
781691
75505
777975
203944
613117
646903
205227
421093
89219
19768
794406
419877
226367
449477
150496
270454
502491
525837
567689
841503
969172
382945
924577
95000
835256
807494
802797
278034
605074
471996
749678
386765
63853
44005
107061
676970
690908
312288
614415
296480
332056
408821
232709
74776
374651
899557
861582
877142
425394
945623
234998
910918
328569
159575
5919
163825
483421
808716
958211
88495
797064
707889
991612
860917
268246
98673
54239
475507
927314
668654
771987
775722
77476
521048
366850
452127
420606
228433
845621
362352
174056
596971
273271
18977
272898
279190
699154
272671
604258
657365
877518
401322
881606
385482
778591
149853
484156
832830
625360
927822
17836
913699
703544
611664
434747
70395
580143
855353
815180
425765
734058
505588
539088
7329
524566
811987
286519
223720
84658
407129
881086
478529
324803
762692
864011
103394
428897
864519
452576
54257
792341
470412
967956
12238
82077
919056
82633
662220
290761
414165
604337
24819
919753
659778
32148
444319
471765
835019
668040
72775
242148
65478
551304
83303
344522
415316
186697
773420
279835
155625
344029
72177
142390
828338
84415
740819
747394
683400
919391
38155
97565
40081
62975
533670
699859
95123
977990
171624
446495
162382
760751
688643
744212
312056
288299
88734
243724
474996
378506
523559
146974
238888
112088
805716
67226
712855
546535
814620
396255
982278
852775
10172
22359
432102
543843
238570
43578
38185
926546
490073
200567
687298
695068
461131
999354
983367
66217
243078
974716
961076
282989
121690
199964
395078
443758
267190
624285
506645
598162
536893
488923
450937
547065
27635
399392
607260
266205
442970
645445
192752
933043
362364
396402
628111
339847
395756
611479
406065
155186
102547
367141
954527
740589
83457
865957
184347
350647
490243
690992
948809
27136
696267
916098
90553
723902
315490
697814
506460
758460
859611
699212
207855
738328
95614
352319
78175
7722
480150
592
679260
582697
884085
150139
323286
967542
16097
507633
318189
506340
714977
783350
533476
411244
215801
624029
135147
531291
838195
641607
806104
697807
857171
13959
952487
469137
882630
547014
993211
362780
547607
188823
945477
948044
338962
268763
915587
355059
292748
750128
861399
7725
533479
911227
935322
749280
535257
70469
796923
889804
228428
603027
103963
601951
133339
56450
587440
15969
119817
97003
378750
183776
285826
840579
131820
624788
625695
47407
496200
918443
797536
873951
442521
847367
785179
377843
596647
836788
964664
393570
726592
709444
512950
830556
827747
162641
887006
415187
178610
523175
512190
73712
706951
314368
430644
838772
939156
56339
886179
951708
974782
200067
825660
933655
47434
610839
827850
160433
447627
792514
70356
174219
18310
583306
521127
846057
262299
924486
777596
440909
447661
806138
30974
154613
120506
461618
993385
576015
517957
395916
527723
9091
112336
353383
459099
159770
480574
286949
836556
928201
595816
906912
618773
130478
6570
139900
976536
268869
580738
270484
226130
28400
76623
773456
183013
197129
235074
692750
289496
269383
605018
817220
794827
717354
170603
253926
393477
167530
57227
230033
612083
653043
653297
230856
783522
659867
887109
276410
928736
467847
546894
671218
12599
139869
444675
195612
853351
196101
404714
142847
981837
9733
960067
776664
727087
647023
546942
120564
814553
604169
866949
426636
773565
520246
173845
557087
696465
577306
349849
141553
561505
413095
812772
574105
552965
773799
286069
922668
969900
690784
65515
951737
700517
541935
728401
943956
705310
791695
64521
36215
395865
447822
979203
169430
484421
153048
242869
180886
246706
109070
838792
808212
522165
651564
898669
591482
425363
184738
514150
395263
391874
96018
863353
92391
154305
108106
36348
859615
899802
617221
895830
812019
581395
875033
497801
65816
544434
740670
763055
791140
849740
601847
115704
888257
769763
530725
479740
195126
231816
510242
106741
623690
606260
486446
716082
760565
594553
268782
136532
494355
402355
32362
822726
983750
423748
320527
565919
968182
577549
845326
275674
943641
447173
907731
831898
216936
438456
311638
928414
670272
338233
551507
293963
460845
37954
526397
221411
632507
311531
874295
643214
230238
906658
465940
730340
846758
302819
296259
814940
880368
141585
606966
824009
105110
514697
655907
322046
469506
483898
766812
656130
822131
318320
466445
282976
872626
509194
20739
505133
820725
895035
664699
567315
318045
646991
297656
164803
949810
593915
496095
830178
251853
103061
654187
356963
134111
826446
195362
119969
310344
478526
776099
648827
796846
242545
448156
185824
268091
985247
690957
88817
396634
872008
172484
714679
518999
470140
395834
985161
580408
891929
815339
832261
511343
985878
705576
161806
812325
900938
281775
639021
895817
574226
804201
692663
333123
252357
878488
601215
237604
85797
206384
634239
474158
378868
865270
509509
849009
777457
494671
429417
185738
826362
778030
697081
328593
483606
375239
657270
900897
173366
296291
796714
747593
100492
5729
597068
869201
400569
198283
623158
2719
404667
773749
993229
299888
639019
502738
148897
932828
513761
94666
118567
340124
389048
332000
668717
872654
707240
842339
289903
396958
138630
602969
144551
755475
608699
257972
141028
525620
456255
764186
44691
377275
537935
37920
677163
693307
540659
342412
626135
54420
953430
744702
910896
342478
76703
95965
731484
300295
938304
21388
697253
593287
624357
358157
865114
749408
616129
6142
791381
588736
770329
836072
966011
308264
873993
159526
1571
931004
18290
627707
501776
971720
888761
929025
830550
965464
541342
562035
782111
479647
99775
479365
589286
240484
837522
454400
989893
453651
976894
297626
42387
747223
133698
524751
571840
524043
200629
89763
971399
218920
233822
989528
190640
122584
918553
21191
604400
459895
99578
386512
455894
199353
865877
45180
439837
219751
15932
946082
189754
992827
243708
748493
256402
893759
273244
828242
934154
473874
918006
905554
209146
668180
895082
399786
790764
813635
937329
395165
789882
553259
298029
245777
752612
680258
807309
708802
900009
823242
654884
606115
332421
414945
354608
588823
308704
144205
933418
242858
134431
367776
664764
343577
35956
559846
259715
343073
889833
713397
254590
679716
266656
552619
925493
535621
232877
249154
244423
649238
72396
899307
255353
921169
314252
126313
26345
139308
786870
959763
382167
921301
843891
46931
264878
879847
123130
40946
739272
12963
754343
993862
209031
537351
546481
650876
72972
295710
900031
317395
461300
972427
733055
233005
409949
563659
359319
436294
702968
146189
912409
601487
583843
756300
164770
365073
152499
287900
406019
891772
817216
676714
885634
542599
214066
948468
193476
287038
244178
93507
604434
221831
582286
853841
454836
992235
417500
814155
944881
120468
476697
857290
238307
60540
613590
403078
941965
282442
207330
347985
690566
540898
24699
92552
83498
238765
41020
276974
42156
801551
886833
646590
23382
469119
500431
478218
977707
434283
808726
922588
554752
801775
779879
309411
378667
909821
712489
320632
708615
436172
184969
399181
977070
209669
491734
576920
964786
49106
370246
6942
367009
257079
169884
390391
726199
186667
384962
703906
620951
710040
142846
692055
28167
922725
1466
406834
348899
713956
243818
57514
666480
428788
973048
159902
638457
981134
736823
119595
30240
107069
126538
397250
364149
296422
303993
606700
999442
688955
826958
620393
915347
486156
312448
943514
408882
313914
350348
274133
544222
594167
331647
727054
539307
304695
886957
177764
285829
140132
813711
832422
247201
940249
746024
127702
753024
50017
250754
752466
255325
594064
889211
170672
80221
718011
630539
5455
548277
497239
279588
608852
607758
127587
335906
147065
432283
222863
841181
234464
362995
654893
583238
126549
595142
329262
770603
864518
895632
21358
133336
150957
131774
22547
837981
211995
256910
468520
217450
805188
965760
13390
414040
89870
140978
749946
236936
89613
489162
78117
840429
368509
733010
423668
495058
844505
269282
782014
709023
164914
319724
358712
832223
451498
381259
670205
179846
154522
655077
913648
959710
137189
927039
373750
227060
68017
640048
463996
673982
129210
58465
514411
497720
791476
454431
509130
635981
723714
807496
861356
404980
127220
220068
237204
95071
117680
423761
791269
272202
78838
704917
748264
732380
631956
122014
959440
216325
762062
939788
406659
407625
998253
921071
421697
306081
375502
447179
458414
615568
254676
319771
20549
898248
56191
257753
509671
690223
681514
300940
478777
276704
5858
743393
9084
154166
865407
484876
886844
143822
424664
293503
67799
939270
730926
489496
245351
622781
453027
703766
238349
707703
539889
775250
122304
112432
549355
631975
319008
747221
932916
797785
23926
455126
541179
549362
609292
922938
34239
12488
583112
458903
305992
650911
398173
553270
656759
159877
176051
109787
863643
414401
333842
403532
706003
456146
515964
255359
604474
351324
2580
537390
665462
26506
992516
722993
575869
118160
645931
126460
130649
745396
585363
952993
396307
499889
506263
569419
659766
682315
679206
39761
613068
13048
443293
319071
985547
475609
574430
590021
343286
93363
127411
8748
119869
636279
731741
212090
270791
894024
338550
917792
639420
440266
387137
552080
456507
893401
121499
632625
92068
800705
672386
221488
330105
632031
56911
315652
623992
147694
905673
967278
241057
549436
976026
877278
702067
707767
605721
489211
601792
460623
407003
757564
900889
310493
309644
873748
720246
947495
506373
812314
748200
695111
550154
594658
327142
607065
426662
951135
754759
332336
434765
512168
398124
410792
389447
616544
634911
995168
105755
753055
455791
29110
510620
873033
339603
336616
263133
59849
284112
769507
388515
548664
464618
938669
143322
308113
62087
569985
259248
816846
418673
694013
329015
816797
621157
234814
949693
256069
746334
55448
9124
718477
600911
36096
591510
940514
372713
370996
516716
656825
140503
905231
205489
121473
360253
865164
429586
422340
951501
205186
755538
370174
415552
84553
703323
36709
835719
653017
809130
582053
224817
818255
300531
825728
370703
408393
766243
743416
779389
282959
916593
436244
704542
638435
74070
64795
19951
503656
487135
971452
708843
242674
341626
124395
843579
561301
677456
195651
214318
486587
294056
955488
821194
110939
781216
191897
519333
63811
451666
815074
346770
884611
767671
567665
523046
841741
632460
59349
861749
635948
30801
570592
394974
372427
211339
754905
450081
405148
950556
664399
891735
244613
136239
229281
355552
917456
421178
391237
981267
389196
722664
844390
273808
490335
412055
313206
848428
560867
372556
710177
713167
403357
797122
108141
292137
524813
379399
742218
929961
329955
922969
338048
90920
59209
567329
446473
493017
504860
354062
474284
894056
76726
835026
684216
83413
247081
997423
931841
324301
886331
642019
37468
289688
955493
661962
98177
480306
41361
356747
926620
887668
796069
264668
978589
371630
831998
425062
864647
336858
295476
855283
747266
372203
690310
431483
455616
453743
945258
903810
778044
831589
545829
331865
637629
17674
510179
735807
497980
551540
608906
424600
439208
404975
205621
934149
776605
37619
875563
157604
890829
171040
12888
154447
543243
703198
585930
515211
156941
531188
419021
451338
879129
481202
783203
516759
498876
293382
252566
513209
361274
377824
454161
316834
782800
659782
250984
559405
213753
126547
233362
104582
297587
246250
775382
357182
949448
361312
388746
622741
408853
807767
74079
287982
805322
857282
804741
820550
667016
573659
333759
28290
951484
304273
861477
734284
964055
112461
810041
177809
239008
43403
798743
52948
806005
574125
926482
755453
935438
315228
378195
860643
639348
968626
148625
444670
342261
469719
781572
9277
559730
631684
553920
511214
935957
415397
761850
900012
44210
88244
77821
799570
647999
392917
852518
454005
967042
295353
725810
418832
610581
620357
279475
249929
588984
944453
210951
931245
930524
992524
456874
490254
624208
10794
1469
560165
942543
279671
460177
503105
367915
54351
302676
15915
963620
671546
986272
930662
966899
712082
349495
577481
332440
145322
343762
921424
606127
554714
369021
536651
547238
825895
26906
171446
353042
544727
247963
811937
824398
224492
315043
708666
795195
617719
240933
758815
805617
227205
689478
772517
939287
555325
866350
788079
700647
210112
225855
823127
281178
594876
359778
828416
420772
903036
516214
290166
964115
764177
102103
304866
988670
417146
13532
783865
551217
254465
542681
356835
998022
748511
129352
937309
303836
512054
241741
520835
238518
467596
343962
519697
62473
220093
348113
999597
639481
864328
289763
603597
144857
391866
908463
133527
325365
438347
433745
876582
692812
976426
233417
690834
724937
879121
144495
545125
391175
902588
65960
629694
370185
926275
665743
949010
662720
13856
464959
302201
394536
754722
422150
539394
662940
330613
189273
988305
768960
623018
381240
978124
115796
614657
185310
357085
10131
846158
902210
401306
748746
484523
547352
118931
410798
213095
584293
73518
743304
49252
892071
654192
803974
314222
709938
983267
161187
899212
487924
446500
38582
869164
424624
154379
483822
126287
27816
493953
972445
930027
411611
721191
414550
475316
356475
341700
204763
940768
931570
948067
990021
339993
118612
310347
654215
828550
293614
331755
727762
781539
778255
282697
650703
719231
437076
650877
845518
464892
661182
817963
911271
589146
55507
842173
64462
411982
700225
269225
869102
631795
733645
859123
488141
852257
685823
142356
197159
979437
474111
924922
277328
768718
207619
444384
487950
161047
611613
333468
142291
272796
667784
53563
378294
239643
412088
442756
167977
112314
228333
37079
744109
478330
412555
748602
846939
98378
890959
44099
594167
881422
485373
871496
650141
209344
832232
654443
370391
443845
504263
29034
232993
688399
82597
611287
928042
494686
570395
612371
607000
315081
649451
867461
309763
578358
616064
156703
193088
23375
717154
787255
421149
202527
175103
587642
411871
523687
242085
298614
967533
746349
327648
716878
434748
926598
328166
362791
421284
414913
975162
544636
729994
140965
928449
39758
235675
60865
712813
428763
84240
429967
732371
21742
632494
423826
609384
560717
947514
851470
859331
431399
597819
186979
148277
548919
113577
992795
911710
51213
407709
403225
112201
137703
60542
40651
693813
812570
617868
406626
241333
218461
836593
490056
240203
985439
913883
849587
546156
377749
701057
405487
809148
815228
108819
957425
364148
738748
466573
792210
789962
874282
711787
418515
11985
288682
459166
222151
101252
77035
628777
858937
295496
465371
348994
52051
450810
262877
901638
513319
156978
119048
435158
966126
450628
543977
439903
331128
282726
906476
123339
589040
780758
351478
7555
309096
640160
983074
531247
257764
576461
160024
116702
388309
141747
465696
440360
108910
244925
858350
622229
401903
493750
573739
884381
944379
117717
324284
275507
916795
747113
915198
22187
527871
783029
546094
353319
423189
45520
884566
197306
621981
560943
314008
526642
219042
296056
967002
844304
57333
341705
982885
459236
835455
556625
343617
296186
190694
184253
571694
107489
931366
3244
646028
975590
786273
192122
328909
725815
237643
729828
923121
375976
807123
753481
902619
542517
565889
385973
386822
623222
727678
369707
82458
79486
442684
942427
375672
633378
643032
463718
740867
574399
983315
903247
66341
769588
95370
911602
11755
849365
641430
451228
225341
964905
204709
644312
507423
770598
30286
410597
393820
274316
780304
992630
353802
739341
451409
729475
372719
94442
709545
629939
185193
692860
533186
767886
462449
144908
679488
990556
994273
837271
441785
735967
802176
162846
380279
825951
933445
410565
236548
843617
684882
533205
352600
555036
272546
320361
800863
645265
931155
510409
275204
632700
203269
324743
400586
182070
469651
596427
172627
980277
433698
130764
716244
752226
293610
612875
578178
743407
539793
331078
103377
741027
380635
455977
296063
653181
292690
96927
814799
223846
123688
606355
856546
326957
931098
773485
25380
917102
369912
714359
897379
319962
845123
613623
72188
655085
742850
166718
398493
282643
14149
501870
23670
394784
474199
319734
47966
283241
933013
379117
507087
56701
985472
879986
900010
916571
653471
925390
833673
539735
156101
247404
859697
517576
377379
448237
172662
120229
131308
87507
402873
145457
589377
942895
56593
579928
262629
620911
863169
711994
28
886609
768695
985501
766595
668706
418424
936418
110448
768449
992505
266550
15853
852202
784126
393232
816791
473140
513461
464451
560647
432686
126260
666376
375582
182854
246304
154563
803765
625826
382910
803794
28787
151605
789295
795382
336663
724071
248152
963464
492520
240657
746366
508373
609211
530492
417957
426002
3633
447770
406806
80632
880457
533066
747009
772391
715920
993313
443306
519686
135491
826216
323480
164278
977822
629127
476012
830837
353198
724164
794301
845718
964821
540667
870443
574032
587512
288400
516387
107497
736170
923193
188129
132979
972611
935138
905370
688532
444804
348677
208218
96647
691245
48050
777278
185419
677177
253290
16257
546727
977455
326910
908797
458628
383930
779240
549013
487794
67640
581752
111643
320162
21297
299772
453142
993908
751263
874864
682440
712419
739893
407010
809066
431139
971412
586344
616558
164941
355987
149167
711668
849794
992430
620465
308422
376360
916057
373787
380506
500049
955539
492149
820212
976836
308273
789706
487097
575888
180922
685889
288307
920816
92900
613726
868307
64312
716422
484865
229254
72409
150385
457274
922203
142815
594092
746978
35527
510149
120765
416033
10199
592657
908182
346763
569493
732807
136469
572942
308696
317391
258832
113355
754559
868084
727081
622866
932396
959856
107732
678002
548617
258117
651629
470821
917284
245721
734151
952811
755870
854916
368844
766069
447573
793378
629184
533419
526185
765653
106361
351233
599397
881545
464589
353956
749629
708022
976823
198378
667878
600907
392732
216496
375376
44361
203669
292660
290082
937820
245471
45953
309088
614315
328374
273014
407693
957559
322785
450230
239564
945498
317816
838961
827044
782405
709270
93025
6779
686093
291403
674658
287000
684136
407506
178728
728497
127527
471388
18580
581699
716859
580885
407139
847526
425611
680153
771571
899522
519290
221801
139087
464789
539617
978048
808185
838374
687318
901210
845154
889763
708966
36164
693115
393102
960022
871843
637951
87549
343231
172883
669248
576442
753768
592739
423968
695732
789245
195539
595254
308535
933693
734341
289676
989662
228742
97861
828037
432412
515424
673191
838528
224390
225707
531643
617492
185729
919839
771795
273278
779422
944679
458878
355865
214799
51617
296185
910531
840862
491725
22138
665750
941770
756479
955426
931432
501573
569640
759469
450338
85064
949012
288866
309454
174719
336861
443298
360448
256700
215093
150078
552475
159772
608956
908340
374572
176926
720877
801455
534140
212602
823593
199890
670724
96425
671669
602157
114350
241309
361626
564688
326373
826991
369906
635827
1710
706768
595477
878511
479820
810570
28589
32295
970343
153898
456987
861267
330824
177865
179074
381316
906819
519020
581207
577544
615445
769228
179701
729795
10537
57679
810836
336910
884670
180742
489089
402733
887510
84566
281244
883683
411488
309833
915978
898183
463731
372966
275802
310907
67183
454877
692224
490354
973897
789783
67898
105694
559011
763951
351841
569548
337983
162677
422810
739005
343420
428251
141738
747282
29169
422982
630965
957009
249168
63296
855193
229251
952614
130995
540159
19797
102224
748735
510151
592473
538518
94402
698167
97529
858353
566361
183429
712688
729038
122591
451694
588810
67194
593432
852445
612715
532767
999762
569724
298287
63058
424917
527538
15672
72265
584049
551821
174489
849136
578325
766963
387654
672727
981482
1535
47432
547843
701316
760121
793234
340259
211815
382044
407453
321599
750841
536520
370718
750604
106245
669005
330014
47514
712896
345687
119779
813297
413860
294269
662434
992185
577584
50088
664912
559066
567976
228697
106910
269292
988818
900144
125904
716985
798540
49709
554936
549382
586230
925655
816338
692475
111012
146352
739989
823908
8391
376121
153558
938604
670390
815992
930789
247974
382432
112054
323392
466760
340751
430302
252405
845921
846798
378309
562906
645339
428018
117842
711073
14248
43497
43763
223075
670862
706467
479417
494770
714859
855538
164680
653463
42280
980672
100604
806606
879457
212658
129998
346217
69761
76653
598622
915682
923451
493283
994940
85142
921302
112783
312567
451902
672632
356330
191330
343494
62798
670747
354617
294009
42637
519297
463824
601269
16322
564428
924227
895779
293439
570577
758348
363200
647230
873323
795235
87034
366606
790175
172176
287908
902958
1096
256163
91943
357426
447493
951789
420224
634592
822758
230585
193581
342056
694409
311202
874730
258838
235429
286861
68629
322358
45209
431829
485941
918532
743416
572975
285139
533592
261503
89399
952902
262599
861914
44845
136378
309407
512987
72954
460351
335745
303540
170284
194153
997949
481486
585235
773139
233267
872096
841768
71978
917306
789950
557919
352190
533366
130894
153681
583310
908749
243081
536213
687701
621347
97410
824079
447107
610397
413385
907458
462495
716925
594095
173000
231227
75581
758236
4366
825201
630332
362487
897179
63990
668789
455098
416181
718507
102344
569862
301818
527445
329295
838031
215146
950643
451793
555577
914102
62191
968963
821560
41038
202240
932007
214038
433467
523941
972274
954186
349142
118959
833025
762673
182949
501814
734123
115482
736673
836467
201697
38491
880264
47344
392874
611763
514339
844668
167340
428441
423211
652655
766354
464249
854896
698361
194639
804715
222302
166914
758901
571444
802225
591926
850469
985174
610092
584592
617009
346766
937411
818706
901609
817676
866050
294484
429439
380390
655504
113131
808831
78715
282139
575185
59316
137035
789899
253955
941750
12201
937221
217004
99998
739446
808930
950467
240973
935375
51412
857982
282141
988823
193040
700102
322851
59090
994586
752290
955832
166442
381774
281016
245157
663913
372553
304473
317300
162452
74781
775402
174654
12002
992406
791004
267801
317689
257823
508774
253064
309235
883108
51557
298059
76148
751659
620910
651590
262598
889553
123775
429040
787679
404791
190550
451592
777344
495023
285244
456149
86156
60646
147155
614511
53053
938159
882312
887094
195982
907438
656510
505218
790546
708067
319629
383046
976078
456891
550988
238676
862796
674763
667717
650475
79554
858267
618419
373251
869642
903663
829400
472151
964310
976555
86662
533715
914714
968974
420809
627048
392764
593671
648618
699662
301738
968247
82708
794168
941491
150048
32845
804287
341164
216914
971115
420718
591533
589534
310321
977527
9550
139721
449678
973860
632628
536340
23927
63694
21666
961088
690743
414430
554759
855713
114092
372849
340313
713152
167017
281804
379553
716214
602443
720717
933128
89910
657787
41013
679445
968109
18541
688995
624182
984571
179207
256811
520912
203134
836857
58930
164222
43952
989713
235333
899666
620157
608182
239979
849662
775199
38135
229215
491414
640578
949932
940894
730489
607719
981908
926286
92180
449
131633
232715
985020
827192
5878
22284
30326
842735
597567
710900
886688
587280
946233
786354
723789
70767
542685
573451
845966
580820
802666
853732
737750
268950
794627
984591
393022
292887
910877
1554
809688
558862
234269
794708
386054
240147
333345
932732
82883
447264
159984
485923
550896
622569
272277
274685
693336
814962
364489
539303
912134
683507
909387
649884
952458
220366
634476
861832
513253
61705
863386
322941
620568
614008
634002
522974
854155
483699
972059
453390
930963
132043
939313
998211
754613
727942
272896
447949
542904
637385
503604
971390
320893
929344
621275
789703
149710
255751
651535
179316
317456
31273
18609
938024
645281
168963
977351
15789
652662
949410
469179
99977
597805
408493
98188
868770
136435
887437
833072
195692
524822
853028
167082
362067
782372
304709
151770
448435
560460
319657
144103
877917
867283
162712
332293
28916
331676
825996
44705
500690
775406
513885
600668
889564
438730
215208
758334
91517
102645
591406
803561
143820
444435
486996
505887
743159
791705
174010
707946
868518
10019
852049
746435
877302
531114
595080
422571
379142
421077
467276
879832
196483
497513
996852
602399
452595
728413
360734
60465
831058
468492
380378
974878
429279
867374
997118
688791
175432
687480
396737
43950
697499
248787
306737
91154
296253
901817
513725
675395
322894
497353
71579
35730
511219
584784
638129
963814
313197
515215
540631
144255
983708
921010
635486
929339
304736
148956
618130
480168
836436
14868
40470
50287
780007
347207
141441
76260
765377
171518
268007
88271
185224
339586
640353
696443
924370
278483
176609
753919
310050
717241
898175
810110
638251
50013
739450
942987
198969
357580
939508
35405
888800
979978
85692
185159
843538
743486
777771
608915
431356
45778
213538
616580
901717
853892
829375
342439
648727
5985
96359
958777
239578
510886
768888
394181
560899
24690
853520
759868
898622
309380
311625
787423
289359
397317
488934
649249
657155
266706
774516
88512
312484
988054
221444
730553
358298
567172
72993
7025
89509
169352
482155
329087
196590
251043
239620
757489
792085
93140
33709
690707
402521
345334
994482
208232
259003
483417
373833
916159
266475
148349
521023
95311
652755
258819
825865
11054
825991
415210
18079
915500
100914
16586
760939
297504
783981
559
54993
576066
93700
88702
783126
12573
434036
777608
220805
209391
777377
594638
125550
43852
259339
162925
139164
912094
421745
481381
923148
764088
896591
457580
679589
997505
474166
440528
295009
258148
957440
350002
834214
51140
955056
617340
580065
905444
911301
800870
114835
688678
911860
756738
248883
171199
919663
904399
83293
857760
385780
522794
138201
798723
980374
817790
796228
454540
774670
91237
712688
248462
957591
63255
299602
428999
196947
879667
334443
108248
196889
965630
313279
108749
722368
78514
796300
158384
982913
879594
532496
885045
402388
670697
683768
899114
4839
479996
353654
779510
87585
582695
27972
561528
162302
843927
506879
359249
239946
841322
983850
953188
323304
813481
578289
45673
891995
374590
204057
391260
770536
736553
276305
689276
923603
960073
588390
928442
956421
458396
707952
560358
41091
252277
638238
719745
612556
145117
595347
368854
502791
579197
322042
826095
909030
900332
871768
801025
791274
592177
708637
561810
845083
984942
767438
768686
461367
355828
697128
417788
814224
921433
494498
371668
690062
132736
91413
302618
277853
686760
187824
780644
782309
26219
606739
691339
926551
994860
8716
234177
587037
717353
312339
948472
218647
79777
717158
680014
435605
414287
614154
766181
852072
108652
137849
542134
241388
229263
361104
519241
432375
548928
816237
731037
575147
422977
422376
18050
934189
947445
768579
37578
664798
80918
986051
883446
160695
703209
79812
112652
633848
693967
878834
2272
802619
16683
544406
560360
762298
421862
79601
711026
970791
412191
442063
62290
835168
380791
596693
285709
328236
365272
323287
509387
962543
309338
909185
639590
528900
988997
752243
679100
682964
147429
681373
1936
680464
225779
562296
442763
163994
641897
670141
134785
570440
112204
713427
405608
9347
826472
207669
337584
191745
530957
846971
670640
356647
272508
310230
885547
261505
578825
564648
944470
726254
762373
946406
406719
988152
25054
365834
668498
183303
35975
319635
753744
664531
33063
159352
673878
859535
883374
527814
567632
414331
891137
238272
770978
163645
64855
172878
425151
643680
253878
885973
369935
16251
348731
293006
520755
373785
175192
189254
557088
727519
508889
310832
392050
58304
986537
582280
917840
869911
626447
1824
800594
517584
756449
87924
197582
821304
260802
139085
981336
514680
25058
867623
530931
373789
160629
51687
263926
335821
757293
821014
579692
266182
648199
971742
324487
634736
70375
758679
20999
213174
276855
337945
247110
33304
425869
444692
370960
203024
583777
868649
717704
125187
736272
764988
15328
413254
333027
279254
265427
90320
616621
845120
872854
264820
333214
197341
415908
403589
472372
953259
133115
749228
291204
380226
298884
717073
824918
669845
436449
925048
54846
154154
50235
791118
435494
65564
204372
284873
344818
986152
891545
477791
831272
764399
258963
164486
478093
191223
84428
950465
144482
217543
216045
952038
597769
514930
185464
939040
701127
621913
864088
755973
776067
430675
547091
727913
496239
267816
529138
357410
253968
420683
835201
85240
701435
610517
766078
179528
801740
850506
646345
946223
584402
862391
898261
698523
377321
83725
637563
78448
705639
18003
834421
998058
448679
897864
242324
461270
165680
771462
818680
936000
708498
170234
537592
409933
780751
303671
589461
582491
670529
752158
45066
771283
614549
459680
469807
508222
59757
623722
103022
765396
641726
453795
279807
606757
351660
38483
68027
33692
809945
403060
486045
518443
89646
23637
444728
870397
843660
550541
969240
30542
302700
530659
801825
433601
990339
787984
941824
50096
411707
561198
331845
569785
14994
128004
692894
366654
166487
277273
916698
492784
680333
402743
527580
286331
426381
972308
156728
786393
522850
642321
816935
825550
172980
135113
775503
679671
923097
717327
729767
851156
794878
577964
937293
809872
705968
146539
692878
872455
423813
609576
881592
620498
12320
409172
906830
955053
897832
579910
257798
420682
738583
74734
762584
911563
726199
538088
107586
165648
771767
837354
533157
566645
415318
470450
376517
637639
133342
69395
26446
557155
195324
908038
177653
723996
317210
600835
679049
215043
180746
936847
152077
435681
527933
914662
347245
770484
452750
454831
936133
740869
808537
469290
307515
740208
456092
200384
377847
589434
786132
404293
662941
981456
828684
356947
705452
145894
957782
900853
877289
654880
354052
29367
90562
398338
460381
954159
168822
429483
925342
621307
170352
250232
90597
994219
990440
63042
194604
884639
168828
980736
805284
831770
478544
633968
188717
700348
296215
662851
117553
689856
834084
987957
235575
924646
386295
695956
395157
555118
641791
836851
176425
812144
87083
783375
806363
593875
362769
517319
994866
531597
14407
800151
879719
9303
950471
68436
709651
246686
247640
343556
936543
81724
331514
172118
522722
717809
384427
917879
789279
26218
754730
482057
354714
358166
781784
677430
952041
144553
194749
946908
192502
725509
263411
72222
734812
213882
657010
960816
976921
904650
304372
429816
986374
635886
118286
509096
870048
19065
943327
175679
45284
214410
657736
916350
572576
955872
593780
40969
616777
304882
504229
809280
30391
767640
397854
765203
497875
54864
726019
991148
959515
30392
420964
462241
182630
55602
487690
569030
74668
431017
744710
119952
645427
402446
552654
734355
874671
146435
775325
491448
451317
279554
300728
481708
563547
698582
763263
577774
269799
5635
568922
229314
552379
989886
207907
735009
45488
695597
820392
636508
642967
565102
756460
804746
483900
309115
539102
358571
971902
830779
850020
939571
626685
667100
937631
190232
365683
700894
768006
635482
706529
853280
381148
775260
843166
105407
26622
405007
801005
847014
41515
960324
412116
314328
765070
896016
139795
304172
254588
628049
134951
104608
567620
277989
771708
505251
468221
653743
206145
752580
805577
429027
605860
703077
204287
965379
808485
230909
886738
125842
77923
928253
86166
6391
758933
851236
902408
415080
671761
673348
43129
323064
777956
610749
601053
66016
632352
585627
236112
354850
338207
558041
783877
944067
261119
504516
425798
585956
251778
312536
711798
846053
757142
314316
852445
516075
165552
271205
447508
353665
944553
6989
676730
722509
134091
794135
304877
766443
379762
57341
121293
234321
615383
421522
694741
876502
926039
120539
978810
694169
433076
690608
540222
190218
4924
909019
222645
686828
180224
186505
40494
124777
193495
233576
363638
327586
544063
184868
610381
440178
242209
731675
674499
857592
669549
369240
250446
111940
489780
745608
806109
439208
436216
862684
629426
957492
771703
368423
644321
468280
554929
201167
593057
748424
951095
473048
592362
495158
657916
202743
935336
900125
450770
126188
274070
120320
495428
40868
232260
501560
786477
554722
940768
739045
417406
86546
696538
705461
454970
857211
690093
526251
58378
283151
791027
525825
756199
383389
20983
930467
102484
472672
830592
69607
115212
621014
189927
610640
178235
938539
628553
481064
9613
85673
220109
943371
172220
916647
648833
143542
773858
338926
186145
348588
138429
977172
874413
410980
876913
411749
341447
979397
400773
688392
49004
515985
825758
755283
642977
3993
210175
787882
485057
219788
873556
221519
163160
562128
654518
328345
705670
944729
183623
408167
293317
838405
385339
684083
249385
262252
612184
107185
758001
12957
311929
807006
528942
654039
78641
688271
658033
288816
476154
659442
508605
349710
397313
188117
428190
51832
516462
133860
996561
216437
542027
806230
54842
443718
6665
820580
705970
618849
927765
463971
631806
756046
787329
677100
410085
865971
365372
584470
671139
357878
760265
696096
223940
157578
884213
652130
209410
917027
785990
722323
133465
844369
44906
704659
804439
51571
525239
510409
670421
453004
490732
302227
725402
278062
495680
135488
660385
377404
719958
331524
735282
480223
27621
959222
154154
428186
611352
879916
861566
913694
602240
995031
274415
647146
216042
78854
698717
741282
105615
885490
710638
596347
187718
436041
390761
683398
571529
51146
60802
807839
899023
312436
804415
442996
271658
958569
387534
883010
838485
249100
313056
957077
760483
587471
120575
976526
666325
819293
717808
288292
704783
428446
884639
408853
380839
791753
608603
952368
359251
185757
276560
258274
498193
80975
217622
286203
39544
605157
685565
394381
854257
998621
351459
614741
586092
472034
591267
768769
807679
825427
57061
28815
253873
458053
437668
634713
249806
562624
103433
125409
264733
379993
383684
279279
460968
601306
565482
16864
206463
251048
411246
577073
766021
279057
191814
868466
751091
299433
637235
75123
124860
210649
103938
895085
185054
57958
529798
951212
136934
149584
76621
401668
45929
460305
680947
23250
577964
246429
40114
300779
13829
967712
877852
779851
246769
586018
648317
514213
885451
801904
589336
10311
528905
209626
421749
713959
783936
951547
665171
920871
617483
258145
322539
663413
234802
3486
686663
812766
766267
243129
629898
780097
727194
24102
76300
490315
610121
724617
4528
11924
42873
110216
538588
571779
836194
960337
285738
620131
428236
467262
541002
45720
725407
379893
225485
960209
383379
428500
289328
665998
187981
919226
446095
915175
459680
38747
405491
69801
279716
926371
598078
322590
552940
136666
894369
905486
97003
696459
525617
41591
163721
582971
87311
405480
962864
829148
365690
862595
257648
171370
528594
961982
606948
491041
877157
66628
529789
799000
652782
809505
241724
250860
132095
311016
903878
542816
216502
881
239276
258472
42472
919349
841443
646136
324830
804308
475284
206872
666903
249285
894594
711849
211267
501542
202891
604776
568170
249032
920129
220952
58537
678205
988164
706985
989221
892042
766153
722075
409275
5429
980547
968100
441131
821991
614236
282313
142651
605872
5537
325906
371509
900131
37756
99128
401673
240647
703905
486195
489679
140386
707148
64568
818591
211664
287905
807812
103707
54059
46239
512982
575840
26787
997434
16971
365130
611670
815636
507781
733895
821173
350039
105404
721304
387795
204533
122977
144794
424790
609173
150825
81528
832673
731746
900119
560689
19651
224283
664396
590062
270522
693731
165903
297309
691165
699226
178791
819188
514863
686572
553083
852388
36612
174839
573693
940759
895724
213022
85554
836866
338547
752731
918394
687572
484477
818513
248262
504129
42796
912658
610543
829671
122741
776446
643332
330259
475673
822124
149447
506888
25048
218882
359276
61660
910073
449321
518772
805798
662344
120678
642664
891
873409
561059
688464
874239
895924
453078
894720
455073
365736
505263
284744
4830
281710
444428
335089
273735
266552
888
296975
291601
219770
656251
869613
129843
621925
388385
451993
284269
25415
611010
801512
898825
688421
6328
773064
584345
459406
667784
555770
341495
173047
356866
862677
971109
801295
197766
761196
67847
715006
58171
875800
934776
230775
745414
580971
852700
650151
549317
653321
191919
160327
971185
90744
848748
977514
380160
433093
953272
564296
505216
294767
253695
862082
673796
741157
663377
871562
502353
247577
586568
560525
123377
37696
791300
385143
135020
160352
551647
684337
813673
743566
361016
784858
350662
209764
278724
247174
159209
231997
327822
664425
43116
581517
526508
716913
839026
706237
104827
341380
953814
207748
901905
77192
761796
209557
978687
896816
369909
530334
97505
699934
790252
974873
484792
657266
184637
763517
904440
343847
511866
232262
524624
554982
330132
51132
788247
169158
757370
893075
26890
227536
100823
445147
821080
378971
654704
799768
275788
540965
846454
889645
240899
153059
864519
725692
810325
565508
5561
714766
425707
517427
463380
950332
588761
793512
1464
377009
479023
275186
786436
505913
502723
403611
951061
840155
782582
122117
639923
574722
663083
2730
980720
903982
155789
361591
146026
966114
927099
151587
197232
352807
185366
660613
303139
774128
970477
820955
151137
449500
96142
453925
471766
115217
857536
939179
955372
640118
61296
111648
731193
240731
114378
711913
661066
786519
73504
807092
268985
603
958680
466218
353410
144046
126831
172901
434526
97308
993857
585663
63161
606351
555940
51279
237920
413476
990458
709644
569947
568106
821292
301140
808838
452022
13053
469904
754893
86557
793348
23879
603512
268380
490097
956923
928779
133280
646176
363305
230588
640033
465321
810101
762736
21261
861380
656
951090
368190
710301
521037
936297
47945
822177
261487
16320
835230
247743
771213
438139
557443
795092
41651
825824
801541
514926
754603
934821
161103
634260
681762
317488
99581
8215
80225
637195
869596
80881
588285
754138
307534
109322
206787
355480
447851
468274
888152
283081
232369
659365
721220
789813
970810
279223
131989
288703
794150
886592
223525
471605
37204
421639
789093
653138
429854
869318
290333
815802
950200
394970
569941
774086
20644
776728
129566
468495
761355
17718
751576
993724
193436
989148
299889
680598
784723
431878
969301
578873
834822
709178
50478
872027
130817
839572
525165
77024
225242
331850
892826
691794
726820
462767
465881
747464
239496
111799
215959
517203
645870
483887
510927
839306
989387
810817
36256
774110
242695
521909
869336
77518
231088
436166
465897
878257
792090
991062
955281
17333
322912
364460
709127
566084
827227
175008
829900
583075
286808
562211
100278
449030
46098
127558
804688
551837
454727
840944
325947
697422
362853
711635
291292
110293
147802
757189
988551
939892
264603
460184
957225
103867
824644
182705
669951
168224
357713
16203
267651
160873
578414
884282
609903
140864
528192
414591
692701
982919
771887
535001
196693
134741
246636
4338
245034
394438
277879
749937
850683
542483
210122
807908
646350
551118
990613
832654
235694
864679
848857
19698
25552
427272
420332
151808
568136
948524
82751
777190
447795
854639
312191
644488
989380
558827
648826
750766
469618
926706
17056
320301
985541
743530
644561
631891
294648
635175
980897
46695
16206
829755
582745
558110
773379
3077
709918
341515
467953
309022
118705
915748
163661
947248
560236
669393
506076
725415
420159
492046
652121
437215
812347
637662
697097
456908
785905
991746
608435
766803
554793
624641
112910
137538
182752
886289
656967
409022
744156
124920
718044
862862
557020
881705
810110
117256
67450
832538
842671
3962
324584
11144
957529
653283
165158
654627
626544
951064
162725
234979
234219
717518
375973
347129
371408
558725
233418
544727
484099
977574
185999
202144
356788
743019
600201
683251
860275
667652
32141
219299
671614
356726
746795
145495
526361
428306
800122
152905
895722
962847
387885
129941
680365
280210
993422
568125
355287
743192
112852
839386
237118
298851
557882
593907
41870
158084
793510
418498
342088
825651
154149
530054
698729
417296
675549
225091
845602
475672
377996
741324
438519
282233
871265
635237
562443
864687
719714
917730
124231
832567
273469
361350
647770
831351
471609
205993
505787
265119
140843
364227
607122
294992
894281
305852
712288
86183
47295
74243
78207
941643
815567
33078
223877
686833
668315
302672
67872
904382
736755
708456
253301
10224
69806
901071
357927
541415
623416
863715
806534
764259
227942
930008
59251
638576
235860
287892
724759
799507
362135
802966
741151
177702
836044
965028
380887
20712
784052
965112
925094
520807
673568
178395
47383
259726
595818
405311
801141
219235
785378
124027
983494
13320
54035
559098
168248
806248
363342
893007
605755
241829
212325
346906
935883
48370
828286
316771
69082
128691
798235
510528
165850
988155
205275
213234
764233
801093
134897
565374
536680
920275
205753
520175
449947
776140
595625
134548
98740
475319
27555
704496
717148
239881
567754
653031
804603
912393
486154
390037
41084
284389
900565
723286
788896
105840
452872
553129
423285
587769
634855
959966
24396
356960
996493
990696
133101
108470
125244
748193
583789
669151
969041
300937
909032
536796
953968
229987
965541
956475
620024
522977
240864
36941
246263
546113
659133
699136
615594
82419
803257
766802
558737
344006
123762
71582
334702
773215
696404
976298
521409
280193
645449
490450
97482
70834
543598
567802
817173
509139
524277
437198
548468
281494
474139
794732
827607
649625
10220
959553
248396
329829
726355
807133
673835
366470
395067
524889
656037
91471
501187
693798
888016
662989
184249
985498
250175
244199
553300
67348
269691
593930
504546
818159
875424
495038
129243
219383
661015
655815
178936
909411
985645
421644
232896
659480
304466
627963
184370
960503
235786
201909
654302
123802
381250
354903
625652
631425
115454
695304
698774
385145
289234
719672
719657
164658
731062
365252
900393
392077
21068
79330
817840
6713
17326
50736
182545
838144
195051
366915
798647
430837
85177
969301
70991
466427
840556
696643
614205
472363
391948
829331
373860
197534
65355
93517
362193
312770
458770
262586
221199
479838
858268
39040
2903
391946
606128
185448
230090
801180
68716
545090
748369
670245
30743
819361
653024
387652
32356
267229
860015
424304
612912
233875
138191
678268
843745
500384
991038
302515
279322
212237
298705
653943
767629
817960
562241
373758
519760
308684
174938
588476
853774
923307
258721
400869
259020
911746
788521
291377
695327
164888
232033
308240
915116
370224
986508
758861
386960
493898
577728
182635
222487
392785
352930
990117
210745
915171
880227
730505
223855
571517
835334
593981
11176
610407
994851
270197
38505
299724
77926
733833
464613
309959
558425
896081
196536
61285
654942
99848
555183
749022
282483
294022
141807
635413
800491
868904
66937
680718
115761
290792
252235
951095
884774
263412
77855
395977
533609
116360
695701
127887
366545
676666
954198
924970
572747
150734
986255
744041
766935
57790
493063
565770
351813
151222
201184
152304
20126
784473
349375
652240
75265
601610
119687
476391
865022
197542
872368
914983
313903
84422
42870
680448
761088
513421
121771
850188
664155
108026
110581
947442
682169
119997
513213
33982
271219
230749
702638
807698
15222
52013
459938
606839
169976
95977
83231
34998
293520
471951
466334
123775
556373
25556
320575
833814
538977
442346
200354
719485
66725
827287
666927
748894
947284
180140
299228
218504
410889
518218
542554
942463
570232
518844
549303
740208
614821
148886
291558
908341
620837
274244
548468
693563
816153
869044
43729
355130
311390
760435
590967
894467
587722
257895
643361
535007
954387
458941
269863
881629
977160
812417
824092
63744
331261
889747
803952
462434
38633
611862
370776
175823
402459
435596
385738
218612
304640
429467
90094
132383
706254
681062
26850
293976
938957
186564
345335
409696
645505
131550
291325
622665
943967
631770
686409
791580
521517
6713
254015
560151
134928
141143
252326
53739
576739
638064
272351
397732
583883
362445
530115
290137
43507
73317
100465
498816
259881
962153
908513
905387
93703
199838
44404
554023
831608
247166
345603
869478
770231
115970
429629
905159
773465
681955
958898
866557
836371
747601
264289
420254
110047
310756
710391
669906
384073
810856
168723
160307
773009
77236
582046
383065
793426
626450
937088
141387
389968
282691
10865
160200
915014
956846
581711
688479
155153
56962
71388
991524
320915
852029
411778
947314
162785
122169
617221
63211
449377
302296
223518
738739
895884
321916
121804
205662
464718
58892
347049
854687
857935
357914
531239
772949
831112
112950
977781
986265
686264
565521
977789
7180
417551
389567
954494
96688
28088
88067
159899
477466
906715
899769
732557
802599
221685
854361
8262
686404
429605
355311
57443
287540
229578
588682
576842
60690
217984
70975
46956
904249
636496
541097
427781
570399
930665
898627
667088
958753
503047
343339
952571
409762
243109
685128
212362
981146
55841
736976
183902
1798
608639
241345
805691
354569
830027
382533
415260
564364
969860
978568
984965
122708
519665
929098
693108
966682
827725
360196
441788
847124
703535
394359
256887
462996
595840
985601
444143
168033
722577
628045
169832
847568
385743
975523
202138
732122
874408
133750
296486
360620
112318
797803
483328
148335
726901
176436
115018
554627
536632
556806
401751
756520
467517
174990
219516
63357
160591
180011
747743
399520
324409
917575
247089
710152
409450
965579
958626
800210
99329
771465
677182
211647
569268
160510
359982
296170
336947
991352
850797
389931
548158
768900
662803
532028
460243
398672
595385
620834
578683
859480
536707
419444
777055
300148
645948
702857
265727
604575
19419
365056
376040
696601
93055
945308
857112
453037
241478
710411
960742
608627
616694
25252
893880
795850
557280
354123
194522
669018
491309
289557
528498
544368
709002
821906
844516
354950
524763
110243
475877
60535
991651
851917
273488
84706
313578
646952
54096
71408
873715
14838
680036
490410
40090
90268
802612
597371
444391
997134
782741
452052
803043
311239
996421
512045
133145
840937
383348
174261
467533
859225
234796
459184
227495
24636
543891
541073
671589
597987
128833
545304
612825
808869
552066
169267
899137
354678
282990
859880
351812
65731
311933
154856
893323
308354
183253
26468
665643
566601
200729
133176
942179
951877
108713
686026
976514
652604
743451
164455
766943
872284
709759
896120
681154
261826
65387
96643
616504
864730
956524
484669
446813
784809
155877
340136
609515
855482
366605
275158
422084
83686
924687
880615
551916
33400
566641
44782
686004
310092
209237
969299
698728
435348
865419
379882
697174
447158
992878
830031
311888
465754
314700
275054
250563
986929
615190
860078
842411
498147
651588
780847
581834
576275
661462
650102
609675
744455
694884
812031
570899
420473
297682
269628
855821
163101
165862
552996
126612
158740
383027
954852
140846
214079
229906
907761
201008
845097
284191
43419
343244
935780
824267
441430
512055
2081
91532
638083
746537
302768
966466
833788
723241
264149
103416
579063
427250
269279
648411
70214
944371
547790
25067
601570
761869
254973
509331
479229
616422
793523
522648
959667
729303
863267
917449
757710
865349
8982
912145
128238
311750
878612
962026
551344
142761
581795
130407
86363
367426
295170
156578
311797
842960
181645
429719
121181
952970
939051
600410
569393
248926
639410
45412
494581
502678
962861
252291
884379
488195
680789
528969
799946
559401
7347
351290
218514
589142
998049
821229
956568
293219
977807
784718
652531
675804
214437
773712
145127
669840
374122
714520
918766
13532
759932
413347
32562
239145
181991
916941
727341
862780
962262
43639
422181
969610
911281
157047
558752
425682
978276
31673
718901
472436
816391
887784
664592
547180
661496
809719
733373
35618
524239
652139
565502
800523
581839
598065
556021
763830
31358
283362
626610
993621
843353
565143
963231
754634
238542
38335
180316
216818
70008
415569
689254
402751
303353
353847
466284
964849
679918
199657
516819
204158
368148
82321
521033
949987
196738
77054
713817
228097
876768
856779
221718
720121
421922
701301
991107
660464
255988
687775
393635
325997
103344
599241
245100
923049
469440
227736
404250
149359
943745
437421
869869
311894
519743
390902
261881
716481
467957
492051
460930
861077
348830
682648
581199
287105
900301
572306
463921
156290
260082
373908
998639
879778
973150
760091
319180
958942
987828
723430
108301
931573
677204
494522
759819
713299
885425
538053
946132
869734
30104
407063
730811
895286
606063
828362
182391
506365
917021
162665
179007
177103
536573
177646
573233
509723
937737
892413
985018
441917
132196
93319
889843
325752
587842
649662
39051
989619
187715
985183
375705
734171
392246
106516
629458
514662
451231
328201
21027
368252
490866
716386
61707
27440
894032
634940
53515
348121
43706
38533
790039
692254
648205
679882
18006
752399
845896
57057
742018
549964
558592
117723
284135
950839
740591
913593
981853
191822
241795
519232
76426
249013
235618
138133
276453
129650
773074
846321
477771
333132
884854
784162
25386
533059
464044
43392
801810
826293
616801
543828
376257
175393
177903
660392
642584
434847
90338
624437
143021
848485
143669
219448
97498
379287
357581
373952
25289
130655
220273
19413
980139
621479
803575
5525
670891
783972
48917
472701
610265
182070
532882
502874
357464
710785
163266
48
661984
769956
624486
805006
618441
284507
24454
715940
180147
382035
606244
205436
29043
342869
224849
9182
480700
544777
531060
151591
328749
96329
140645
455366
278400
673527
958240
635864
900664
637858
635912
562649
924167
776750
884007
58960
577610
908461
774900
757757
806848
897496
963193
352243
756717
704395
877778
237418
249172
408838
905361
94273
21519
46006
65991
299919
235885
540583
935783
652902
694793
88048
215551
618960
381150
615910
677921
958760
40723
969173
716517
847571
383022
196063
716167
139739
900458
110297
893509
665982
35487
315223
760255
57006
361229
826246
356926
113467
883181
809061
766369
577974
413461
498272
196935
794612
114182
391208
753372
154905
360381
986242
518828
259755
182305
751347
399495
599115
861644
809356
265097
897131
124579
25352
470490
2161
367950
827416
115628
251131
152829
398349
345457
566291
896621
542392
360903
527155
449952
630627
682060
810334
133221
717240
586441
315526
468588
985936
914641
330232
311645
696090
743716
952576
721442
214206
471089
605744
557974
103069
373227
227155
501418
718685
793446
398039
777429
670701
925194
227382
817681
123606
554068
467254
840847
656861
299133
309435
159150
213774
156019
470795
426217
416087
939723
147659
146645
410813
269756
220971
513882
159335
448127
15301
394372
757925
929692
171802
944979
371239
915536
762660
494845
985956
229914
852044
642817
529047
677831
801967
259174
350203
789114
685391
766290
728838
349402
912936
139651
135510
650259
653533
294846
98386
185186
689218
856312
114879
377372
801291
486118
809260
80303
497315
311568
826569
349360
470738
871969
543543
272705
131143
893746
578172
332886
660037
307010
198640
89325
963013
334151
739584
132898
145349
354323
318085
350919
210635
432964
728292
528278
435434
53904
124933
932749
365473
951502
798461
836211
823471
858357
625268
470966
752103
203440
803852
928492
26802
518845
17817
506167
852996
273754
639066
514697
628077
957151
865616
355064
906467
110260
399694
341901
680517
524627
791002
45990
992481
105816
398553
815953
964173
23821
286919
232628
743614
607124
161121
286768
125969
695290
792936
495317
485396
432002
526366
629825
389153
908334
984889
811972
18595
900935
670225
699112
941914
461227
261454
934396
83395
660007
750349
563920
200180
553620
796549
943794
677096
474022
746915
803065
685664
539851
814734
171061
971853
341100
800886
877358
249435
302128
689330
784382
203063
875907
999846
144978
853486
777652
595726
936882
954011
862427
17154
154191
416047
813703
614338
609496
804077
361253
928913
489742
417456
743648
660803
389309
601100
978041
783019
366887
280169
988701
667621
999585
864608
183819
660915
718094
961471
256641
171328
431834
119068
188483
586026
51467
2186
716716
660963
322616
594321
106229
812358
11777
366229
989513
917438
967329
967554
700457
850569
247724
205510
34542
763661
70118
218362
424576
304564
696185
681217
475893
128020
316637
664376
230398
884456
182914
463466
61772
505530
574139
168001
317888
585916
534230
307401
19706
17911
791308
720163
868480
39032
442025
419375
802693
512143
637737
743621
816707
850274
941190
292600
494646
257827
473328
725044
658635
656243
704862
720407
161773
279001
404760
996014
381269
938990
819767
400975
956902
611075
637490
341734
166459
79515
761109
485504
108010
915198
229125
441070
281825
170315
250022
776471
944494
723351
17868
603130
379594
722730
839889
57719
518084
244650
570085
415705
699992
389853
333033
656894
928
970523
514981
683740
566391
792442
169244
190753
223993
914722
631823
505818
601389
881846
798641
545884
121549
816509
665366
17495
55592
21607
75214
90028
266257
645300
505733
966250
551505
838766
139496
68785
325642
170829
752525
892033
963272
921770
599138
703617
352844
230962
209435
954233
629160
8076
16469
267061
340938
681835
284556
396530
219795
876122
486558
486052
37774
508643
968654
589279
347410
108151
658065
673052
795332
410590
81437
758604
848712
680575
462221
717908
427889
188008
672142
573401
196085
688611
840462
537023
886799
125018
449905
106594
517493
452815
108998
555267
961458
77653
144547
308868
702156
318964
498272
497488
245906
579709
772445
94619
776637
751018
812527
204526
939027
1021
777928
651464
205985
134742
704839
92784
776113
671096
199378
293606
123911
824728
848873
85369
902381
509772
910590
120889
828736
408862
134730
74643
988572
907175
685614
281561
174545
14493
486087
629924
15515
780367
797740
221500
431462
18931
830636
207575
690027
546366
501181
330290
371094
350054
415660
789828
376179
842602
910717
204915
251464
561799
795910
756388
985326
997876
37949
159872
12370
40389
789796
544237
337108
103889
282089
768570
122820
112725
976145
329200
175443
993678
659490
62889
860085
591502
852717
236264
434104
279787
957531
685569
841586
753442
958309
826913
751318
996259
503137
280040
553000
809285
824277
890108
913174
622718
175031
552347
251795
667528
881547
427238
661207
57389
490128
521292
648892
859197
757556
599348
138984
715087
801269
496923
984881
759579
323836
252552
272190
343325
532592
825190
152610
873222
231650
582137
12292
923033
134484
264088
590562
532383
207678
251769
589772
697806
289413
755016
73356
563321
354365
212340
794760
671986
225615
779642
431565
65803
548546
220107
409128
81138
561649
561739
470712
793300
143876
483005
232685
794712
747093
823247
327095
954771
591368
916867
168930
397133
671884
242286
960454
542601
970978
755215
214587
196594
534857
162505
262397
83403
382612
671526
680893
944262
749617
667958
253914
409845
150963
2951
204557
414408
342551
531652
885531
933919
448519
570813
331053
636755
329451
807859
179356
300430
563074
910296
13376
614283
72801
792125
214038
971765
980003
894932
432379
729620
79242
202645
139465
746557
205597
860374
160965
548148
392026
562848
998419
356898
650014
845824
993653
979465
653684
689362
796247
216758
116010
325975
831042
705163
118101
561432
676928
98104
972716
625660
344077
51958
828305
999894
798515
550254
860269
475832
98402
252295
555033
96822
125545
205047
458998
119199
700864
112682
324913
497112
845793
440923
339439
193187
146086
457540
754619
339366
71997
727336
965026
416074
779294
309684
415968
94162
859938
276237
569994
958341
44885
125027
571515
170430
846426
30513
805981
547291
659548
647246
560755
505341
604521
900194
698528
750607
874087
453147
606326
946084
696835
87704
362158
476130
397388
294478
86644
773679
87068
656638
248372
131953
298018
336239
818735
144444
883104
624717
208087
542652
271963
768842
47993
876485
185389
262873
143444
59476
232373
266122
5560
929208
870179
884070
921690
267567
694900
8334
557598
781968
181325
805970
430273
479343
142209
249009
140139
25314
873726
864579
84318
662041
633421
648664
54878
335162
911537
714675
394638
660262
497149
916550
589471
367328
316972
511161
151248
11873
35848
708846
310193
217173
31169
740467
212868
173378
989476
869359
715044
379554
733938
799363
557947
883712
964379
129178
218874
392268
843853
129865
52531
341002
46415
642002
224683
879740
669515
375931
407965
221715
84777
718158
438888
115946
458625
168108
805677
964453
37468
37073
344007
287758
352788
901955
171470
317167
31133
906697
709436
391338
36562
761967
248692
599329
920321
473375
479069
106188
849306
887034
327904
450436
121545
283144
82734
580170
451253
888411
60976
5073
925485
404983
809183
278273
823290
497006
111793
370775
403703
821229
278465
956617
99548
527158
555946
536221
516885
551368
642409
366192
954754
486665
332980
76299
769810
415714
172822
737415
820478
233798
258840
745963
155133
68023
540588
978424
565029
652381
865551
968732
989962
144017
441701
89510
187527
997648
625731
704412
65368
784493
586956
20122
271158
436288
96422
557320
852003
785596
294735
672481
19394
553575
934796
690879
137951
475384
185655
702980
644118
51207
188065
634080
711576
629766
239943
415455
627414
382026
636219
209134
166519
739528
229257
954030
175816
842031
511350
544171
627627
322438
733004
163373
392365
667800
854252
530316
659537
556260
233297
303655
607467
421362
454087
835395
51128
694030
767202
194895
76057
403421
404029
758928
142949
149638
712958
835118
991669
224309
379289
135648
546747
112294
815373
455464
296446
185978
985781
955983
742238
219078
775990
349705
156792
230078
701452
724272
440460
468654
919167
516517
388427
839549
275446
531377
989187
504756
882847
980857
729065
262136
632857
792164
890782
448231
247629
703581
634209
749762
175916
376447
485192
951907
242504
641984
698337
460308
366256
138797
928962
801776
171667
317389
641325
963465
365118
630512
468221
247965
127721
713639
26454
760579
22155
433588
725162
786136
137169
359371
535898
313086
252170
537442
781345
11026
179426
996034
471334
62035
651183
400296
863811
339202
234037
21488
302667
599156
168352
287241
363473
296074
517232
389927
573005
55739
823516
814519
841876
477037
690242
894126
306475
942412
431569
87820
953438
127347
600206
424772
189382
251390
341420
569545
590592
575457
107385
409612
690965
275738
696853
54439
88164
730437
960718
177521
786176
784234
992040
628052
777624
682282
38531
84099
624694
470100
688272
94484
597447
288478
519256
303182
56220
377028
872727
646813
952485
980113
56425
643451
772203
269630
214242
860367
516419
174960
37888
302595
475547
546280
447000
253171
228562
485531
853622
369608
471983
58246
464092
69430
863077
499700
372612
919297
876728
761692
566110
345565
258157
138887
505368
30360
924869
719610
407079
441288
894571
961319
743884
370118
507599
190884
139641
252513
192767
509615
622121
664750
567862
602565
250532
430939
102265
623145
866588
495345
901189
949051
357262
159346
87938
862631
189706
12808
582241
113137
970448
993164
74456
714332
879634
582055
421568
19275
834568
130687
528891
973041
795437
613105
575606
45970
560396
194223
185467
426984
689568
86656
376035
46830
246002
980326
425813
952060
509486
524407
581549
479934
33923
656005
710619
913558
754412
648539
449185
105332
779227
494428
78373
91016
107533
170331
653338
667929
364554
838805
94914
570474
441813
987301
133656
204167
967627
559470
672579
477113
600229
254128
957048
634152
910133
184019
547710
180897
832558
513248
802581
611785
7676
880954
702802
115210
567637
356140
299491
932191
711298
910757
19017
669463
898059
152674
873631
865686
228496
62562
859152
828725
316691
816200
462877
743176
516571
526940
440426
349129
40188
243007
960915
564216
640314
180069
679426
207951
52561
978918
656495
280211
889675
675512
949675
304086
828186
339658
169773
573034
402220
28925
401759
718911
361477
380989
978440
878048
424281
418866
743529
980821
661873
704444
545037
302187
400865
740816
510139
453427
236086
166634
733638
642113
358498
683313
946200
703037
539323
632325
276071
941544
661250
194183
176807
539079
91524
155247
933479
515805
90465
677008
12978
268691
897805
558015
570878
298670
815183
597369
752097
51269
280355
2088
693383
638854
201753
639583
341891
741077
788260
134314
682621
965862
328497
375780
504941
420021
531028
954772
935826
137845
148132
465156
406536
45937
23172
977415
344608
838355
91136
613057
405977
887844
615145
99360
526698
333251
255295
384941
74328
43555
519255
756949
525769
847753
649081
30710
267774
696461
501834
719953
834307
649966
701461
240843
212256
240985
734610
73216
595693
342099
202625
1670
229943
817771
617382
756641
151022
872677
657934
741702
432584
177189
15003
958353
541294
664084
505415
325421
360546
523601
561726
194853
173567
263187
952048
902175
504173
686659
975391
99866
545110
178017
101536
775053
512140
235270
48046
179514
107947
705980
921216
56883
399521
452571
531588
457168
116655
553355
782589
477201
76956
860667
672054
766875
123854
140455
669051
144379
343466
160794
244245
888576
338811
862133
663629
367303
97403
228027
63169
721702
934007
500737
294937
849880
953308
826525
307048
69964
379880
605989
547165
973188
466656
735572
740064
106863
876027
409115
251242
735845
569909
11840
624421
425073
390325
804402
308728
4081
32429
371898
242135
482788
872635
537073
332668
825944
879950
156069
412260
776183
762058
959425
749371
745067
211349
5787
851930
603728
414902
619524
339573
501164
147716
480346
442589
538042
284748
751317
58475
317177
639567
300610
799965
512203
354035
648986
854499
750338
805055
266759
526521
83465
742536
792244
828532
953886
798032
196814
73966
729286
332691
929892
746802
480407
410238
189391
534801
694987
457061
109628
528516
96628
926591
328482
608831
280626
977468
979682
30964
298875
246441
73837
382340
505330
382434
727225
975568
696818
440391
49534
426104
773082
979426
172907
769842
906017
878650
820995
601004
335711
930624
129520
432340
857215
974354
557523
654193
468174
537206
201510
767049
299999
791699
149390
321681
174133
876615
297249
870951
317006
346784
813408
606441
842562
502667
376283
748579
897669
197278
865935
233381
644254
511808
182073
17821
486162
739596
672015
954337
793154
873525
721386
609506
181576
387128
931187
355710
780095
228437
743013
613454
91573
72773
219895
450487
91792
112530
715419
989462
826160
581354
222843
470415
93162
921268
488236
95677
660864
676603
566366
970371
66480
287752
96229
248057
191233
543768
120119
971328
288557
863132
584782
896482
452258
321029
346970
544050
433559
62389
533512
776072
160095
272707
246487
769610
193975
251075
865287
371192
444031
431653
857915
510511
235757
954144
274920
943342
14264
395039
914671
302822
774524
15805
199304
226782
853187
62626
287184
286746
641367
337049
62818
801463
609756
825657
571073
320084
593085
952712
691276
37116
900717
65543
63979
652826
536039
338900
596169
550303
733939
27192
853125
508463
559349
568782
251597
412536
631408
538782
699283
272776
875831
278453
590591
1939
620463
678016
322023
213548
147080
529651
767016
47797
595194
830995
216975
131233
686247
813144
197889
420187
356688
51014
445002
916038
136148
696600
328574
283909
751734
544209
556685
143917
822663
663628
145856
443126
341644
984232
173026
488724
30235
456394
52873
141782
287389
269848
789367
489989
599345
987256
910176
956033
554623
871530
388423
690771
84482
716998
974680
836216
261207
47717
496485
600222
711345
158694
559700
569341
142926
732726
574417
689513
189120
627290
831295
992862
413491
620663
482851
529188
607919
909379
1573
162542
297261
389997
369666
381744
106995
344346
734312
884554
908416
230798
484777
136113
389492
44477
705455
532418
777204
279872
738283
482676
423515
569579
991890
353358
190242
991093
398898
314513
900472
400471
477056
197734
306820
363074
95830
413815
223772
830142
814722
132188
60940
299499
268302
450432
343976
490109
499202
637532
769981
237486
120209
709848
323417
628451
579558
513659
619545
978456
828172
36369
378928
821580
750455
202100
184654
846285
132268
408427
676428
946990
56967
253720
246489
841621
220505
590465
331730
719707
227998
618064
473545
864559
327912
796962
493010
907471
826973
628907
402279
171498
665277
297559
993078
932084
499660
694085
778370
631928
618864
971150
578918
192183
224870
825407
33805
445375
932224
365535
681435
160222
983599
671332
541133
827864
984647
34144
251687
811620
179403
653966
983118
844680
951526
492549
293117
451186
702986
71487
83114
838202
558989
178384
30385
300211
3791
580542
261939
936015
462430
459726
612590
962381
131058
153723
790245
115705
704219
41932
443678
883623
212251
943148
244655
163777
952049
537772
131315
171387
125611
214429
9589
684600
909165
556327
984812
912956
653221
763103
365323
115651
222829
494265
78033
353887
647989
384630
985945
868560
426563
429623
268535
155166
889123
513191
318943
841173
567315
450258
528912
692927
181039
538502
893879
606556
611181
395043
519512
264402
158146
401187
896406
380975
895453
974439
251215
59794
359069
237160
444706
301984
183135
713242
973502
588610
742785
292445
429783
826452
259055
475048
35731
956446
13550
929611
563002
141083
841006
598866
921837
999153
516406
334595
896480
928211
309034
147695
504357
184456
901207
949063
2792
600694
178657
976295
189305
921442
785092
135440
264247
560500
610488
299978
33298
140390
745941
112653
797825
586948
711519
719663
102453
744277
54258
515285
672488
879645
179333
176845
580453
80540
642261
99597
681235
820918
592244
386892
258713
377337
522332
522960
937837
649173
339290
487487
789563
85232
600140
587389
672180
311660
823404
290985
572289
394014
806270
244778
790011
985603
937975
370464
582496
96588
986414
780083
917507
578658
166975
692572
955995
205659
731884
410184
854832
71174
897672
644396
156406
14164
748137
344938
842176
571541
635923
414466
965555
442194
659244
755567
944149
113571
642383
526645
210160
628797
306728
644019
207456
990055
336591
679803
195715
68475
606340
50547
139649
504012
211295
812408
34528
959432
157346
876705
47325
793270
291171
12881
751816
466767
284800
695965
580338
927183
738963
306850
72333
45691
950869
796141
35747
287460
475944
747814
872287
82284
798361
528289
102648
526009
857049
137177
485441
14395
13882
532767
324017
305053
62000
75833
771820
863152
288151
868510
306687
27114
175361
379020
589157
126230
175161
624904
930043
167458
372718
318682
249742
687432
363323
868743
213441
220372
5920
215234
234768
536154
748001
558785
841207
326353
150971
129379
189505
439122
514241
496193
982588
689602
391565
571745
332185
566727
196650
262228
250537
85720
97262
500279
289504
460586
369022
502945
680958
891294
718180
432078
427448
982533
990864
785007
308887
658187
430738
14744
613661
944980
27289
596249
634582
418855
167994
483119
501934
880996
261699
752471
483069
358962
769102
772573
819548
138125
791871
16858
545771
510051
448937
973220
8936
956153
274579
834175
130692
705318
365272
744353
650298
392561
340602
801232
811416
24948
284352
313350
905945
546051
582173
905366
905013
351276
677939
240913
5753
469810
774124
551524
496213
223061
41096
21502
695566
315676
855677
826258
20994
220949
570611
187644
129863
427565
988876
941279
452513
273228
770982
874810
335632
869507
780176
756997
220783
974468
997911
226536
444278
772035
778061
456844
511448
819157
994698
723366
651185
366727
549624
672179
104029
636587
859823
233892
64152
365052
691523
516665
638280
978857
907828
490264
848365
688004
247262
69148
662472
761525
812037
623103
49912
106450
596299
561360
925607
590997
284726
93145
957724
350702
765324
61753
987289
141500
811997
567793
506552
503521
84458
661184
482378
508638
151449
330743
196643
915063
916244
375467
676588
728281
998570
726500
834731
111221
804212
276690
702218
605290
369835
176295
955992
651512
754400
459633
793012
566398
27426
815916
586271
628236
477100
68649
136875
144901
915745
849870
59964
348341
225337
736552
592974
740260
463052
944057
851481
267264
220747
70052
388906
106935
246347
344898
274799
517099
804531
67811
599849
348309
400079
186120
976546
877179
771122
113421
22081
203219
963291
598397
551560
704980
334950
144534
445240
314354
604943
296722
97971
342042
366774
486877
448977
129473
831776
723776
162924
152659
307939
762774
500969
224370
948894
993867
101550
236368
623640
639983
439587
103283
238380
507499
808263
89682
168385
769856
404037
773328
66578
502008
115371
949704
988885
80700
595529
337013
320829
758453
6025
145120
521227
23346
369491
986474
17213
471041
222842
157205
627376
178782
260488
382108
686281
585103
471791
854667
354959
875828
144347
421537
894188
259718
887593
883073
340419
483122
736439
661248
757928
742464
806368
795507
282162
175859
781981
815727
163252
521176
972932
306980
699958
233420
689089
902591
334875
160880
757258
689835
553060
901606
627724
447248
677676
515318
846673
18095
514792
583112
195695
272720
841928
2064
68228
640442
694275
366561
456169
373880
887737
429101
680860
104047
178873
369949
6639
513749
530829
763897
203584
83889
181855
347660
47489
375884
862978
894163
393979
894123
993627
106027
166843
351908
108091
751423
992350
318718
634337
448520
692598
522074
393973
373459
142474
89199
743408
149113
602948
790590
429362
322884
390831
127570
670544
438321
503454
49875
332484
897433
943998
842463
3460
627193
194371
627903
894969
186722
462974
529306
151594
155572
567732
545567
45383
710206
634766
788792
859319
754066
95734
288682
593302
486565
416252
780199
924886
436058
830074
773722
333491
290424
616186
853304
917617
810557
997559
812586
513631
976885
858244
181577
132458
425977
727145
694193
136183
878263
482985
511855
148682
578719
316889
258336
581637
249493
38535
506523
685551
868609
796598
535394
159033
412784
905050
593003
739693
418962
405589
769677
395847
263834
951254
44657
206163
194751
738851
858698
589367
738188
370553
738049
833260
203794
996385
414897
453287
34921
437772
655190
419882
234370
190585
95268
163506
611987
688271
419552
30949
610212
189229
943149
390398
656835
987806
596561
851587
243009
971612
440954
981198
858517
695355
330810
62312
208092
745707
31951
759365
183479
687142
179248
934202
394079
790868
97708
6066
995491
33612
553368
122055
222841
496517
512454
396029
675
625367
247616
243685
596979
204922
741235
455497
416629
72045
34161
624721
334104
66112
384087
517583
269606
79687
968137
663685
870555
582198
186104
382398
615810
255824
504453
838652
752341
16907
751033
269368
158627
998649
29405
271958
719923
770640
243807
136552
359037
277968
761273
693141
860433
145360
727077
130039
741399
695214
310077
128306
277412
496181
510704
409575
752005
15158
764579
20698
548417
515612
290066
223396
514261
835824
495355
234184
606464
255514
887088
965502
533483
648361
174995
910268
310074
902072
40307
567825
113639
866736
696132
907403
362917
206836
316978
631274
738346
81557
168324
803116
597169
974743
26512
627782
810567
38219
378318
417031
293734
265406
898885
343569
430120
590233
253837
740194
492305
810496
308019
122296
677233
520503
29700
556502
243692
346678
187777
982038
944588
872453
785154
541757
847196
328019
169540
657763
366238
547858
591147
659972
813265
6384
519893
759737
596617
773730
499931
605275
584227
324302
727571
777812
361158
273623
334314
604850
136654
522091
586888
81242
394545
888395
139351
758093
216414
308891
415857
99004
373102
7004
275329
702719
529740
795222
462456
126358
568953
478739
247985
669532
319393
975556
447344
680551
765532
781658
285401
902186
820102
388642
499780
730999
277037
639131
489092
9803
948023
421301
108807
837477
944657
384136
540196
474398
695711
2652
117108
781016
997743
365093
450548
317136
857001
414244
997688
622533
712254
283089
41071
48708
671731
540851
296059
465120
179983
301504
474923
644358
722805
100083
481835
667463
571
22031
658213
696282
541035
775321
477298
538778
140414
444198
855914
997415
374794
369954
136301
87049
169396
177372
135757
841127
718224
431817
822600
898207
733321
297523
542565
972478
397606
24400
156293
398178
562783
814506
610812
103818
106179
88111
158948
762945
48661
531214
760361
423456
901169
896662
26857
70565
74034
162614
428044
308610
110783
250644
206817
360456
64520
265734
849287
462126
290134
5580
376656
369269
336439
503821
989439
958970
591932
148387
721916
156945
195954
998629
580401
97123
411643
607258
684040
485677
286225
112084
310640
913360
879081
517457
790169
943601
783192
639456
922079
589678
161388
815088
958948
14179
318909
948387
973150
427193
613127
211418
584138
809081
210047
680892
422556
621690
804502
106596
623719
90727
735032
934359
520440
614113
968169
310609
74066
751361
466417
996146
857391
144157
327586
332691
674689
646495
797431
164191
73688
410558
375609
657826
735991
102008
855070
158547
723698
659573
781495
863769
266652
516527
798129
787092
646993
766298
614053
237411
34011
596822
749909
891402
257332
77495
224094
932021
723990
21525
612564
797678
948435
988173
971857
684426
606533
343279
359325
330231
2852
140820
710352
269505
173699
508481
572949
337044
791131
703355
90808
341494
816529
840717
232897
73861
918213
973343
522234
158555
511220
134798
472586
459655
639323
444443
660433
245856
304074
19758
92439
306927
676930
802792
92784
366981
827625
182085
220378
135109
885440
311186
476603
701970
668255
225852
292183
586468
199195
814418
745024
710415
465568
217610
686422
104892
178405
346855
350748
482479
882965
959540
305758
76247
278684
914894
959581
106309
96980
179959
757770
498772
7497
234374
200742
675752
460226
9278
778573
659422
823696
523597
886189
289264
257559
572612
910508
435964
435819
777609
434795
318785
737149
256906
395032
15833
171800
354613
638494
268780
50924
396265
767553
58421
146991
484647
250526
607217
493925
29099
782991
833973
69048
185533
639590
326607
758145
550098
278923
193964
844059
713718
29101
581208
970624
424134
113393
658777
295099
268240
927557
862376
180857
211462
437149
327848
212462
687675
451417
222739
716774
750761
56713
785822
936294
212655
628781
210791
279105
907704
404755
123165
137775
950209
220725
624751
890695
850471
283528
185794
118711
727438
564522
815920
455252
1672
143768
667714
689347
111537
890454
922474
862298
463519
224648
314944
676174
853430
525735
471631
277486
446843
594796
415261
397052
815522
40013
287747
665993
839893
989893
301056
567331
554416
116976
538936
556088
777096
206650
761787
888633
613456
200613
267284
76975
425262
98580
269501
795044
624316
741133
588882
71159
852281
520496
468211
667803
76861
272310
850148
916754
262203
151204
438
816619
784532
539374
372707
561628
262376
650847
966614
875833
851460
233898
952808
793074
332478
738662
104470
473146
996147
693353
544305
848428
730201
528868
516232
807062
801178
882732
723816
63382
33937
240606
396353
818469
779980
285413
896450
558709
936260
863064
434542
304072
613314
903702
97147
462144
642364
717969
935291
638511
927674
995948
3292
657875
41169
519524
464937
842347
918608
705106
422081
468897
945712
818435
803719
242045
620200
700169
800754
556460
563233
235296
860532
692899
655350
474031
155043
814067
708353
90334
968930
636027
86283
972222
810255
643804
8098
275192
486151
926707
980298
424585
395604
442363
759372
199323
684408
379572
415844
485162
452384
495429
236810
829268
188328
408512
819652
343372
222579
528005
950058
191510
164032
552693
163732
490639
196497
171831
765832
199001
614890
262482
623586
526846
704845
899310
726170
905605
795234
142014
907119
247618
153796
143929
76886
342124
68794
896538
685496
291373
940895
635555
482883
621280
188248
162968
111919
384746
851151
877751
100099
466041
656586
723685
992887
361431
622995
235409
267037
934581
893776
690508
182199
47572
350790
775437
389696
419584
188328
591545
710957
129223
743452
710193
750503
448052
873161
862423
349150
240664
256526
449249
223057
913112
172934
732296
790896
312281
967706
574285
246862
377834
264793
945413
425406
615583
720851
331454
551519
909179
439351
262477
554754
182803
489022
305258
630856
878535
684033
980006
119199
456911
429256
342256
370024
118542
74552
677272
947176
558610
767909
194038
936444
32702
655804
878202
164638
376655
726009
716157
802186
165360
494986
356940
348164
984008
178550
979020
862543
378935
475378
498094
835847
420986
356702
722223
539529
947607
915847
486705
506217
683756
197095
959014
716458
852899
837216
397448
745906
563225
629958
64444
728586
124944
421385
593102
625305
116287
88474
4200
495223
563852
502295
847422
984839
858997
85997
40720
806604
1844
527425
829174
685600
240872
788188
918410
93772
625404
315859
356030
704982
945817
420475
433568
587113
358212
26670
212418
990851
631496
732971
2426
195348
235266
849848
696539
610615
935845
737259
933572
937689
264684
762746
139641
505557
67286
58052
115681
692690
373911
988063
914024
836080
408538
347592
939545
283102
890614
668316
273954
522110
401287
276380
233811
636553
642581
930350
763520
94778
667610
697092
548820
448646
976190
688461
470555
43476
746513
102588
252519
636776
90652
166543
472856
15542
30488
928754
298645
437454
597070
88951
475917
998357
881683
226080
151262
524264
156430
431134
135395
340392
128227
684215
305391
620769
372676
775946
180598
119190
878535
949469
755966
485539
116012
745175
501081
662852
190281
316078
616659
787351
921381
608928
302060
803065
835008
453322
843681
507790
400808
979076
364535
529035
179643
669926
666157
552320
445872
363107
187862
840759
312576
460180
326298
944940
205355
343732
607793
911988
176162
740804
699339
97544
349732
517751
900609
184740
487425
260642
208882
888234
756071
573417
933621
935714
243343
599778
488034
205568
962885
675896
562679
791813
136077
888978
736754
857784
749062
344547
286125
925224
601703
985464
22768
951435
19568
439729
652527
506993
216724
861409
395227
972795
951179
328849
908509
194522
444979
912896
916442
924217
105144
479122
716030
757573
884452
452784
615358
633514
313683
417835
75090
915386
403299
97859
866821
939219
53940
35700
446213
787016
897110
357792
759811
364641
202993
184673
559163
647973
97569
991958
88542
719065
471080
320924
476639
355532
773709
608349
505398
603744
26184
580488
519131
945835
194699
902304
885055
764992
454357
331268
552008
351467
205412
828172
232460
408406
12845
791623
572731
626766
783581
661273
345831
771013
982197
338822
642897
272258
947171
664647
876003
489707
245136
911486
435543
956187
330142
320598
237531
784499
168218
789540
652318
373630
617712
884778
298388
146909
192754
871119
290027
492687
532392
635858
263701
30942
491033
422950
303200
438204
87598
695555
927912
849086
607041
879807
321625
453536
716757
559157
238035
401327
865049
890354
774957
999113
291484
589698
146022
484238
460817
436049
976926
993210
588259
756979
540504
79292
179929
843704
33849
267527
55612
478113
632965
662653
874272
954591
632541
591029
513748
870577
992356
378797
277283
283665
377910
568767
873363
40284
569358
334181
992685
546284
843743
97296
819615
384247
692941
999544
744303
243142
783424
799915
721255
416389
978921
111879
887332
611462
702908
401080
482039
695264
296229
275674
495281
190491
360794
368645
747127
930152
219178
739812
476436
62921
353461
296051
963520
46402
811947
707823
289544
111723
507739
527151
44465
3012
155382
931797
614474
858290
849230
612866
69906
145459
888540
565187
852303
249334
450184
599430
179486
669362
855595
172274
248635
725408
984677
212155
771810
312977
436331
577706
424700
460422
621209
469165
463434
776591
917315
77908
151233
766545
690774
221139
912004
95667
302678
280659
861353
752863
396442
40840
938577
252037
729466
187213
977445
230496
915720
265607
59825
352051
359665
484525
812473
980874
470043
275907
273817
387358
353816
425050
153903
560942
162541
582259
172961
465219
379271
34315
734434
775713
591507
673012
544102
320973
860225
521547
67821
292297
303506
127646
644349
663171
128524
456822
160397
114919
249082
434214
502277
119250
375616
172532
196544
538157
271143
369506
519728
650414
403821
254163
942479
995328
443527
486581
832653
820104
524480
900475
112401
827986
544473
756750
7509
672997
729925
167906
787916
979007
118472
806545
614609
10440
495429
811153
64949
282925
180659
584678
449691
584480
355193
392171
579808
798720
878752
412462
618824
403233
829289
247577
231219
373762
4328
238729
563112
250605
922987
867380
745964
557812
673926
360573
568252
685707
171726
633202
968632
868738
734232
418324
453218
89425
810495
549379
404497
205599
961841
539673
608832
791130
787250
356404
681244
307930
111485
244356
558535
550824
111737
304499
108636
302015
181424
676889
987722
869503
310091
472707
738241
560675
891031
191459
650100
217878
740838
570949
939829
219031
110622
548662
526513
897872
421418
207758
722155
532903
452114
280690
600079
80203
101542
708716
382218
282966
385605
369941
152469
212048
359000
407062
772723
250031
598522
939175
984261
855712
26476
924090
74744
137098
989104
601257
551322
926874
809015
273477
459777
777482
70520
59857
857685
688414
284925
239904
487732
670530
126197
156554
398930
485197
563616
688005
251580
162138
143532
752193
17851
170008
192635
608947
823458
181740
210204
374780
624966
535572
164610
84744
313054
751482
660953
687091
439896
945878
443347
927628
132760
569544
84182
48042
571093
647799
736047
339025
326289
879579
91218
860492
49587
800206
469439
873045
498298
679644
764177
123264
215216
445139
724360
44622
196621
385313
731713
636517
847543
175061
80498
496655
260957
681032
544697
348403
328831
797096
687428
655121
193027
294999
31965
758966
95205
501405
148363
593503
181049
912541
716767
912617
874032
441128
473591
70654
342793
721656
223523
706689
413069
820373
719696
674027
501406
780746
22430
346589
94194
226210
518062
287222
521209
550028
46188
616414
51433
194552
726269
748834
623445
443037
661451
13829
400517
651394
84483
259662
373050
824359
966351
786120
161084
202400
460147
662490
983146
998929
9080
77340
225139
527142
880914
262701
77170
927103
879115
128603
638007
121737
393789
777804
564774
55240
791633
481643
706634
392469
741305
596037
733180
224009
382157
894264
942761
358656
556755
925907
357585
82187
519599
99076
609329
400514
361777
202852
843969
757245
847807
998328
878982
241597
776132
960108
813189
84117
441751
36176
476586
699408
632213
209766
439769
14370
620383
382530
373026
693490
824789
246963
775677
344389
862391
901358
261255
224169
620562
621576
497766
468370
619904
893100
226319
396036
853208
39508
480153
811311
592036
473092
510719
224249
199210
466841
238619
819593
849371
127997
513083
674161
891312
805112
534902
753704
706471
796157
494225
327033
417733
991991
311755
553989
401443
54426
950025
254651
610287
946530
582314
202323
935974
609385
426573
135185
76226
181544
471130
925598
309542
500566
116111
717206
305678
651013
470910
528501
963522
965135
371887
897607
473478
683642
451596
874921
254421
917973
645924
864708
380855
228238
67031
316830
837624
493604
452015
913850
191501
923145
355800
17395
423711
471911
734601
245742
639276
205512
774243
119150
686999
146130
16757
676830
346125
984705
68103
600546
419030
714028
981606
799886
942266
48637
116716
296242
58594
568731
726445
250095
8228
82245
267490
431940
70509
2091
194034
226137
723955
968277
345288
927307
630760
878397
604137
493237
863103
672240
610135
282133
902620
591741
82019
844887
640378
198735
657481
698972
283818
383926
465419
292047
982524
732909
240339
53033
251353
434373
279170
975308
919002
140810
902615
66114
19208
23104
559351
398663
211697
685838
197148
114317
277579
795520
959204
434310
510607
133038
649634
794426
516964
115054
602825
499488
847963
843164
68873
99316
793889
864396
590977
229243
5206
9944
295358
540766
33049
371061
939429
244746
56900
652930
359063
334479
448450
834620
285141
959057
484010
934776
269835
974
49830
872660
16815
414145
232176
602040
513462
26065
466436
620791
255309
987995
630735
67019
528761
180136
438080
984543
941234
11332
637473
816650
862164
85923
167622
147305
561332
651632
82081
831168
168958
131911
220180
702125
546057
452357
304166
575871
994774
286954
713014
766435
274949
860101
833454
320063
556590
787887
304606
14176
799219
942079
830826
661383
544354
514800
808689
622038
682784
407122
969558
368095
55386
189739
586572
117795
642096
890738
210018
153222
694045
923032
919658
968994
783133
753112
289057
856075
57351
593663
870252
372923
52094
217430
34306
112800
732231
359347
734839
931367
766470
704397
299462
338208
410488
886035
456003
568936
293125
666021
722159
987170
589053
641817
472517
888538
911281
277926
744614
968633
387942
614866
341556
440036
348648
892214
69189
80879
251562
320380
528599
534384
24777
344413
872592
951618
746800
844947
520554
39926
510968
242713
543448
616373
884530
532317
504911
795812
810244
765877
764445
198186
897095
622353
154574
245744
514567
223763
842975
282481
544143
371574
333217
85273
715988
722161
36891
979140
567108
73797
19066
594428
316511
78867
210801
201041
611184
715713
513205
937780
997942
794002
135966
895038
416355
290541
140782
447275
30656
500109
729756
91152
871684
579326
176425
104024
301487
729668
83164
868596
803465
618583
463024
119976
213802
190178
837370
341338
422243
350575
279119
420185
144578
415085
315223
77285
221978
972357
524560
768987
988819
770669
860139
376855
349995
552916
480879
167834
282584
80395
552782
602401
215330
532159
238730
429132
722337
592452
286823
144580
459379
565942
564765
120309
497379
396341
197595
235710
885050
238507
4697
873869
525528
864836
250724
391875
934104
247955
559710
733040
844703
628844
335441
60033
161003
90523
5518
399692
682975
292341
544272
142355
374635
625390
262664
872014
538083
976611
107724
939485
731471
628773
329707
256999
9961
96783
648875
944065
861091
724937
677105
705794
353781
528899
282179
31137
135774
804049
430829
818750
96390
491454
477457
987377
116844
256473
859392
171279
233085
483468
110764
480908
112242
956823
737907
638555
53607
903134
98973
914698
628071
776078
136844
498205
821329
419023
529342
957104
223073
476523
292206
835815
967977
286015
823193
601173
542488
198937
772452
291925
198757
399569
772833
827351
356392
27093
465907
409999
930227
564880
324697
74651
857310
977893
89208
194992
396917
618550
152096
136342
611425
960654
488509
579403
246669
828054
180576
305509
26991
953029
597435
742101
352598
886620
569452
225342
913713
35359
635342
360293
116591
476391
434944
490254
454285
524152
685246
367554
659054
353694
503896
786831
314348
508757
366234
77369
336812
546811
382878
880155
16192
496665
622256
885142
383286
708061
110484
813351
259772
262178
173644
376364
254922
124940
866618
709207
165444
68216
593113
340850
421910
97009
127682
736258
122118
10268
329979
458930
557079
712857
855438
89623
209523
477694
491117
109161
185755
601602
438864
961880
380132
612509
338244
635054
253801
721214
860613
935598
789430
453726
792800
727692
67087
920482
980302
189206
930751
310281
648136
4182
23138
19926
610158
749013
13973
101275
858174
716080
219229
297039
677960
115714
425900
16204
750768
196053
253770
611382
131651
559552
65108
924452
287244
132196
361286
267546
837754
808389
577827
2242
328924
117318
22169
939082
382683
36142
556709
240858
752222
775939
54249
430183
891653
996501
962739
158773
708906
732862
770155
356910
292414
351616
797714
579659
164
159000
363557
837918
483742
457737
356512
812666
91407
378681
268100
474090
931175
824809
231300
683398
117100
285549
629933
525105
798402
109024
683879
23661
841886
970386
380571
650653
838354
178285
746664
838518
853637
110221
192788
853731
84310
549301
666397
175717
444334
450849
649808
375510
275659
881108
575260
392759
683010
721545
917865
997764
830569
118096
21425
188808
88482
918348
355813
926837
96633
102477
281707
466623
729050
990848
836706
813361
56501
503104
505430
500835
470305
671590
392697
745964
552699
967957
655076
752061
205854
89293
749825
552776
207389
287603
257936
812223
205951
613749
255412
818937
716226
537120
801912
961628
44320
638618
291341
100821
658074
796772
118008
128380
468362
510706
874344
537413
995015
45772
289474
717222
135065
555652
269998
858806
843255
527934
671030
49206
141683
926442
868143
374261
979914
670055
852241
540586
825026
143583
641407
483100
456707
275768
611480
925069
302826
2177
978835
814193
47949
268309
531415
699367
340313
317765
558173
183568
845699
745555
232775
503734
188350
617270
394347
684616
803678
246589
225203
628704
906524
382962
628156
363231
658730
239637
804652
477908
758166
783487
292102
806115
568149
339869
21834
908462
657635
96360
92031
19686
841915
841158
39773
546617
974780
950472
231234
294810
197061
972789
439866
619937
355751
68023
983168
530834
824012
787821
525094
582178
87660
333548
904645
655809
673418
926480
80624
847405
22840
689007
383443
381107
46517
423216
444077
21297
890041
191663
832460
603454
164452
272326
223392
36555
340349
206560
83741
164361
510733
608836
746539
598394
458736
167537
770555
132154
94017
851179
495911
633209
540186
879355
530668
586703
818923
491097
124353
708964
682760
956813
828771
363564
229139
52163
400120
85841
775075
213
766554
285809
125401
29446
400555
584138
196983
171110
232644
807352
538642
728556
440561
78828
124263
487581
181884
459538
978679
822589
684855
661439
779402
513626
541356
524893
565789
457828
127086
857216
458041
893641
143025
99795
923087
543580
200285
636422
231043
432929
443774
769685
677837
400687
364865
802100
888268
63101
777991
383299
885690
462846
561091
181444
976472
102447
222690
58613
560275
349776
915829
534668
243417
58855
634463
682856
118787
834748
319278
866182
784030
279404
152219
461867
680091
517085
780320
84712
96538
558311
468011
498581
537509
545454
680025
513981
164253
902715
572594
724528
768844
488423
775549
528613
63630
926364
727822
698770
277465
47100
564952
61495
842857
717172
39714
522948
750609
336386
124012
847147
411049
108376
345728
948558
653830
542106
462539
818084
961173
551485
58964
730017
39909
834513
258631
619891
277230
986453
318661
554695
549905
883614
616190
909114
117138
172256
432063
384099
508643
72427
231246
919692
180803
93327
868251
350986
635433
847142
685422
112958
398628
744386
842976
438537
95252
617959
58428
372482
120764
893442
443529
187021
293408
59719
96136
410546
748327
44551
794645
256970
116978
542243
693015
297782
151922
561266
165120
303707
408408
850542
416666
807036
594928
259642
761925
206532
393953
336706
95366
514717
230148
538895
701738
523556
114966
797874
450454
863294
842425
761451
636616
959404
303694
329631
773538
971969
890897
938658
275676
815658
305552
692342
139046
900480
468336
417324
623365
862289
754030
235083
377006
500530
773979
595097
540438
405297
909323
990892
268591
751749
752343
905208
227505
572389
751191
517395
544358
642089
972405
820035
974099
277957
28729
113145
694789
497066
530469
834506
359355
800851
69590
252714
301381
359921
847811
841819
765218
757134
349063
550162
25235
617758
971722
769092
190148
722913
802839
250858
881354
775244
587245
855453
569553
615975
484951
780695
113041
15420
615201
472396
332624
684791
725110
634005
44712
89273
992177
326283
362760
341240
876445
387995
958999
848167
673440
665499
571080
476279
916357
452435
767876
19955
824240
853781
635930
309191
634476
748971
840964
249678
737719
173588
450821
979182
323945
11886
584807
316122
338169
947567
657363
214614
851915
132714
579133
525355
798213
150213
517986
230922
119000
802214
250877
943241
655996
886807
768784
290472
152130
609748
56502
406202
783336
507324
385384
623634
519210
970191
939756
373731
434111
113471
588345
286026
246185
683830
327733
560750
834043
362071
791673
469396
164286
42550
928989
336634
929358
697773
143458
597840
307522
716313
4042
607210
223637
905778
230844
259199
875970
686953
632930
826433
800424
737627
112459
562962
421457
956544
123712
771852
318615
915385
757600
999253
957936
686589
852239
403646
900715
995698
517838
724589
712011
521881
331799
452000
427659
78996
227551
819981
282301
860481
646414
82725
114460
275225
162039
535917
231769
285752
824121
550385
717489
581722
65990
191777
268311
918230
111775
685378
430280
629614
409967
658643
151495
258119
110643
95506
337115
854546
431840
135768
231379
78254
734845
345839
353480
896885
398108
585249
698989
222229
651986
416478
803951
717977
608256
588615
152559
720031
273993
582839
865997
200313
241482
533844
458432
868477
629351
311899
723023
577543
447667
954402
655797
182512
300241
525629
79397
214701
627231
778386
436930
279217
711217
757234
513546
319473
862201
666105
555856
652546
765296
938206
852859
6778
472050
311291
875255
617753
623190
598278
195296
587209
69032
367446
769722
369273
893075
849119
583974
520306
143858
537257
315876
855075
810843
345774
690900
673044
528232
763108
841942
293528
701314
694802
300307
689717
522445
691914
307470
661988
290193
19119
249197
359225
386565
535271
244851
795992
900743
345177
316299
44601
398786
148527
416028
209629
494301
106928
882673
22533
386388
240968
316062
87703
452122
132721
777420
974567
824635
601242
152907
631180
620361
918457
506758
523278
453728
267961
319271
354471
129490
151922
915424
528277
300449
331452
737906
311102
954732
136932
849988
341121
377900
682402
945176
830022
815123
238948
320941
156110
840190
990201
787291
976904
908658
810401
500182
878738
78362
819453
749562
207852
487727
664986
252481
788176
512791
990388
615631
983875
127320
465619
841348
21572
148021
786524
851594
963144
541824
688887
635606
898367
679088
939249
875271
587746
749650
891805
982837
344364
227611
732399
68569
715338
397385
321050
19867
426528
311438
635498
410404
955110
101117
251752
976682
249138
554629
344628
728634
612805
549868
364240
511172
228956
819842
386443
333055
569492
794601
315892
430209
22212
564643
498778
253902
478380
336180
273769
904909
163971
909267
831665
119081
526736
83417
612116
775874
154398
473096
20860
767204
539316
901453
278376
768273
721295
181172
617680
807139
492125
449924
237348
514337
14567
252478
284591
492947
588659
558361
397856
268982
983980
229521
904415
510717
829291
32883
802943
500041
505980
823804
783597
45296
241609
61974
329921
479256
759498
947601
286395
251623
913877
40096
282312
928444
292574
83255
937744
397585
641616
335600
666567
141949
81474
570983
652666
427117
603866
455609
443510
626198
795765
227108
187847
553726
805434
517768
32982
564932
981722
319378
332907
895599
359474
131571
340396
168400
731178
278140
565986
372795
130092
748905
514744
727918
319888
683762
671387
440107
655723
114898
66305
967841
342006
770504
521567
147440
804625
554550
228724
786347
390280
77983
198298
266106
725906
538694
434506
457084
333186
516844
346231
463279
265750
377327
707549
101990
61089
378937
542097
716813
493835
124755
684654
835841
895259
722573
499633
699884
277123
728357
2583
183755
322692
200882
449861
48598
255928
884368
505682
105467
401212
851914
85098
183314
229241
792647
285305
806683
171584
827402
39848
181771
952157
724502
533964
363769
963427
33597
580005
756903
278306
582589
940658
600998
299823
390520
649596
72103
791240
671631
693922
708804
39897
779020
892119
785490
571668
177424
592173
259604
521178
632021
441376
989688
872875
491692
869809
836303
525290
449814
593206
803596
548755
533864
920947
848578
440736
570543
437034
748328
758526
130956
973485
798423
426329
865604
583914
514349
559380
692439
290305
596910
324461
248033
586598
197336
739726
456407
549991
265016
422574
143197
584964
971329
193414
505911
336260
150502
592807
773294
898831
351333
420602
872316
666109
846931
254272
250023
877632
330004
942462
167938
926914
783275
415971
29865
980612
155697
486272
530603
420713
908846
190153
522030
880176
383567
27941
732788
534069
620748
506082
949252
488434
443036
337920
154543
806320
108544
404566
683952
438548
863380
851890
881815
163008
267862
911680
143620
939911
914304
190575
360625
339503
897080
882655
736031
280647
426948
468819
331069
47697
491253
796673
536131
934289
134594
690674
740609
243138
611592
940914
198039
991324
792804
79854
154332
577018
991534
814304
516930
905838
521232
393907
245341
418312
792914
981372
215312
219862
966543
62733
783911
457796
859406
836394
392086
510352
43420
649047
753491
171364
589961
951530
162689
899118
547736
833373
992488
539270
164030
509418
961460
685262
419677
723154
619926
212591
220878
835238
948806
187422
414323
249069
645218
273730
85464
553656
784082
128884
202704
53925
300249
792665
521807
979290
208135
69543
329015
200624
125165
493045
226394
86626
694659
646072
326132
314586
375015
547010
666176
840173
250784
80500
89243
896003
870582
691059
449659
171016
819943
168715
741294
636544
961381
263101
132186
685868
332645
461202
886492
457810
470599
112887
60788
165259
275311
386920
996197
650326
450283
178725
490500
701067
259225
96095
113422
646159
787154
563082
333528
123449
731797
74822
276346
209530
337923
924884
895399
186920
902438
298243
161083
373038
927482
221871
54649
202793
125144
567198
369472
91779
745923
376324
792846
521501
472419
906269
167660
775925
985703
501188
899374
233852
576010
692072
443383
430286
616957
855134
617206
519395
669729
294641
408785
597212
32865
979786
316357
674361
546984
685829
766140
292908
62153
75338
814409
50924
981607
498421
826849
483662
515962
242576
717515
608324
934648
677250
38610
67957
532384
172169
103705
718465
466810
28842
315677
16027
8629
148387
690388
555613
834216
456528
848521
412722
531867
179282
463646
29826
677704
806848
29841
193666
565776
747356
801990
500424
424606
356953
84734
473342
529122
188439
191807
512284
217281
23837
528312
742262
688576
735052
297876
522792
707933
662749
451866
756152
842032
431865
785978
36088
238713
815819
746106
804489
79527
548096
821265
504133
421401
422351
493827
950523
610790
201987
979160
344424
742176
23824
86686
430752
758876
900914
469896
983161
563664
921763
739313
922048
869980
525292
474488
108693
857463
220594
429534
936991
285042
767151
957476
706444
189503
967656
173319
316645
169643
152479
177421
428171
692655
264108
858923
967884
681374
845171
951045
245038
766934
690359
683438
636914
732003
157926
261959
105818
378520
207845
559161
179915
974997
516638
886359
680852
646
59678
997497
170289
728510
174919
598460
937517
955379
973735
905401
636753
818906
372799
398144
102193
579510
597934
255459
311513
755861
517419
417331
650733
241616
976493
830648
216613
9483
233359
897465
10129
293038
411315
696770
537900
586234
811582
475417
541613
301669
897171
694718
120575
269970
92862
739120
849480
690797
994580
677345
963010
28351
611028
130095
269967
103873
477096
2933
629708
710455
416750
639837
519845
828065
852959
57745
930651
180893
533163
472264
482562
946686
683335
119490
216656
292549
374962
582488
499698
369542
259833
462708
914245
870861
109156
700565
491087
586252
703498
120795
296707
120248
760633
816553
464666
129944
390650
395317
827190
440165
383934
826104
386851
67269
461946
119859
876170
836909
702347
375869
722803
962180
838577
637049
349394
464085
337614
840481
50337
557464
961276
347045
194064
238261
679950
658730
884558
70600
570400
228100
27118
954334
54204
413969
537955
516151
533829
414125
869412
236176
789994
592215
714709
144924
745616
580455
609009
599582
937288
659347
157046
414916
522744
867463
653178
719046
526193
54088
305998
96593
282188
333116
567279
336392
747086
105234
368895
280915
519360
238307
33443
309354
346875
264504
970630
608843
844959
579640
208426
782247
755339
881824
197164
278083
749287
366694
513481
791833
937134
819479
404778
219322
152596
972058
72066
899682
77292
957314
696949
596652
711973
730392
422359
575200
994897
392989
184044
356208
488981
908822
138456
244320
306998
851972
38755
56286
735018
552236
364471
672152
371716
769249
407826
40664
741307
996244
940346
818600
469910
153647
931604
181884
884039
870315
273436
395288
779657
973832
751497
268638
882654
406305
29311
189653
774629
68066
762291
25999
136655
126762
698151
24723
896011
622329
65387
637319
134925
522085
972271
604836
675732
420227
303072
76123
290543
92860
987764
70200
66693
739261
855190
949347
661918
884501
655352
952899
468920
933995
978898
121927
60757
193401
146650
473121
815730
728389
626792
467007
250474
599063
588195
442558
535642
891267
518681
826185
500480
506445
412737
567173
762058
267928
32872
940328
668781
688225
893227
654053
622220
872125
775980
199330
581878
438982
188803
397608
683723
815595
380968
450549
931010
969163
893107
466652
376783
928141
809190
877263
950938
221927
444436
229349
6207
477308
169677
674989
681885
579257
845394
820458
967734
621375
536140
549613
576709
724943
947221
776785
540538
844541
227334
987900
813705
636794
454552
190488
81287
263742
67751
32225
2022
28539
261574
8229
22199
431252
199570
220437
526861
44965
40895
494595
182692
93387
44208
275753
818330
507782
52538
875220
352323
796225
863120
166028
433019
834024
872868
514306
614119
456971
62883
132493
1862
324458
140722
24062
272062
340293
244499
798923
901610
801746
293518
84302
895133
854079
876407
229815
361861
928946
621387
714184
725171
859
396565
674542
834883
785785
705200
965354
242757
768083
97847
244619
608893
754922
785033
880955
611567
29532
196230
513177
347630
6101
113831
759115
860180
990238
505282
222041
435536
126669
452577
677059
127528
849142
351601
478764
634928
573153
444118
394037
857589
58318
638656
466482
813240
940042
863790
941159
485926
60020
454336
833557
582473
84519
109024
442653
74757
614307
181046
26646
740976
633624
703705
384857
482766
571659
863621
634046
144812
824091
28083
2401
398761
183092
985236
728353
123134
849026
669512
609060
425398
640200
958969
7872
724719
67994
450525
315829
682301
147924
342475
939629
781548
46180
324486
780666
134191
704459
414713
279004
44903
959148
797757
443664
142240
299345
172018
781726
148371
841530
907139
90122
481731
866108
97994
206450
450454
64871
522279
649107
212795
381106
588737
994343
427287
429575
775010
77830
650387
706075
873186
695290
665223
187296
138954
323816
486641
310972
621894
151365
668855
529033
241487
150586
911494
339481
873388
361948
404352
912020
11056
133500
293126
116145
127843
236765
62072
419205
314596
712459
641632
704134
407749
823208
891430
63056
147024
378072
890380
285270
529437
559235
330656
770924
226173
242150
626757
615914
120450
31109
527934
647858
164609
337412
764003
808805
90530
342428
744362
921478
54887
385995
625612
978989
209203
517043
42045
872579
411467
932425
157849
940904
8013
488505
228180
234186
247007
854937
850100
367458
402398
894386
15316
83360
748151
295672
892165
355033
638100
152879
276511
209339
538874
418475
188328
748077
451870
746725
620656
379689
195503
294858
320593
203516
299715
65125
954054
546723
920062
320507
430533
838813
731245
962201
922173
479396
257873
330690
350781
895973
483569
143644
621665
538796
78472
809993
286873
530342
556719
423882
910032
268574
235092
746977
472090
534807
328455
942496
81530
764869
263003
28415
603682
510601
990617
42207
506349
248490
372897
857131
660816
372819
775
282481
911615
79247
608826
714840
125942
681897
655074
552326
950471
890166
299303
938913
424974
627758
881410
22856
908980
660765
51272
512662
171366
558241
554870
677716
323083
444119
534847
500251
816938
51974
299084
244905
647574
907911
476098
773516
106160
131172
325842
56632
21339
141497
511897
962665
285608
393307
985521
194588
54073
553145
707250
741791
111386
778472
419507
434470
222592
470706
934721
555882
39033
750158
800788
686607
658069
793238
460123
764229
924410
302317
337213
945749
443814
849111
908414
729422
758770
410288
440362
329195
963433
663965
70987
591172
442437
6846
541994
181381
477553
476715
737264
32938
743225
54404
719545
401294
847642
179668
681876
772052
481985
535441
234154
442151
384552
658920
687926
143323
585560
128288
472518
548994
308605
59857
656518
751043
66704
198512
932424
60609
191579
186040
93547
934805
240444
813092
852451
604438
509112
534327
892843
507449
69769
643349
949600
970673
818621
153878
630348
404182
282167
619219
469528
590772
679076
126046
858167
262132
324558
306944
322741
32489
492984
932640
967294
249781
745732
819746
854219
771196
870425
263414
278645
940194
906763
744598
427220
725385
898476
57568
129567
696995
193139
599095
804120
872216
241493
662287
650700
82403
485583
973442
114892
978568
422434
82187
744701
684519
901933
115272
455715
772358
378687
734361
228905
285450
995311
172477
10835
893787
230045
140402
590783
423185
255849
394903
811753
497342
57190
462453
579745
542774
952247
694638
37694
374682
293177
298747
59201
711462
414019
31268
172
792706
281981
745429
78157
277292
917906
88992
171080
147952
745747
761863
87489
517948
673118
415594
15291
246660
394399
111388
305786
346647
322378
343480
237681
131907
642227
813234
843369
56247
360854
843542
365305
642836
588971
443462
920128
506878
48807
607560
171182
794554
369423
775023
312502
558893
190617
844145
805554
101368
471886
111340
964367
794264
971173
202048
926172
613400
531634
285893
185999
892489
645787
67657
535325
234759
511119
971805
257989
559926
579366
945523
870832
465141
720546
699687
24035
427515
543832
829589
45235
532070
940929
9603
326335
912102
211651
768859
41855
259638
54752
744206
668479
700540
811863
203804
451651
839335
691961
225992
399261
271327
171515
786446
736469
408413
486133
276856
352280
546317
106445
397515
78388
563726
407118
921075
475829
135122
689934
34036
911112
261038
294594
579591
477930
106458
299747
445933
945793
991708
671925
861406
263036
359792
647852
515857
284557
133985
792713
153189
680303
415510
67057
275043
979236
990527
196118
971417
642001
886052
521805
553113
663442
816400
649056
141373
439210
948803
103658
901355
940512
291936
762761
719900
651728
926966
752109
452638
577303
61174
122179
773958
993036
189236
49001
488624
696116
245119
976394
338117
131171
498199
407583
310966
830951
56639
968691
270161
521795
72349
687868
978659
364285
966982
214911
532366
893948
967020
501356
471251
544546
623535
245210
537582
329124
294211
542558
25240
539331
518952
363357
186854
17152
287292
497820
848103
343932
466511
634617
382079
55213
322485
360738
419498
289467
575649
468216
699767
59021
969572
171019
603567
593108
932581
657501
922232
226792
200059
947472
282475
719012
827181
469330
252516
630826
483502
616971
491110
466366
251588
873189
521579
90426
233927
457429
896245
809576
925646
112365
868597
895218
799736
988516
488326
732317
646017
926910
475461
362428
390734
757937
597792
217916
743619
850308
848742
743473
467280
339852
209839
235220
729393
247770
841998
963320
705200
254596
772896
630846
366961
157845
526064
166697
146361
530743
899014
308730
457653
890827
187510
848388
165116
785303
582656
908735
635611
947750
168561
619243
803954
894752
854464
533347
142523
212814
496667
847723
467410
785915
994921
834371
460112
37337
517420
122825
568080
932786
947907
542086
823614
135417
390474
988730
920720
489482
413818
72684
437232
582379
691927
241186
477131
546391
774533
619654
759206
787552
983729
742968
89819
978650
93692
549931
15988
611112
672756
100420
543899
620663
642506
883865
272432
549332
872595
193153
38814
802765
265837
992398
385144
474116
233584
378628
20508
524469
514634
296066
828373
498364
39034
918192
993366
132726
984475
525706
260191
173583
626127
804090
310598
784985
204307
583031
334318
76902
292536
889484
396020
74725
881883
781164
548841
631819
159792
569349
672641
190779
381767
501014
689143
937154
935559
198861
69880
920034
724568
846423
609970
867047
166865
920568
168384
371172
503599
19054
964427
796135
908539
360447
870860
306774
657963
419702
938593
334108
505403
127586
524887
887171
144953
214030
340677
80512
929243
926909
516898
170163
773333
126868
37210
940198
47437
721947
311371
67388
741001
792150
379876
165892
152597
250736
472666
810560
186790
927612
144668
208546
55198
669555
95717
200151
399937
952746
797015
329181
879655
830266
499344
652988
957134
52907
109539
520923
291206
937262
104664
32207
729412
484540
198100
882009
735276
187118
208921
438419
114730
869942
646965
686281
55849
259034
886432
455787
211780
199800
301320
91435
30066
317016
260776
503552
886275
370315
24476
177481
307577
129140
726041
36989
613680
440493
435350
865308
627611
160623
820079
258694
546917
467044
944975
602767
726078
347759
574906
454210
63911
876226
61998
93977
709594
322774
597530
112222
209441
138358
806055
517018
783850
532096
70359
913882
488941
22061
779190
116553
699036
599270
891599
245954
582666
352926
848721
825097
217037
423627
279307
280949
816205
341305
891278
42151
664079
5160
154373
873520
143518
960429
906890
927368
8877
493601
841250
497819
515662
136793
130724
731051
252415
22323
977005
835081
891601
342078
660178
108638
765705
455838
905939
98262
797143
797218
656765
977575
318730
327491
367447
462249
804272
274338
905969
813149
767939
263572
827320
799954
916717
958044
531005
169132
496719
24362
520565
904672
366440
697096
13311
132145
152934
435602
746759
466429
749172
403524
444004
67903
731015
811452
46504
51639
602142
952473
864789
886433
732397
208461
686387
649114
166506
733744
818246
179577
758106
855164
84250
124546
552260
613913
773043
221546
49515
36154
687975
798688
956031
648332
382943
203398
459784
429447
255038
578278
381920
119827
464711
114318
328288
151099
279784
11146
401195
614383
707076
159302
469547
791326
283848
538159
921591
573244
759705
971106
609398
964032
286146
565429
612364
669089
768828
588500
614888
23866
166778
996809
660045
631490
627479
504685
298941
907263
515832
700136
521646
739260
375790
507545
530586
659639
45704
452177
749235
321761
939635
874985
802146
742134
440415
414510
927575
725595
519363
542464
265813
686141
55625
925858
833983
683104
946895
132924
106719
462727
833061
144718
718339
208851
168615
248925
384842
730672
217454
650429
568785
673442
525415
370931
415576
965830
301794
343151
207777
821157
885615
473590
23650
941240
915800
857634
140696
862695
990558
763768
841775
339971
424838
560114
65175
593453
325392
450017
840477
542846
616799
409263
216288
142214
780194
148216
624396
598340
491368
832173
935849
893335
822115
959500
350928
737915
817134
7976
116962
324044
771744
958737
664016
712934
518852
729191
306388
844244
695560
146865
903442
828711
556128
636083
970925
852675
784299
111673
967367
792019
460198
903217
685355
282313
862717
552635
536580
196203
560611
653543
520247
848708
612280
700615
561642
647484
946158
868030
8080
158071
531248
911523
986782
603728
63958
474060
972755
364609
585733
940123
156629
45932
843340
358336
328245
706057
910971
381178
418612
987934
34721
938859
836642
163353
155827
398285
810838
101985
782667
335270
260056
313915
246793
763191
433996
827103
237251
406751
191713
339336
863226
348342
385268
706566
223030
229866
928975
650353
611044
347587
638287
162117
802799
474930
325470
958626
873215
652660
576963
655882
987931
353372
486150
234724
116563
920146
578180
870166
843249
769893
209502
706476
634587
594771
929394
857617
340989
374722
507970
952033
238661
662609
114150
41460
137539
955972
516438
527106
608633
609754
182989
596564
963126
185491
347640
79689
621989
925820
466207
981590
695713
675709
204418
846652
786832
133813
220621
127821
24887
728591
79854
263548
391201
710356
821361
45092
666329
337799
572199
274962
463905
271540
871526
427031
457031
219166
23072
79020
661339
489279
60610
357052
164989
781381
720057
951821
915194
940678
79643
940081
185622
675849
719981
576823
902558
541342
138267
568887
395494
710466
360201
859399
982006
748079
286431
439037
967245
825855
34409
628584
315135
611372
501989
996476
392753
738398
948297
824299
679076
544292
280732
864698
736494
713
957873
639052
542056
96141
724291
453902
322959
84492
313301
304966
832571
116084
260355
316168
941940
811117
461105
257075
422489
479446
769903
331594
217844
718200
155893
413272
778845
436625
277971
515339
953690
752196
670743
12098
848337
395034
466000
171297
479526
295654
992615
828449
411738
252970
660969
870030
64087
122074
643457
2928
117872
413360
334522
852068
131561
6767
265341
426758
959744
543312
942097
913435
811860
612840
925533
176550
524226
391534
347847
520104
687188
856814
348553
615278
626136
525874
485309
206576
647949
128766
209504
282173
542127
60379
134242
190040
67146
399583
133150
543243
459247
75247
456678
271107
204439
898563
447657
728665
806449
311856
765121
493637
685022
113674
625268
311159
639548
626929
517735
803849
755695
243591
602375
814174
303970
736617
520566
887469
652552
653716
430712
111799
245315
887390
899258
966106
302305
863268
211123
108755
691476
976244
118744
376499
606270
744012
687658
762171
370941
721745
82372
642989
965336
684747
973515
785659
937716
10434
673128
590268
180502
103840
218419
425818
507582
117678
908276
809887
497298
119400
918642
188774
611996
37387
81625
218267
297751
285635
980438
185045
7380
579162
828034
972717
263910
317901
758376
201626
328335
947856
308247
508838
568048
526666
451008
75630
160696
359284
401869
657994
995036
836864
363121
607033
390603
444746
825300
688354
730382
322090
873399
737762
901252
217785
226831
681514
535687
501559
399493
380374
449415
707740
889212
17463
234406
856572
609445
395103
215857
527667
569449
210893
364531
932570
817926
755134
377317
159578
959840
624051
481668
349592
361813
899273
83729
104997
580787
619416
606556
980280
999791
572324
204372
405355
106139
438779
261928
715585
350234
994137
243252
919683
205030
124135
852254
539309
879269
229571
698887
355461
853622
180556
221405
731787
596181
305135
353136
693320
924551
476045
673601
440694
48369
877973
362402
154508
833104
140682
386445
183338
134819
629697
103022
856201
753832
955276
395510
149453
701199
94398
21267
71173
791306
242672
319312
387487
547807
188801
80807
988711
664846
270760
945757
713215
665086
308159
384075
14542
448841
770521
197881
100012
916570
817255
956214
670403
288883
351724
336208
506434
962474
357475
93959
753780
600148
413271
657619
147955
602072
254779
653018
783270
525539
598776
496485
706977
906935
396913
721520
872129
167434
435753
488493
600356
253008
444707
270759
58243
312784
606968
564677
275258
480795
658636
545391
80943
588259
719362
745251
706684
974141
398269
489954
16033
997045
502792
723010
420333
899705
960882
808814
583491
396635
297307
183847
165995
258367
970959
224238
571151
94279
788915
362761
575074
447551
424504
172370
552163
143867
917621
258847
118008
315890
748801
134041
829288
251593
373404
249621
151298
334286
58435
251141
247274
872094
434989
413269
130461
922300
637508
217964
16579
426423
97078
591653
390327
521582
764023
942490
665449
197996
201337
299810
30239
950138
950203
859527
718084
839959
625500
385734
174246
683935
636876
421520
72381
588217
351141
202843
26869
988649
937159
43448
931425
34237
151453
321752
555820
431829
780594
737621
629825
981931
553783
660064
448421
20339
35943
682857
860298
661443
68592
550896
861730
221820
488768
934112
326389
839910
653307
353258
828559
590466
396706
759984
624704
64511
598088
696876
496340
378682
950849
642518
876965
20985
302582
841739
41324
338526
40948
901622
516321
109540
968871
378052
847712
457639
312164
174101
297549
965471
527359
642461
72289
440417
918797
213345
504929
33238
910221
517621
928272
377423
160139
321590
398408
979074
163329
439732
833952
720629
857706
350273
830170
342929
728325
194234
800569
556841
368336
614470
522312
412047
256931
110954
368817
692081
324299
390098
725319
234521
907719
653591
128296
584211
975181
526704
563285
654862
482788
397237
375492
856846
747510
722014
199776
992188
916248
345
549029
800936
131167
587694
729336
388099
698648
614505
596532
22947
4603
321851
773820
428674
491794
902116
12885
983328
945172
92522
638190
427960
489759
530034
801159
753622
252048
935
262162
684649
517632
811191
1937
648799
915237
247625
553250
130237
862130
149782
153185
383085
987985
443357
811760
996132
861826
340997
979460
323350
433520
134002
751311
439631
664037
68822
709605
432437
69757
971767
633438
103741
299311
151728
752540
214548
399353
305791
861138
777836
971925
14323
677273
476263
974032
5385
472395
352210
346383
968207
675561
296255
102209
943224
735886
282598
12046
961844
231388
598155
933611
864826
701896
749274
532906
454436
480175
448612
276579
341313
742800
248505
871988
420073
241120
846020
425459
713515
198231
771842
198074
873792
584449
300283
817016
320335
99234
345414
282179
330622
943569
732143
711800
645465
481417
244707
99901
961592
693319
892833
819257
436119
657690
691245
372544
898810
537266
798003
128677
251849
86197
326751
641993
670646
143386
975361
507334
242620
320775
789513
573242
264344
38008
285043
909809
519426
46102
526062
997370
255773
418895
816628
208244
76585
507873
580788
491747
561491
378792
620424
329692
981341
463527
971685
651988
606914
947046
159322
849534
267821
465187
939129
48517
503196
740524
474678
538974
302978
741
536344
558751
935988
869324
766995
528926
377198
347783
20673
455041
242927
157450
784734
224269
620977
756419
876257
744243
219818
551931
110130
3991
17118
49259
52509
520314
306135
527187
59288
609113
44280
111985
167864
496621
981309
451211
541899
874859
798994
78924
846253
558274
236374
630987
782543
373704
903758
175152
117947
123576
727083
744429
643920
260553
310040
696429
297220
616175
739968
872860
741640
300601
984845
425856
797222
482507
877067
855473
873718
192414
934397
719971
750688
170772
867310
49583
60828
287421
741087
695127
410997
984522
439557
54917
245075
749597
267698
542295
882125
524019
415156
623765
824620
916353
49622
138194
398860
443041
993667
788931
151807
928064
25254
418847
615188
892565
468430
192368
179986
725869
887496
107335
710391
327053
678605
955467
593002
462655
497762
475127
986674
429270
98893
811294
345624
664867
465840
260836
624260
459507
566119
776068
903924
591374
194915
35464
291
179698
744185
180277
905567
148033
803964
615959
475086
998921
571426
584440
461577
585540
59568
448251
531163
674813
775898
393139
339680
241738
170327
963940
217598
736447
740008
637874
844173
451276
189690
844464
630974
933875
541093
52893
81908
345057
668852
73346
860331
756630
174139
321908
858523
233707
286511
389686
908520
62409
299177
764552
820500
469504
728492
38098
722303
984853
192324
82828
952481
382014
927292
583455
832242
468385
636348
430502
329795
821553
20201
190126
578183
194340
28386
953058
428047
314897
859096
852919
377307
158273
617471
197807
144130
862315
752257
382785
363520
944581
465614
316001
842947
909258
415808
675189
893996
568509
622044
223791
390062
642245
930269
484597
836585
958655
437656
780984
789904
296752
633903
167211
971378
767726
881370
115508
146393
149979
14645
509914
94560
480259
825915
453860
389518
758076
645401
283514
326585
267445
23657
716647
909690
470278
717596
262627
945285
155252
43611
735189
452005
193866
418753
939735
477944
300123
55243
624338
450103
69888
134252
61015
66500
476519
31227
972370
234595
676629
772236
77532
944074
795893
310531
370117
782523
28128
149096
727808
183380
709060
462997
151737
419278
881750
91472
897223
698226
663067
521561
664681
249308
172165
242048
832160
648684
273276
804530
399632
949905
576766
477164
410331
889011
787696
296800
187886
815824
445897
915694
515556
671309
895043
667294
90587
776794
275118
987810
991372
938186
25723
656053
703846
197888
414453
536006
362925
687729
340536
762557
153986
433654
756073
564318
839017
60121
377470
26903
875945
823367
942597
907854
11028
837640
575148
101616
130786
366618
605778
122158
304804
147854
294563
8650
345742
709017
544656
708667
913098
401544
987576
67085
351550
743650
147755
190567
320123
525225
217470
196069
864945
676419
620275
875973
30412
711775
493941
161198
78393
616072
799709
899550
763926
610624
424552
109668
835993
485561
334688
749092
887105
838616
332529
238656
98618
480284
429223
418742
5509
163046
131163
870454
839465
751438
262780
869877
463213
756721
547428
57958
372793
863489
957508
653071
474113
382061
279092
310107
867622
613780
575551
754727
968748
908080
509735
67367
388364
455311
2461
910225
618357
133624
780680
974174
401414
559812
360404
380979
832885
424184
438937
205679
287673
396446
375102
278138
294859
654194
104597
162481
267974
680148
433560
753075
104580
459648
820442
9296
914959
339255
919522
49668
472879
216554
540194
390645
776366
416950
771624
609251
841134
210561
331282
645159
123359
706385
439650
418218
360579
544247
580699
144906
740748
530612
897981
361680
990260
234775
370977
905219
574030
290499
471239
563261
23405
11433
953906
799771
428384
241882
925374
785870
968795
773009
431030
92155
995746
870680
510373
356325
931279
607425
17583
672027
654389
431916
33708
644649
183043
921037
66220
273425
211536
537459
836686
751293
548892
306944
551064
493628
65178
992790
279499
33974
282151
226881
126129
277897
613913
152854
150575
545192
276631
684510
733572
931020
116427
283632
575669
299470
204669
158241
572896
932557
695700
925934
683850
760945
749231
751266
770925
814409
260408
566776
848383
542560
310009
490864
820457
923922
643719
487384
985467
920350
171895
235391
367723
288322
35375
459744
104144
240044
617986
193392
688953
313686
119327
372803
590983
384910
640421
361909
199319
900829
445037
564055
443389
755047
54919
780199
678969
698638
267583
180788
135341
439478
416179
503064
244152
451554
479160
348297
207950
97146
58041
896903
927185
693720
786058
34520
78630
426479
396429
794302
327309
357819
358357
287050
112866
413276
67249
308187
628267
851185
488976
763608
807015
421507
783024
51168
389414
262184
915817
113716
875683
490210
10620
802868
183931
313030
837388
262561
739510
750170
573215
583171
107989
931572
870221
737207
344849
453823
45394
973116
821360
534370
253076
628375
472230
552452
195895
861644
330988
628064
975360
206671
118275
502332
525891
302206
815363
879632
81119
71225
629802
654335
654396
254143
102259
40969
991350
963460
11144
36744
452928
832504
87467
706004
977232
559697
774808
173127
937693
105797
801192
913053
312468
435819
931738
838360
738025
747101
234344
335496
818326
380498
989831
989074
634641
608443
30043
142343
571903
41188
695439
24832
390044
299258
730836
367276
858955
21997
540404
796648
127794
857948
226054
440262
293767
157792
794974
548144
421245
29318
883640
239571
409816
389824
228645
560809
998267
775040
219504
570170
332580
914944
595002
722625
214202
842191
89901
589510
864188
146657
902510
508334
4605
128564
948596
814724
802708
259923
362868
223953
805593
762861
979876
731762
152685
724873
808923
667304
499914
544780
237474
832494
459724
348829
555119
190278
707372
161373
296140
571560
308030
198651
79894
828988
843567
544842
160064
162628
321117
39285
902933
643063
802146
882810
891177
471183
607683
216452
138487
623949
761232
375961
972796
220956
241142
44267
927587
948514
205640
740079
36426
30023
938730
632672
859011
298650
177515
535427
977630
14984
574712
880563
174399
376858
763373
65576
848041
887409
798381
986528
511358
559613
878842
484154
296922
119984
528422
224509
68499
250414
480940
621277
280437
936023
253950
655800
234673
947817
191228
212303
962801
765940
92866
653553
659151
372592
235481
23544
260001
33862
10073
287711
593476
405267
288218
890398
525251
816640
631259
110102
583406
112199
247732
863844
48222
501682
519644
799247
449499
227224
527902
928652
509517
137121
582205
168668
509713
334039
192212
286066
367901
718637
573777
961377
123904
861995
368127
165508
194987
999386
791962
294746
627938
39694
158590
676160
541376
194586
991760
507227
421811
519662
435880
931328
656783
534437
616348
682848
868476
808560
968914
236378
43550
59044
714107
167454
437391
82235
849314
148731
597973
641277
443477
225911
197323
602067
418424
255052
313005
926536
762279
251168
446198
198159
182496
619334
248949
315196
302182
117425
123757
787449
870155
683659
362845
584263
367465
800236
182850
216780
465319
297175
374409
908796
39439
571732
27215
974215
343136
340221
900751
105416
591389
346949
819927
290238
482635
68876
605434
784818
702654
245543
88619
572809
445554
451464
673424
813020
768052
372626
29800
233372
669802
404209
142168
225593
492293
685736
199808
351782
542309
100559
457198
650050
963860
277125
456640
446496
862354
578427
747666
565008
340322
352637
137817
785877
804101
327594
598897
88505
700220
628697
321877
886374
549258
980398
111967
557903
182486
311775
909685
724795
928686
883235
374845
892547
160361
347838
855395
539067
926265
119413
104075
266587
472050
241892
52464
792503
569486
651361
397360
786059
796410
719238
672433
862020
215988
784401
936276
398474
612528
845961
123269
541215
729197
14466
950114
405910
362304
321861
944977
804921
957626
49052
71509
946028
807296
640325
738531
893135
808039
652243
195546
604449
371481
867979
982822
587469
168732
919098
502295
781261
765059
141916
838828
10608
156383
788942
932870
35039
627155
394199
356313
584781
443251
427822
530809
766900
68147
785692
176387
392538
437935
371933
996988
325769
756264
979810
429590
924997
898908
931886
222610
180319
73802
61438
707280
746537
366732
640150
781577
993887
34350
137890
578668
993953
82064
625829
277205
666563
927873
969944
59102
365808
858229
572442
691577
614494
552252
637520
55843
967512
569406
278453
664183
643208
339891
371463
389746
706623
527966
687675
216862
78668
341917
311882
588973
940333
937711
866179
606896
865584
352475
182350
747744
210705
754792
955674
825199
823396
593194
397394
307260
162600
675847
971444
322160
532090
859259
711906
238713
387225
915933
455575
465893
774202
767457
571219
714535
221520
437398
837784
87104
789873
20134
351200
516930
774927
306874
858481
114675
900068
255875
421936
579020
931722
393380
901181
463812
252639
129439
218877
156217
45373
190804
138462
335927
958261
709681
50463
696133
663431
888247
299589
969657
424733
650790
486587
716012
957664
345069
830688
374085
600944
252624
953105
49019
162356
370638
29183
931347
500078
248061
603916
61803
438865
742379
397730
913479
968412
964545
609612
631844
852792
425554
117853
793878
76344
604440
509890
550360
465861
340578
924445
583158
109554
393903
148529
271910
764541
177712
719610
780971
425773
323526
842774
380991
582257
240505
294470
550670
205050
420434
182514
574195
845988
300367
368073
438684
421159
394315
989045
403373
734894
429842
986531
360800
340097
135060
149063
620991
312772
868673
401962
254898
192199
244737
635889
774457
1594
446711
841479
722996
383497
540345
297191
745838
840712
181616
184522
778223
92284
689919
181596
827178
636114
684479
704330
976211
335891
853393
597202
165016
722066
999165
419914
430618
760254
572155
721427
761848
535218
562906
1196
435067
103251
814740
180905
460315
996356
881780
754890
88640
88051
936487
432170
724165
137318
136501
216729
473210
989894
813931
638226
228313
329448
574492
658931
606054
146647
896710
884254
198217
459616
885451
633284
79219
700191
330542
539534
212899
728674
294424
817892
816725
747263
250062
57243
884582
902915
273972
874144
409162
604255
28722
637475
450056
603214
812758
56110
266213
709468
940365
464430
685436
825816
614066
764655
526007
460960
304189
738906
189634
114965
556798
6360
862229
323213
579955
263163
226128
853927
653659
151642
458182
682381
789117
908238
285595
118227
964349
68160
344047
421066
532590
29483
246882
663008
310490
772889
123969
131031
28147
313603
245997
101298
836315
624578
424511
416270
404093
166991
786549
57752
318634
244732
256485
624103
669322
58432
742331
150023
126592
602730
571089
175534
148566
817971
838542
459056
107212
962511
590088
651712
792467
352437
753010
145134
977015
693873
77757
897460
860864
864306
471564
695850
625390
728049
319954
294713
786481
578637
444736
913073
181367
15826
88607
329933
350149
443501
305342
973714
922365
895430
625426
714832
764219
894788
376318
741234
588661
454075
155046
965877
318382
626610
661728
943772
354659
981682
754837
657492
76671
715926
86917
258038
248104
175524
104324
598253
135377
926018
88319
57742
337800
230097
288926
102019
124885
665245
359605
229898
635672
514651
195776
470406
141261
857504
930531
12272
355538
685368
669764
432209
401294
756681
206599
649398
448557
827275
764004
583934
753293
368675
158029
91093
598773
446955
193112
240010
628552
552717
986261
264225
67368
182037
250983
724981
555893
181514
737253
427783
866883
923369
859992
784529
680050
582943
950280
644959
410219
230636
745246
163512
599311
903275
770958
198084
866582
480422
954447
11487
33140
940708
792064
616860
639097
43047
858194
194990
224562
595447
622773
607797
518817
999117
392326
715219
582060
342606
360179
508631
573242
621777
188496
688906
41404
959454
886990
907986
956228
357789
435825
989368
298497
227889
122581
937594
270937
980775
648936
495499
92574
788061
103296
127743
303530
11974
842963
401943
870933
719494
910574
960527
341271
99070
649433
382675
574876
52776
807013
531105
410565
242839
36825
225415
470728
675758
679361
258017
172885
844650
753516
265460
632711
373164
393203
936242
901491
752518
854537
772424
988364
765111
249303
845987
380534
898737
745014
955410
467865
552028
2867
394782
311219
556045
136549
298299
231803
815911
556317
404689
660561
826185
186501
809624
715702
96056
745866
617193
848575
116755
905969
353291
881867
155272
199279
778753
570361
944293
250515
554578
496321
253383
949361
323892
809428
85910
138544
557583
418173
694861
478624
78734
37398
665125
888359
753100
277534
150577
886645
126109
267333
792614
995752
665552
464239
195031
444305
550952
139325
694820
105531
151998
464555
571244
992243
790335
657154
130787
347919
591680
825648
826543
670414
379398
8021
558773
132499
285555
225703
535496
928016
9388
844463
923768
674940
308702
118800
119245
376006
774477
330417
481537
926475
794973
52781
918718
585308
226288
49505
449579
817968
391505
276123
4734
770904
800496
79860
419755
86051
305563
471603
530419
314951
316066
454187
506243
141120
89339
625488
517127
863816
472257
998664
306644
267230
567798
741714
368891
310438
791220
818470
644758
699077
610945
649492
986333
411441
729352
922440
13844
551267
394044
544263
382570
710110
514803
888813
851231
604142
30653
884710
984311
502911
399726
290955
286493
483876
32669
171736
794314
340241
990207
955424
555671
117504
604917
542004
45298
850621
464445
575494
918241
374841
119758
300811
84951
634561
705977
452534
755055
736630
337244
739366
239541
253323
546673
42387
737199
579343
214123
47866
435936
720682
3290
991607
838187
124559
533612
399837
491533
514409
975331
409774
889250
95089
226937
490553
246002
932914
943088
1058
185897
796684
256776
425438
566359
803450
984177
303559
899145
198301
351425
335081
918983
354715
843041
273522
479275
376653
673359
970808
407414
648691
896934
813016
260132
123871
303569
506135
573138
763009
23545
759035
76046
796673
700825
642405
600123
685003
945964
15620
399656
813741
350702
834991
168457
193743
108514
164084
86748
298225
651244
10514
946916
548178
823530
207049
188401
127099
229536
761539
406461
769433
36926
482507
566106
737752
641264
682582
939107
587229
698202
338763
400970
565256
173754
85779
275351
798620
249863
362099
96846
417459
888965
43762
965637
712495
767163
670391
355947
513051
431930
762408
282484
985209
761267
848591
239313
402531
531173
178420
506112
745727
33535
423435
310984
723641
25566
586335
522262
275430
464787
619108
692889
353752
179222
174879
66248
462738
845270
938547
975789
793552
217307
258274
778761
978574
623217
534426
897457
670742
712846
919922
416469
746381
343357
727453
470023
368923
313789
508637
160705
778576
644097
369947
648680
339671
61178
231280
802409
906448
169827
294551
216352
387134
69177
511466
882060
692394
45892
295870
363136
275091
215792
779605
21472
559149
23411
7847
444424
337200
516484
605130
632128
676933
491429
797160
16605
552607
28441
335366
975407
714620
629917
708111
618107
215446
219577
500167
907840
781822
796037
787328
56913
528181
83286
594737
87330
106697
602585
48107
960249
635421
169589
108729
312355
661018
905889
845312
729977
450682
180678
221736
165303
326948
929847
783410
542394
149425
799929
966587
447599
112319
753915
504512
640500
353553
615601
244183
460250
218186
808642
936851
369960
978231
561932
198667
155601
984174
43979
885578
434856
224657
107314
116511
67957
37161
416273
610352
702938
732555
576939
666889
844874
847206
687753
1726
200760
303355
762261
177362
521541
570903
630566
407853
549134
192498
606520
221087
693024
650499
106665
127881
391509
730331
760744
459466
283845
693370
586170
503135
425925
163109
170025
787151
526668
857778
788877
243780
161133
67491
421142
199027
638394
568060
606880
703881
276911
729753
924968
969935
380252
547986
97816
288113
794669
374913
747580
78514
68283
333750
581650
494208
13212
268027
797711
539880
125805
102940
783660
803291
170431
721154
2318
325178
805567
125550
545411
82478
855303
986731
52413
235556
534717
666582
40021
329387
41495
303953
924253
626130
637704
22255
636690
167268
290282
434401
223500
416088
537341
7160
735731
707773
244666
738049
549303
50233
863599
94714
649063
235255
81445
701477
987163
132515
368059
27184
978254
925906
331138
902507
552036
485194
924763
705078
652462
215045
139479
875962
147485
193172
399474
883216
900945
160492
137617
966600
727078
517569
61314
376141
752824
659112
77618
739987
791627
962029
767171
769881
404287
614661
188740
956323
99855
113503
177753
268669
844901
317232
144631
508738
510405
60457
908307
927702
737302
45924
894303
464380
563493
471969
840521
832669
131081
434492
572656
439060
396521
856180
725293
317161
470841
914034
789836
87049
543889
967590
355718
905142
284822
16702
413881
311579
593511
838540
755634
330813
400816
166289
795193
480662
638258
152067
313331
285692
586559
402340
241104
499432
258520
966398
816593
245713
880432
606430
332762
940673
90372
204833
845816
891546
221535
776049
203126
815046
614589
958760
662212
531757
641401
457405
12419
279659
125824
325751
81703
712383
728091
322808
728168
502963
289206
61113
265028
685990
183895
114143
626663
274267
318976
988831
682166
56863
281232
885292
388261
412173
360404
50473
943931
1805
507879
956350
797816
633703
798453
395872
862439
42896
235032
106959
545859
40590
684424
327240
726580
384672
441383
869595
175291
760359
374779
857457
333574
656011
259101
721835
68185
619505
772309
528468
137662
796540
484818
451831
946595
283272
364055
325386
842520
599087
948697
388380
639677
633122
231972
882609
534146
673355
268556
709437
950066
643335
566895
283640
815699
825996
521827
400236
961854
294136
928704
615868
607028
929874
584051
553624
729498
948106
395362
572019
547193
344060
476751
703222
493534
708723
585831
27680
382078
854388
737117
848496
14075
820364
648488
829774
162713
170315
230010
124567
980804
158714
256787
587832
88589
840839
657808
818087
788945
569523
390106
852491
913583
383209
555713
923469
91932
141545
951149
990362
512285
204618
838858
526360
541335
487346
356135
704048
174014
102497
344967
154818
261212
601754
259002
866153
442593
433163
200592
747891
2686
107051
600382
432621
490260
156095
356090
98545
297640
823591
88907
326277
28209
927766
852638
85896
931464
208773
789944
105478
827622
651263
776648
605186
253018
35651
471339
211963
468814
188284
959854
987852
295335
76588
420473
301947
232684
776563
400492
46676
600154
489400
372954
144715
933518
225592
230612
381334
950717
20556
3165
778339
188172
779813
899878
441190
331816
371217
169505
316982
75853
645712
304834
887540
722300
725307
189488
471336
501870
106332
518013
618376
595732
407319
763092
45602
149263
993704
426937
616332
530612
430102
911023
718784
726267
810901
676326
58084
698471
845832
375066
774324
7896
679901
661865
730196
921560
367705
717885
939783
474037
235898
558159
586122
159569
837603
631724
308832
831307
575013
925164
878272
521467
352539
113408
247735
163441
789735
305819
861912
151919
197237
636236
676167
393490
814453
406363
315051
182158
124248
771186
656196
876498
329345
242318
552419
166949
390394
861251
514608
481760
302767
392880
3227
655307
22641
250962
335100
328728
73133
197012
996999
786723
349600
673166
696565
164054
595881
11616
346212
236482
782802
518760
629332
628500
761078
181752
795449
667825
559355
826409
149585
378475
735642
152812
550134
758283
920127
885234
87011
509612
82246
600362
812687
948198
273528
509253
112252
385761
37221
974817
622243
336376
493577
251576
964876
771008
433328
276677
438833
509035
103086
104770
887510
838728
257582
437644
113363
694061
322878
716726
720026
921476
317088
532713
869675
106968
558318
498279
492730
595540
989448
631325
931916
483026
882901
413144
254034
832581
689821
209219
341617
309259
313989
745479
664340
87923
183124
777703
298337
22354
494430
534715
943831
327870
583780
329858
434839
142099
344489
443921
253991
333938
75246
185907
816964
474500
115403
587350
307081
805224
312921
165050
630835
143262
426882
295175
231185
610006
72879
45874
632360
83661
580589
92543
927883
164370
938753
879074
822821
283243
322995
76812
617181
914594
262719
950497
389094
378122
54199
212527
699698
367120
893930
846885
26734
320812
142061
774271
930818
731292
820146
79530
814953
917087
688426
742836
81457
627179
621911
904278
426774
461258
981090
560307
375852
760161
27156
764946
654635
81355
977474
870685
964827
871404
717571
991561
708568
859632
282185
155738
107276
102331
235268
922229
19418
440046
181417
617228
583578
319680
521506
526704
297291
18949
87012
673143
295462
114168
954442
466450
711876
448268
337135
193055
836024
54706
700969
544592
430690
983154
700330
537966
601837
451950
976547
621255
891997
674317
238483
991927
510349
276342
518631
807640
811643
121995
480784
623457
752516
951578
89907
464392
399846
427043
173799
235870
998101
874768
780462
945144
374274
997144
999462
976111
449094
976010
113719
857443
166679
868554
365722
677028
661248
884354
484669
472891
522701
481805
96349
275217
433383
702608
739609
833229
129651
429761
585451
644105
820881
882265
589249
195156
879409
588711
687619
844855
81073
801338
218651
247752
186245
584373
924781
847493
985079
925802
836737
507781
407607
449438
782998
840990
152046
38960
190571
281698
985073
776022
925803
805954
658287
31404
517462
54048
620115
205082
898903
217541
522772
117554
465293
709017
218280
906426
556511
203359
832228
393248
227492
239835
842686
526843
597177
994732
565803
787748
792782
550876
80122
234937
873182
254761
266341
390645
308809
402809
112079
724065
136702
634851
357971
601995
343869
576251
508422
416732
295963
857002
809980
39807
96838
169018
566650
210367
680102
648805
998116
472885
716033
594590
224174
589216
849352
6868
496213
674513
409677
608292
398578
546379
243143
272902
664726
103364
365505
689500
520096
177820
546503
846428
217628
159693
531798
300630
370060
211901
949436
884528
201138
181821
479119
425312
287389
844823
432180
299954
519336
358209
908246
434267
420940
667742
707169
85667
771106
72674
291519
807555
250495
838022
170335
984475
997715
218486
285105
367776
946739
750893
252304
147877
449067
247775
89541
736456
92598
521722
36411
611935
396283
461009
562554
817224
128751
269723
419243
416210
858749
710762
740117
109244
65137
426804
610071
62852
645290
895177
946980
592029
646070
715637
256258
611489
963412
345800
347946
56011
383874
900709
184298
780157
361718
263204
113733
6822
532927
532976
423032
908028
760091
163149
533625
825228
106305
143696
404432
751596
38873
351413
343625
201296
67050
116236
812785
546814
462036
677083
119177
845910
94144
819827
626067
455863
83031
256153
462685
132310
305481
402069
40339
65572
81570
573964
407152
187875
234012
811585
939471
789238
679350
799449
506886
262752
915685
836023
809566
894073
513107
928744
739983
607251
748571
882402
579466
347955
138555
558503
480265
444037
960572
520604
25961
558494
610920
949466
746370
844933
277403
202193
634171
956753
517994
141057
219505
950031
493432
545423
844104
6539
474167
584087
130143
739091
466490
225961
87046
121397
784465
567311
81786
261389
604268
624100
819884
731540
573566
566254
92825
367321
284799
243348
840426
802794
900757
59931
752825
394190
605354
596930
400729
595874
181017
47224
334965
163859
273186
938363
801609
574003
22026
883395
835392
142646
23847
655276
874187
113765
737882
967012
481086
22682
210361
321512
825476
111118
897795
578301
505308
19502
691583
422390
131728
872601
985966
983045
552812
259152
921408
354421
833155
943434
754169
184900
86081
294368
356528
476620
408134
94411
443632
889220
633445
170345
727085
975273
797816
141232
69926
819476
160734
761510
758218
292462
150463
744185
275507
703275
519689
713267
574049
869197
173054
844570
54097
259135
138938
926977
252107
547072
21388
212091
952645
171185
382437
196082
146458
696605
337314
216385
32433
14401
494247
790652
823215
644710
51189
615075
864337
570878
328342
954738
440075
501396
799308
10524
276883
454599
937502
528990
1671
475242
741082
470668
162780
639871
183102
309238
336476
36769
41975
885261
51170
536222
675913
874385
697284
727102
489460
561622
814333
334155
516360
770760
835551
832021
781285
628787
286620
235139
157777
804643
226733
415211
791664
389513
55082
974766
215104
907910
11535
257079
793172
579057
309654
985437
453443
6938
712540
459255
568560
43225
309762
601273
813985
661666
949646
111622
290453
236266
346761
964582
557261
89847
379794
348925
479360
434876
840044
694464
859139
851579
951544
652311
430637
777550
637748
400432
784488
866640
376039
869401
426217
202154
987026
240203
863820
936672
351825
670625
172938
214939
635207
246551
304786
15001
595477
300498
966230
435521
994963
341721
803452
462859
994032
750441
240409
148132
667225
541249
531125
559617
410650
957342
761771
914028
713897
625591
850700
582075
296216
539990
797014
447775
786542
618152
979129
382019
435002
945359
333892
429965
803432
653696
409176
797464
404138
165937
461948
71363
707187
993073
147332
634189
466768
909103
548218
180665
51046
398918
762740
863614
938909
76106
311390
725451
210610
290519
623822
645613
752230
474066
591930
72014
127762
1107
869478
531900
167044
847778
119616
874231
357204
783300
508421
823972
692404
572991
520989
259802
971909
283730
123417
427170
876188
951159
668973
86799
758030
809147
732412
26612
283213
324342
98626
410976
841801
484456
459228
8846
332234
95196
399429
689438
878497
424202
29762
570901
997193
550752
347055
485455
350834
986824
912625
227022
937983
581599
830173
212365
390746
562585
238977
190312
403280
853955
601288
761433
338411
576868
770279
670646
672065
686061
876436
550562
110263
422551
637815
623809
973303
984870
109264
324137
971695
21889
67511
426030
119840
897685
638396
26939
976622
393725
217251
896254
247681
334891
657688
586092
911759
944319
773090
583824
630380
165879
650738
256996
588430
288553
880805
561733
789776
990069
402222
277823
11958
469733
220205
648151
367418
858601
675090
344041
252327
892341
240295
500008
227232
414335
602452
138991
358655
375543
239168
989035
541422
889906
762383
646204
694812
643188
207937
484588
633257
610159
278763
161568
596244
498968
809719
963663
873922
484809
824056
126249
893502
580703
142609
120734
995039
745061
776077
353694
636956
15245
859081
694730
905152
621465
340934
599964
781005
548871
600904
414263
675382
879667
92183
787979
894987
901902
751642
768909
903063
92050
895158
796565
672753
554119
433651
184144
299181
209728
54190
452489
224974
429624
147220
130126
567441
488154
246442
348446
553378
847346
279061
745112
243365
371244
533091
138352
789498
801085
907262
692561
893135
318772
5478
82241
872892
439129
266385
688425
648858
836928
140914
873832
266552
804486
520310
833993
292641
766752
182439
362371
130450
461501
107483
373815
349097
640575
28519
138596
441660
452133
831157
334796
770906
836636
933389
160150
792117
716126
364927
440975
553054
22193
831159
335958
826680
867821
169951
635673
150925
868743
998044
281375
846596
621879
171542
195693
262454
200062
334289
220467
652195
681799
71615
939453
34787
5004
99603
826904
721130
980882
784232
790537
3076
131743
126495
346108
999565
812799
498133
150490
197894
496177
431866
44490
634408
119760
756535
896863
319822
90825
117330
488370
288976
188945
427823
323763
710301
43779
667019
947783
541013
451251
738320
60441
99347
381168
406549
98912
710319
904682
249402
908213
917211
197620
469055
551620
317381
225590
964835
153555
832767
598517
158277
638095
303814
586101
478210
14115
146232
145230
478250
203597
112833
732923
264039
212180
114091
670588
311092
340762
91623
76847
765327
525186
274467
234382
593158
108200
976324
74345
778108
325444
672862
936385
963539
493028
38838
441750
23495
185070
103332
501746
905020
216165
234669
169059
944698
865112
355999
255790
722226
963974
848989
487553
489161
639809
721935
598671
748009
214611
673017
526117
540055
862231
462503
19947
871612
17693
461697
895107
202764
565029
396853
624136
297546
147874
793195
242244
529338
149194
14387
251564
629521
863376
739117
635034
503185
977404
233705
767547
192016
423074
810016
248423
801658
788871
268370
673270
806565
246419
568377
525681
327800
481583
149817
141699
145809
943012
383943
675148
608558
914682
926712
238079
778059
665830
873113
797596
159586
623171
565143
867954
562597
891512
116378
364255
680383
901100
553877
486948
663872
122255
12629
508024
120190
162446
649723
265999
621810
33667
941147
746721
948349
867860
984800
242760
50042
374266
556709
725980
513789
638204
593935
76386
529716
226665
956994
210100
644117
510871
213400
307989
149478
226030
816014
269668
904828
465737
52020
526639
15756
993167
789712
480458
377379
290864
239570
943773
665130
796279
669754
695271
434484
780041
288010
480552
6706
245004
690652
167175
272227
904053
475165
421706
646435
807531
207726
551263
789620
259746
594254
321729
769266
383966
802187
662997
674831
558109
606771
856313
870741
792877
67937
305225
89270
355947
302129
612328
117303
509134
779503
389530
413187
254668
327588
575974
578551
535315
643589
368172
311413
237844
689901
80679
138162
8440
743677
329345
566549
866800
702011
437290
176029
769948
258867
265299
642247
77349
877627
759550
586483
657130
665432
999670
428151
993021
91996
6702
528336
735585
891226
356101
489781
581127
436781
627944
105919
696810
473641
672469
79962
175652
626111
772343
461952
401331
37642
104199
478680
431621
380101
65163
605103
45534
581185
549606
38555
673181
72661
83243
408766
963887
439344
898548
61367
392477
42844
167286
605639
516485
356107
201953
208490
982219
974296
670442
899902
528290
290994
378582
476263
671095
443745
81367
716629
541282
630973
271536
214463
219986
354779
139581
183874
310476
554481
245241
219305
597325
412527
341297
630163
768635
543250
838653
267206
517547
509095
167108
562189
800089
62042
38453
987537
22139
636172
704166
563421
783497
492055
294236
3484
846834
433817
187358
673662
988299
432599
892968
585624
361478
750617
732139
646465
293867
570792
913671
327766
596240
597131
889956
912681
659173
928409
900218
681312
564581
120737
244733
348078
612792
538969
867914
975978
489139
55272
649641
477438
4223
58961
579414
365702
809578
311554
528519
619797
398698
442191
947564
994938
39322
353872
907620
214848
798633
324190
896160
879566
444927
657246
743996
574071
196215
611911
550050
201706
667183
716043
679144
671407
291356
774911
553461
617286
602817
81980
237083
1515
40523
700999
512806
596198
54871
936778
811046
853504
260968
707206
733070
222248
364452
477067
312671
77020
605330
862721
278726
272513
95116
474223
460272
386472
765486
530085
520110
368303
612066
757194
886170
168941
974545
398976
765139
29417
335754
92537
399273
113075
799744
648696
851675
680548
125763
164346
273920
247445
27068
68999
519958
638536
543222
496583
25009
308708
26668
545119
193363
155086
818665
79533
324028
793211
994862
605519
338980
330616
698057
738253
960043
497801
386949
811718
694701
29064
976065
484974
276509
519485
553973
312820
158021
97195
809403
699382
922255
836071
760854
115618
991158
95871
711503
831538
405434
706365
437057
744414
553334
135114
999020
513377
149267
385969
841448
360321
931386
333865
845295
724247
853350
399268
37067
527723
12815
846470
743458
935070
198894
20664
567040
706404
632887
278543
537942
38322
501261
491351
299088
54595
626466
298108
84324
292085
200430
442124
652406
131816
775989
14053
856063
145691
413321
409483
189767
942488
255953
449577
393910
971199
470241
960950
677603
103128
755846
731897
657802
773459
223249
956891
828054
366067
254999
428730
174504
455429
870855
343263
103597
163196
357316
959661
308888
286990
369144
498655
229478
141449
948232
623389
629001
934825
100691
306604
554305
372889
554854
212108
146348
294455
168999
490754
176874
940350
919485
351378
395780
306692
694641
499377
469888
568310
975390
778776
855300
860886
793783
601130
2336
258367
740871
147689
193192
841563
970645
747498
214452
525499
475958
360801
819954
644957
367907
513180
585307
287392
864559
497439
110436
75552
996817
580325
643862
488559
875453
15514
349446
185589
132997
868134
443956
873868
15823
153501
715431
986468
417351
446236
28320
893309
323389
364626
54618
691296
877807
156277
495041
742366
653717
605477
334270
166886
702154
494485
655445
93960
26351
521243
279549
159348
389377
239857
33217
921552
393358
265000
908021
327061
227588
452693
220370
550977
817319
791340
758626
695126
947618
253667
953844
601335
375496
288115
284573
77651
782600
456370
171611
808951
977614
967512
484652
883343
207369
517869
321248
117080
299221
745621
444141
526810
198314
180864
77787
15633
972204
836413
710760
436174
606432
664604
553861
981929
469071
838434
575932
768023
294805
747543
93327
788771
231407
577979
188466
955128
612200
509714
72208
911421
255335
32702
438231
453649
729918
32371
985635
218474
385136
696395
654649
991569
877351
208510
489850
346423
563297
65782
114446
374454
329677
207773
163225
561084
785752
868043
516212
914304
377758
104773
825726
149445
653827
780309
119447
900097
812680
621434
118571
714169
317829
289572
705738
711532
498083
195588
57955
577732
777722
688754
952186
107399
412879
631763
184835
714984
499806
701047
629288
393916
322172
455014
59714
492351
235324
695513
392448
564356
316947
511020
278525
151128
800592
500615
862660
815027
212555
436968
392759
990277
642074
861297
614028
54953
493060
798863
769937
509219
16263
915578
419487
338435
370592
995553
830787
122268
691066
223235
202977
8013
250607
997854
675493
567552
14822
538154
382579
227377
491474
291691
734007
133548
669340
348035
188501
678753
146899
474791
187972
163162
390369
123811
17949
277313
119365
365088
915934
326783
104676
635263
851149
355283
633117
526642
922835
647939
64796
821767
391669
556270
629810
125676
206170
299150
990063
394672
977903
136962
385815
682227
816476
776184
322391
350778
569849
441756
715866
485783
768539
820542
121046
136040
692178
270516
662683
131365
434807
243831
469484
826476
800102
99294
468504
522624
914797
458568
917296
409052
111882
303111
607632
928359
595647
930023
279137
165497
888131
511355
167632
173022
331898
805031
309063
24076
591899
971746
671793
26706
215577
141278
369535
532031
240572
838039
54656
671721
812959
488304
80774
924842
307768
688406
369553
903415
134781
165042
585264
22912
676397
752897
195934
524647
74280
21349
548723
666179
993095
736869
692885
725025
878147
578772
257056
635071
416812
828064
306793
229771
316369
903919
670965
624137
108677
40518
527552
243458
205560
629169
782722
881958
382066
978656
406605
456346
6
471681
638877
509453
724902
848114
234478
603049
426887
7887
238120
843699
835951
61265
589822
152320
965184
777140
292809
73861
817658
336714
833671
539571
965883
616393
937881
864301
111402
860838
836999
627760
848871
475876
137213
573773
323990
371692
176822
750877
895931
931295
110928
731882
992560
217103
400555
957745
994243
693364
547958
328253
30078
897982
867824
995961
514375
805705
376614
625777
182896
213613
253537
31767
689489
390751
605541
529832
278795
298715
797061
174726
230010
907990
422960
738923
641445
823515
213020
635688
33232
760978
480293
63310
658960
348118
575624
689688
670175
952238
315465
853071
682204
85355
884839
371693
992458
6732
417877
787605
305447
214939
478683
51810
122929
901643
790733
280726
241511
3753
432766
274743
281083
913059
854405
940044
777529
430029
146084
447705
898620
461549
817128
580824
63256
218319
468869
55714
225051
886747
359671
46851
101686
838354
98661
740967
256350
889394
21693
497861
409499
454459
772604
690582
367518
627009
146978
145048
573391
293062
109105
472011
270964
926233
569187
334220
660905
38056
906287
885956
924803
265958
449159
26489
104313
547820
767456
360663
953566
305501
374876
363065
759960
663832
53648
643831
807193
200626
788879
380584
493689
414336
368947
764653
856921
938134
615225
517826
976191
521512
920135
417346
303823
369294
960188
924488
917115
243996
285151
387033
549498
176379
750099
309458
840211
803747
953289
647404
520725
258520
27989
14414
189208
913288
295419
46130
851423
426997
563956
343966
464861
443
761312
768684
369738
721500
693172
803205
965497
494675
190238
514995
671054
940337
340805
27617
260436
810447
675022
781162
585319
219363
795576
774528
132651
607348
337010
500426
34345
417318
844392
15558
417762
122057
784243
787500
843557
993767
590705
325406
488443
780943
356753
675849
237633
697559
219819
498069
24358
894841
279231
126029
630556
591160
900557
279559
714860
753919
779986
265557
171238
140730
281115
589000
262787
65358
376500
622697
575478
483557
948103
63921
780852
304857
256122
534837
518768
475941
32907
59478
887134
828490
185507
34042
419650
602417
313602
134510
356336
609940
400067
527574
750670
197535
632926
13458
262893
525778
152507
838371
9335
100610
418644
306540
921819
191119
841377
956939
183412
390636
532769
586899
219127
234629
620941
155129
837046
450895
805992
709734
60835
722411
237309
811506
919946
386587
341316
699192
912366
493823
53915
438053
110785
472560
744593
548957
180031
102323
22248
879795
492959
555018
466694
712086
305999
603988
867216
143045
54883
673208
852779
115719
395619
606440
443577
831918
993028
784893
531110
905394
795068
585025
343447
422205
573937
604393
971162
753968
706716
509763
150116
716027
581133
616810
428114
887132
220798
811682
30177
792034
1242
399308
907753
913213
522101
351330
745131
515129
652575
276241
936875
447643
377619
796674
869848
951556
401067
357363
221877
624135
867126
371993
340163
448259
505155
284629
851743
725954
96311
398272
34340
613905
797580
942093
527118
319681
809775
788602
351162
462350
581195
288037
426345
958814
601064
812545
426723
2131
169908
648600
142619
37034
536945
482782
1645
42100
767411
853388
284406
380074
251660
318746
510331
565593
777191
553801
401626
586966
342403
752789
565668
439951
557178
508365
915117
158242
320911
341840
676726
490819
506792
335697
44206
43737
818479
562203
85838
102242
931944
886596
998668
699956
205343
508999
265549
982534
62800
183528
85853
921556
936317
167873
361507
9847
676239
792976
684442
513502
134817
877520
520673
157961
213217
81231
201699
548048
643435
803889
166642
91731
690485
165310
791687
412180
190661
573589
394715
253461
757117
996920
691369
209786
164793
569228
735985
357384
362205
420427
387238
497022
297947
907912
171335
511164
989143
373034
575564
148930
693275
742206
240661
383761
907516
548701
312293
614529
122290
707008
384343
395759
220280
75712
121897
901426
644941
857882
258810
7146
794662
646049
20520
92609
70313
191855
120126
59456
81242
212042
208387
290869
954249
965400
190982
378117
514101
503276
992647
152743
210284
893342
64854
946917
969054
186751
848343
130347
560986
107153
653845
872000
269554
190717
480961
339867
898925
601087
915676
980167
329482
124063
787388
283731
89463
978371
178200
119917
481647
687199
272660
208283
580541
337515
155200
549596
40618
3543
196295
117956
627049
850141
989956
412955
40858
470918
269175
456135
588357
184851
952654
917839
308914
740043
717922
914729
718414
896123
34646
200061
583322
823659
408344
163864
161174
79897
229812
718144
83440
426107
836101
226841
792600
826057
639797
349811
813327
908972
805946
401685
93823
758601
319524
919089
498644
553799
350170
217058
449922
901169
933471
549596
724828
858167
229812
402354
938064
459624
120498
537857
402084
472951
764698
711036
815361
920847
60847
628688
829819
383146
30373
439994
658099
866250
875435
156743
420049
225606
890153
386323
643127
339976
935919
884307
198143
165732
286661
652560
141708
923511
190417
60144
912815
471467
771181
728176
392315
348380
873216
738486
247878
903590
694833
905977
286192
570268
62720
706241
312226
469225
608916
471705
325553
544835
356012
523697
226919
159025
692609
368628
82537
399378
945124
511704
870845
716305
239880
779512
581038
113096
34351
828916
533038
729184
734894
819230
815804
313966
41823
644383
299544
167091
116088
625097
711927
472101
665146
455198
631126
874107
823826
230015
273485
768951
741719
660683
1608
497951
956547
98998
611048
990898
927915
660438
236434
179161
996021
52239
9479
554196
696622
309023
721288
329062
450473
949567
801163
115619
404765
948642
989727
744944
178657
779564
30247
920377
440247
548207
418328
396795
647206
545728
904045
575121
206167
140480
270634
718540
709071
280113
272736
922045
105489
510376
251107
555962
459943
52271
187933
381061
913
694012
126005
695922
473577
156252
616299
430176
704459
550980
826971
868017
96708
731017
959490
819227
387849
230124
54119
96920
510238
326856
18965
132079
353584
786424
688041
813528
355047
875974
194589
872312
86339
836946
568235
559916
509550
700886
990092
730361
251866
333416
598379
864927
580785
557869
684154
968634
304346
738274
581906
330936
581482
600871
463015
935066
903647
151056
264946
258695
543382
975887
131007
629721
812833
699242
705989
838735
400129
696082
569097
168347
545850
683828
33274
126635
241697
233781
95269
62395
488407
677175
393331
69889
794398
856346
521307
698045
523754
302606
473092
67137
278493
604100
213210
607679
819694
919200
962766
219823
131634
531863
904523
193836
215691
937797
320471
973741
687930
932092
552488
176337
125619
945820
762578
436369
802166
800238
650766
842273
102844
123859
909410
897689
727959
638972
505368
547653
74524
468135
283829
206158
516350
188352
399994
248394
642501
236817
738487
330432
168909
290975
23121
810880
236795
785700
247249
555314
585938
898016
397587
688782
21875
823349
102823
266186
978673
124544
813839
53198
592679
614020
259356
625381
318724
175703
390127
477578
412520
128614
808010
97782
935942
831131
425014
689089
133183
672264
244403
719121
86632
158342
924255
624859
498043
27079
891045
476717
151623
221236
529915
260654
351609
305623
402387
670333
997678
792515
147911
926551
921129
472273
24333
857071
819757
449347
546161
952940
637963
306916
188414
240947
981611
112669
865806
996006
656100
756851
472723
324075
494440
518990
101081
846049
340966
503469
32734
338644
295984
180646
265195
733465
169271
805880
106889
989028
771580
169402
941969
925895
992670
130383
166843
490633
759404
32649
486640
931857
305853
475715
772284
316645
994706
873366
162694
852024
893187
195428
190668
705523
892426
972216
955340
61698
294448
62229
567078
66028
747983
509047
508276
740654
155782
675119
231287
431539
224120
717927
879748
46325
709995
652032
362970
221053
525398
42016
73077
934937
753797
780097
640460
162575
752313
595801
740625
563114
174382
307704
145494
922366
333103
653770
179372
488886
328889
410659
436777
69362
644939
316525
115687
354934
968557
995010
575987
10308
37026
165416
461597
790823
945513
102058
469751
214179
214211
210376
777293
904945
518080
922787
827311
851184
576558
523035
856422
421799
450047
293199
7513
94986
609724
123201
966272
94633
118211
58611
621293
671589
224027
82891
978765
685892
701301
448516
900071
915512
658892
193716
336809
176973
116504
164121
28157
209414
203508
400931
147565
653555
694130
155079
748541
820206
794632
231165
914839
429195
806128
52485
617136
30155
135376
595901
232400
353029
560769
132471
268541
219662
326188
121702
912987
959044
802175
457496
684810
5684
858427
348727
659239
552557
20158
924133
889115
814790
155298
320306
760337
477779
372791
893826
507934
24519
489727
256686
377548
50497
389158
162441
786511
231698
284144
699498
707094
86319
673346
391904
92003
531773
740631
751243
600682
760790
675376
489797
91932
347026
810103
368622
824805
182895
262448
849092
207414
268527
105778
584963
835376
11288
747404
621887
759338
31548
837737
466432
634220
511083
374688
726223
42856
115320
477466
643538
392462
669194
649687
746
16221
459791
885720
357378
642686
664520
206470
366452
933048
828601
467767
284776
839889
215172
906664
115580
763072
260753
582012
397292
771837
956701
123516
331045
588373
117334
490936
497187
302881
140623
14285
319102
116766
416358
192832
275804
80878
915655
642257
530278
744256
110024
815055
100497
841548
238071
216077
120973
498824
798090
518265
787013
271143
158133
634411
859516
791820
641699
873055
94701
298674
887340
930155
415441
303698
122987
691245
900929
38642
849854
431207
299250
959879
762614
399748
317779
685
615825
438752
15862
930267
473370
319227
201410
631503
469990
577278
939675
111689
966685
34376
410364
370378
964531
342157
190428
603871
549754
91357
158865
399609
38917
458116
875840
801531
374216
193619
318569
506393
148724
334431
436661
622094
170010
154423
253597
640001
248054
193273
268042
214739
744001
194758
585117
224885
536915
775546
345108
603022
383255
503973
2631
422172
478441
394823
740056
852657
588442
58625
359051
737166
909408
312064
875612
79418
466487
645562
235771
230893
355187
503814
445633
99188
698572
547102
840425
751840
839000
185533
354862
222256
689507
873845
160780
684300
268668
900836
536958
373462
959461
896009
626981
385221
208073
502593
464640
190912
148155
216763
421806
503342
720577
383791
602531
935502
447245
959308
203694
286246
144842
558556
24854
350701
948753
185634
35001
217421
86471
571959
590883
562284
984320
217864
947506
708745
720458
928498
416010
868613
145261
354168
888308
382191
254311
7191
317693
701556
966499
37739
504154
111341
596295
529008
978394
545048
230995
13396
278821
833818
101707
869704
912454
602380
87569
859960
311125
324379
304810
243487
709344
966424
597655
597652
348615
851966
121195
182660
69875
87695
220399
574029
715388
333046
619390
693783
394446
850385
223531
673267
684203
325238
542971
596657
927618
146892
972970
755096
987623
794132
998583
696968
760556
112591
810972
109171
964557
932168
808183
550784
536215
28582
124814
767955
877980
744204
461738
272426
110941
685269
945693
311496
526860
488665
424505
454478
151909
397475
725926
139533
191608
724510
352853
468516
837101
163825
577688
318010
612345
902223
868795
148560
930806
509961
916516
808786
770517
894606
81213
881458
96228
543258
709306
139440
31923
133811
110270
700185
531287
836197
839718
239247
77059
192571
707763
914160
872748
801803
748522
485094
704027
133669
150006
151185
643630
582874
476323
930499
993833
73888
328309
90061
617147
37615
229501
165422
171427
339771
865607
219066
692320
221677
458313
769379
930600
682428
199891
803349
584
948414
804795
704611
598435
954801
372148
242066
54028
364823
172565
47861
438712
17227
654274
572211
54842
400127
253985
226269
256250
635945
445335
948571
857622
420000
717950
304575
618781
434194
107924
619365
382608
429071
840328
981043
900224
212476
739461
954252
577299
428379
2113
532363
445606
172739
104574
500448
572866
358560
243070
829117
994505
204757
777688
368479
141110
11990
673054
759891
446184
297330
379256
345144
726401
219584
842540
142978
948412
582001
97230
525711
526732
615696
58075
488690
788435
679001
505491
361302
37561
748561
706771
548418
469670
484459
433250
610780
12801
622656
887023
458986
919987
266279
804130
162740
2215
163022
305718
950627
745024
919301
992691
788108
534997
567118
276799
839784
246119
298642
717438
800033
563555
424209
864803
33225
908668
298053
160358
921470
437062
47381
896808
357049
313661
217290
36141
832228
380313
858212
299208
641689
777513
808251
429797
828862
375369
222948
184998
137840
521590
902437
454225
85145
326646
319029
634723
751667
133434
795081
673137
570496
842462
86297
443897
672475
303587
996391
504704
683900
854603
320264
841941
148468
128515
271739
493682
503884
11039
678680
158076
48982
581117
612302
134127
907764
931331
768850
659431
581117
80283
848920
667966
922746
451569
111863
595221
755156
108254
616277
955409
479209
936541
797350
144029
65056
585441
637711
85292
596481
316392
243369
645463
413861
855671
295942
837977
303354
581145
13760
884471
661428
379032
552437
100526
830601
180653
695748
585758
805259
828377
57519
284469
764919
854869
428498
346327
956663
582562
431620
553144
898954
191341
714959
829167
47012
527253
667145
350366
108398
680905
751189
286179
59938
819979
386705
890539
516984
598805
992649
322243
427183
50168
123064
708454
421390
67915
54781
378053
650477
2753
447549
65783
194094
678860
894950
241106
206113
78447
107824
830864
759353
375366
633395
335643
711697
536452
742534
228681
135258
735184
550924
78793
301704
190341
787247
723094
258256
842028
617499
908733
844782
581400
490868
555228
260260
385818
796335
466374
980618
420511
813590
739971
795877
446985
591966
23926
983437
334500
252607
635047
69684
319884
713840
887741
510225
501087
610835
768481
859468
744687
193566
220602
326087
684434
775830
586348
586604
88517
569074
567222
509029
899016
823545
821258
346001
415511
845185
845790
750012
614144
480838
336048
934028
194678
223789
444253
212118
350977
212734
71586
95664
406300
808540
938103
607086
584370
524451
193691
189240
609877
760913
214621
508893
100811
35879
371246
516322
397416
217037
782686
527913
214227
118735
461941
408905
342524
906195
137375
693501
635281
725313
789165
557934
533853
243621
165020
634576
284424
358711
823816
894302
635977
38437
919547
736788
590668
807146
769462
504437
24183
552149
32350
238410
670884
494291
163667
529760
400486
301043
223262
552120
26356
528779
110054
76562
772400
275074
711138
56825
150138
534954
467479
302467
89743
387026
555607
680411
194172
325069
184848
734707
877218
217198
489469
64454
711490
169489
594215
628328
986884
333829
696800
13240
862608
806854
606154
635009
598281
317292
208186
748419
368598
675665
50886
458341
579043
606493
138753
289568
931562
839953
24275
325133
57152
30097
905939
284994
199586
16506
429674
186470
350335
126475
716062
729296
449681
322217
364305
47962
639509
88843
796381
8108
764508
363619
982801
859903
970112
121554
149471
418027
961508
173747
259512
535012
720196
681803
336358
919782
698310
766032
106252
564997
408859
822314
294293
858541
660883
174950
906503
816745
263793
219237
341205
544653
582856
324006
404557
552969
961913
554028
487348
923421
244127
746860
974785
964323
945015
311143
400457
643325
593527
506709
208323
2387
845376
502616
860928
22611
677567
283783
839356
941360
503020
180561
2366
85877
504568
406923
155198
466481
477303
158898
906254
721431
905758
881039
202106
850773
708534
602564
10451
302061
625625
735126
304448
471001
237742
681728
493613
431661
481864
849321
889374
984884
29883
891740
587113
534451
815015
258663
932
292318
417561
423538
13749
839671
304577
732208
206797
529463
334772
733600
831524
960397
468726
652325
947751
706468
850405
957716
654482
332269
807037
543856
833506
836920
951948
420619
887723
766963
195635
405007
59281
129548
828545
589383
969220
649474
321591
692369
178937
172715
425969
526814
133112
894695
179139
597215
117515
29544
554931
771997
361814
878321
315853
195320
231593
267801
132291
635669
551116
844278
40676
610398
973827
385574
199781
459399
551400
37724
151768
730338
210439
577737
773504
343551
988784
952643
457119
106299
498539
528402
878297
376705
406723
710502
88377
154669
494656
220669
790338
45772
581299
347366
172522
555126
732940
372303
14525
284341
926379
166293
531031
136818
260382
304535
996722
249166
773530
453841
355466
272069
982243
750115
648775
905319
976969
253504
59988
987977
474173
366678
550102
571825
714044
722624
126951
963337
611280
141477
247678
537659
824122
295061
674478
600857
599596
671200
850023
889478
641393
721841
161547
623636
988308
326674
45307
965278
580179
621647
469607
570704
988325
19709
658881
218722
742334
785833
182059
869966
443662
946089
407625
784136
241150
598455
384993
357098
269655
235017
246576
427400
473210
924475
51037
461519
767502
612696
426797
864033
234344
896404
951089
739021
916114
609971
957743
174800
395804
656154
44766
355818
602243
968743
139954
843393
567199
41300
716843
353206
276317
963419
780607
749527
404247
347996
211046
171749
960692
154195
35782
711388
566952
986871
450410
999418
113194
408153
174218
25350
580660
735336
381168
182903
704079
37475
542649
787630
78775
259492
140837
871444
739264
921444
137323
143511
269440
348370
315260
746484
18917
867394
457873
585869
370617
908283
585287
483812
832788
275857
509162
413448
527545
406683
112704
231625
444158
655353
19255
522933
431197
676444
910729
686813
597888
48052
830324
867328
912774
661936
613813
931692
45682
588038
33913
416300
496321
135553
900112
845461
411410
925626
258910
455308
332309
371614
203285
776467
543319
222540
815752
974516
415337
726481
661330
13225
290886
8006
396906
203660
186295
527071
651704
231977
115109
685618
648277
127782
337523
64741
973243
265285
990368
232153
720593
839029
120119
923878
615497
663438
662771
947601
154307
78108
190435
331989
91333
481321
856347
4591
201333
42642
531662
853038
274620
646771
55008
439249
290905
908883
503991
264149
174168
10711
496302
894762
849740
132774
818640
981589
312564
997763
929191
466871
75871
635978
315212
683557
633651
171560
688148
834984
730554
219811
204374
5174
382934
775734
444424
673840
684617
464767
454341
858786
475478
950643
269900
841570
599769
604892
823160
912334
602656
268703
379205
678527
904681
210770
878436
538332
898682
566585
889668
629236
302748
94043
634411
202034
386129
595187
392226
70747
576306
846567
445885
568136
313563
715785
409706
913332
320677
232866
825666
923333
17921
721224
118213
438954
931994
513001
493638
347028
79586
383307
976264
898686
993702
127027
617073
379831
722214
9299
966930
814872
372219
412815
383008
685782
128600
792715
115466
965630
541933
941133
405315
76207
178709
39880
515161
110703
552882
8800
457731
148820
392107
950347
563859
902161
77375
180932
798344
315941
706583
765275
130814
78802
178090
513822
280936
823043
822889
396403
305025
881175
853888
710340
957382
32597
266573
472543
659652
819455
481343
117383
484627
389802
584082
48486
291963
661457
745770
90308
493751
452354
371935
624565
47508
66377
654739
328445
889420
993981
724848
710797
875156
95088
421138
832538
127685
204063
821433
787337
539870
819129
421072
24497
208931
5154
589336
17247
182964
335106
623907
676715
787460
995842
817632
834969
62219
988723
679766
467992
982704
920966
178789
374212
16054
116279
206750
143739
836694
544536
447428
376564
363665
868500
401062
88948
390006
990398
106195
572970
841856
246454
766037
145669
242296
583669
496990
820868
572393
176756
805212
71449
614074
500353
445662
630128
132985
168764
290219
969679
713300
737647
346244
76965
122499
263658
682266
28857
770408
788461
601828
612264
34916
884217
757933
793564
467887
771275
130784
556632
948031
935996
628081
562105
436350
73743
708585
85687
242508
998804
55366
955808
252803
401610
549126
891654
181620
231392
920512
952028
536205
38692
564293
87473
922909
838578
397390
907148
609854
528174
980132
74237
464171
608214
152695
416873
198309
861280
502560
440817
376437
74278
912978
145592
992241
978456
37247
173861
726200
474111
125890
778757
29155
206535
866231
468416
561465
263621
375565
171319
308147
355697
761909
288670
480263
914604
705543
678573
775884
724455
635742
668673
798734
548720
814266
307327
43528
851513
481188
769728
841976
123430
64838
871131
329965
931069
339547
891431
711042
231464
579102
535541
103514
341011
824212
583777
255615
529755
778702
547852
770563
414445
216525
85649
479517
30791
392976
39398
398656
874164
325478
240632
997595
390316
628115
843912
837737
967663
735343
65131
715479
830798
600673
818993
171809
424885
402771
943777
470992
697825
491629
241555
112270
708154
327204
108140
255298
720180
147538
170306
110697
473016
927291
108292
863333
555406
468556
701070
39421
203900
282554
754901
34698
883227
573894
722859
308112
493017
666636
295456
190843
158265
537012
819465
382772
380568
443957
154422
617101
591495
324728
727798
580864
252019
352442
444197
323778
820998
661619
363199
541250
944173
634452
575948
343752
724699
815160
651864
217716
481796
947321
924911
156414
685
260729
55538
381253
704686
209960
998354
296182
51040
242504
877046
303060
594946
837595
143190
932297
15566
506389
473547
476092
657194
565848
819844
381893
381008
988061
599609
862804
451734
40873
535570
452419
301602
591108
350024
6288
317420
864731
818822
368461
623587
212220
187873
218534
566167
331063
150831
98086
837452
140730
574178
494646
706578
394022
876539
87586
898435
992501
466743
350169
549726
2313
318940
851328
109774
185317
373968
427194
566400
709143
312007
189987
437715
499880
924873
3883
830943
592056
618321
184748
732787
192499
195746
439365
102873
588638
43304
1309
581139
510047
867830
130865
28712
703123
498545
138486
404792
388865
82033
971192
98008
394040
677531
52076
893921
602405
572311
724864
710813
190632
909612
443600
383131
105359
399318
2356
693997
442622
520017
791488
469021
387848
438705
497733
607323
453602
636220
12115
842467
234605
499659
456828
628645
177190
25256
522566
295947
597567
763783
6761
788199
189747
450361
687682
811458
849679
690038
21807
808653
210056
813295
277674
114256
768352
775408
237931
738306
927980
250046
97126
162585
749705
553954
307582
443247
95562
346501
739195
693129
110284
745956
997680
816383
196317
685362
627842
562349
891752
649649
887354
101808
979297
165029
732416
264001
456789
970347
2308
384769
736745
99434
63706
2802
169740
371288
446050
265302
717789
701597
474783
344425
447553
472463
160809
160222
157825
788651
238923
49577
438300
126278
667738
933949
291307
916506
197951
748096
886854
716611
649217
139951
816045
712923
142754
502137
84211
105156
283791
318353
806753
758574
662778
254306
231037
823587
414528
388862
612238
653452
954791
566891
296082
622529
500840
587389
55388
215143
851837
942242
931754
501054
82193
264151
213977
741299
766288
814540
846455
50079
132893
653208
325005
795672
423866
556042
135611
354747
944904
747850
524551
416048
831093
820633
554929
848285
408022
610317
63429
776211
552559
511535
277265
151105
775687
7594
408756
58327
338486
771564
624759
471380
424772
949764
783404
364991
505807
919015
719738
967063
183217
244289
383111
14310
581274
938041
862596
505648
548358
442377
281859
617270
953912
75476
284727
245951
83070
209835
820631
421556
981399
961742
409288
922524
427858
709044
287515
450017
144412
523605
417081
327629
284246
316544
858292
865520
770937
237240
371168
835648
679617
169379
969270
149881
244855
770349
912185
844277
980184
732816
265833
961584
210910
191474
884108
638768
900518
687975
88786
44930
211580
22219
888912
12178
855115
747204
877698
626053
500796
765218
978053
180413
934597
947323
846646
179452
234024
758831
23729
214208
7999
805914
692144
735261
513740
92604
374030
414259
780579
979168
975541
508511
1387
380805
520689
856502
128009
914739
998907
145157
679957
493312
841922
614554
440635
688569
794006
674659
963752
334087
405220
488104
656354
97364
223365
170094
189969
113747
584353
486900
92915
76247
995412
610654
457052
32453
983509
101414
947193
498768
246571
627150
992081
88494
758057
949068
293415
552063
140080
257167
402503
545300
745271
58857
642664
484989
228951
348985
115088
329657
835886
724356
922256
347650
335010
379308
380103
834871
480722
843648
333640
243646
470799
842073
332140
745208
791141
625555
813623
931221
399074
216126
476521
660698
791335
635538
662039
536639
984523
777127
866296
336761
501483
304904
200763
836494
684212
97219
187717
681287
940867
37709
441285
928018
879782
773425
673226
670924
915332
486850
602145
830758
702976
595019
491456
10664
230557
153495
547303
731432
930623
929951
584546
432106
234855
785309
784952
919067
882528
489022
116706
823396
526731
557991
267766
406514
847768
940993
77438
279452
944195
195935
110211
163523
307306
601667
174187
54215
271515
721490
785648
718490
167793
886546
666948
402648
671855
451901
838068
70736
457275
954774
410484
984006
29118
678250
390520
876886
135595
984310
156339
79790
696598
782902
243314
3904
900921
933853
58120
172436
655344
360120
407278
339489
246666
74227
742138
434873
42480
580206
505609
499755
51332
916093
483761
596802
110696
874282
473689
246291
374944
146380
842434
71542
445634
85748
75447
346555
19601
649919
518992
191297
10039
926270
530787
256705
516849
789277
691578
559329
885835
713540
59084
937167
629633
542846
533970
256681
933480
524011
502973
824776
186743
861759
896319
632377
463859
488118
978932
999812
138037
14276
191110
148076
456899
238249
921133
973748
543878
612711
533078
429713
326251
108514
883232
472237
167712
417202
728918
617544
457565
748243
442321
644308
610002
854992
793037
590213
859462
288322
590026
513851
302598
297488
178279
275849
535737
99412
249598
595967
228475
299028
25680
71079
923894
908912
59668
91607
842467
788586
225503
300032
53182
184176
460693
179536
39168
770082
769750
414982
58404
359776
928833
877355
173616
107112
153204
225705
722876
402802
821672
951352
218182
847352
538783
142077
756264
598451
750036
115083
903389
975539
931468
956571
159716
908513
652460
715236
678595
938562
646571
253352
298338
91756
130707
988306
715221
283911
214011
438097
203066
35683
905801
421248
883035
444584
79677
155651
559387
829713
787087
462777
321605
718555
935700
997673
627068
104512
229261
822015
43074
875832
75367
857764
967589
206074
846070
682810
489986
60081
637259
693052
95764
59413
630652
495151
20349
710330
650803
579737
56395
437890
558866
894352
672797
494566
892025
299865
599079
637639
638232
642153
513471
713600
499918
997412
436026
862340
196574
926012
922422
350186
135416
18186
409599
766069
513338
429948
992751
680493
526037
565498
634735
84903
459851
307532
95822
868228
123749
694901
505867
761981
853406
535691
991933
869676
49455
427960
732017
762382
870324
170791
112568
5741
188977
38519
288162
218667
468467
280913
415512
994505
846411
50247
595760
822614
874131
691582
690843
997880
902835
713062
276214
272594
248753
268147
142270
814561
212459
390639
576943
82784
561430
205863
88525
266760
244382
376687
1779
229201
173952
417292
223706
20363
467539
335819
842978
341671
27401
50173
855903
446589
763235
648469
719183
528341
432969
861453
859254
645428
768445
436197
728212
846227
642060
333089
112987
402794
226128
114767
631995
400080
48411
372054
420444
515950
707873
779774
373973
251626
346299
746229
698215
109534
394698
417398
154227
344019
795204
13481
989448
563649
966030
234012
409876
124442
83454
39216
527236
309582
670335
159232
709663
718746
531286
646459
751048
239159
942585
641374
7137
288884
387603
705353
914770
298653
122751
585350
642673
434307
598831
148473
997956
81214
898837
924185
205656
982291
479753
732893
291874
150088
892125
1537
385186
939763
164348
136234
695274
106933
293960
702411
395817
197915
407764
826939
496569
46868
412289
655594
481175
527473
320419
995484
608687
219256
436021
814343
717900
915774
547236
9774
582214
955713
527663
967400
895476
692011
619986
590750
798944
913947
809514
711113
111862
217278
538052
124783
780498
466694
296729
261674
994167
617148
773510
602854
352757
209531
417197
70657
125305
480786
596783
707519
952851
124446
191271
364680
816457
811257
471782
131753
725204
281296
842866
353419
14927
897270
478202
795425
363964
291284
573451
358131
424784
346961
960985
777541
72844
894535
364550
198149
891673
961333
422020
844524
602131
613291
725556
934940
940901
197339
66693
182457
478635
425911
535876
493562
323182
530431
805340
687146
821715
378791
561630
246499
242105
38967
540393
314949
933502
421295
29451
341527
898981
451471
702404
501112
581115
427960
952405
38368
625299
19098
220825
620287
445010
273054
630201
284544
319837
435541
971690
141552
330685
533320
904403
572790
572288
961148
404091
22142
382444
433542
363670
797777
401366
66074
815241
498833
10386
767646
537201
635686
786745
274378
255973
748107
547432
886174
32651
867269
838068
520693
525173
168753
570366
945929
257895
659006
907077
661986
681148
805873
95529
561170
603650
13247
143596
935244
512080
153983
702890
565633
306021
5987
840011
78346
754094
903796
480872
303097
771065
318940
823791
812591
4045
394157
758520
261940
53163
181949
923927
250663
987823
535808
328186
107825
549055
988134
43069
577487
658469
262312
143120
964490
268299
983131
559188
538746
886927
40061
841843
174345
875353
665634
986936
879399
576143
261808
141339
145658
443757
581618
396322
947932
117426
240860
55758
666481
228994
615179
243968
403816
877491
903440
884658
662143
886572
443847
200889
289851
260
42732
464196
391965
224719
967484
271364
800862
229292
929056
946521
189402
510674
859195
137334
144453
616407
193092
810934
361753
324624
571255
765569
202115
474695
650228
380610
877619
610427
581499
683823
127039
624232
664371
519004
848951
631856
790369
166165
377500
235777
629038
566902
746451
488233
704237
890904
620992
413681
218191
982746
738305
305798
264667
456773
296845
914895
837383
690817
41674
418883
374640
168713
559467
39011
687718
924770
187219
994439
90935
564720
230216
719974
647974
493019
724559
868563
900276
345552
282245
634819
844650
536902
940617
109317
993675
753814
540565
347411
960983
582239
766294
335623
267305
842113
890987
955023
766883
594558
949462
374170
675630
179678
94144
323605
189049
335056
192168
89325
196960
990765
724144
41610
527668
181113
667279
521343
451280
724196
385106
412263
306436
151400
264239
573741
509865
671578
45116
276748
266136
510930
650919
941767
206960
261415
781724
396009
112823
490244
485335
309783
481010
725831
867745
8678
906945
51377
46373
358225
775573
431480
770488
598361
99232
551079
688454
609098
222657
733570
402198
488794
244500
569469
946913
451460
347237
728637
363822
460060
218881
849157
286196
216243
574988
153941
224921
998285
205318
787647
356510
497244
735479
643351
95605
834711
194430
784060
960161
933440
517630
362360
422234
278483
448181
885499
246295
795418
130488
610117
255479
865721
459274
541675
81965
550615
211968
823238
548900
933639
610885
421763
430883
346364
65114
526488
697428
775896
310548
657589
709336
344531
536301
647922
623014
984483
49773
869309
779901
180261
479427
35380
45983
455053
93407
644300
522020
305376
467538
70921
239015
594776
9036
669898
941140
74150
712738
154920
366398
23287
812510
592087
884170
348811
756361
507184
333294
322487
892845
629548
502748
888624
664928
65083
860030
274688
709383
382050
580064
176922
969323
335431
771698
978359
5329
229190
568861
718067
384111
935260
257706
712973
43699
141876
578136
316412
165412
427783
638899
574610
57331
141648
463234
238611
206731
839616
513299
432467
221667
609715
609389
707342
945146
897439
685702
466827
126629
254563
701247
27092
706175
958953
256417
749874
617182
834554
582639
298946
778689
221538
873556
836020
879538
853143
74631
602622
692759
104283
35089
914426
713998
644478
621769
175497
541917
823823
642324
184898
78386
343571
728343
300914
818877
984760
567140
952411
335666
149779
251357
114355
371318
124914
950375
250856
978057
541359
853478
670816
161994
404919
101595
875992
49397
239716
51489
107666
63539
210166
292565
658277
553737
20908
959191
888966
522020
526332
841377
857687
676111
92735
972042
563781
217649
438770
330990
712058
496481
700820
382874
658475
105740
821
534467
671489
240537
102309
779156
820428
312475
588073
995058
382564
125333
954249
271531
647353
996933
112908
21392
189397
205643
993435
269530
939644
948557
600520
651702
445038
817693
34577
103513
923433
551750
154332
594922
792288
772993
890430
129068
601820
478503
124126
984385
603836
594728
255916
251190
591661
368824
788934
297410
90820
298721
566941
30464
247278
683813
682167
208668
501506
716744
828533
941291
268494
499218
52566
577134
272211
942996
222555
874032
421500
346681
858417
541688
457761
630685
309230
565775
999509
98165
863185
606681
396886
946478
637146
644165
146644
319313
369185
648150
552409
197719
105794
820903
696937
158360
914390
485500
101356
136945
875884
39208
999978
250653
580897
457740
881338
406479
539867
397200
504644
403052
3881
901531
865883
641027
62048
12527
960340
431233
177029
512749
628952
282823
850005
842241
441183
280747
327742
58892
417692
203626
614452
934022
970632
711701
908114
851970
118181
447981
249170
622825
367386
769404
524356
233269
410431
102756
245796
887124
533990
422825
399873
679294
222001
766230
37888
179536
46977
881982
238428
981021
601960
369233
915044
572592
80934
339510
424563
199115
787492
190085
338293
154878
959489
862649
388147
886273
481758
150295
773397
15748
89472
689622
211394
311473
455853
249282
491010
19182
647616
245790
516556
249577
615023
947952
822169
212310
287462
763084
411425
74954
953170
749718
746184
429011
128720
650683
315284
126830
800978
88681
142578
406803
294656
870324
234628
266861
635959
241990
802395
283575
487781
318951
49504
619156
266903
871674
347818
554366
634758
759244
145672
104280
25314
891857
533292
670386
542540
364928
797216
859871
453610
456146
783026
264618
842823
17654
531479
478782
259645
333874
278709
263778
169178
328214
882934
436081
716240
230753
506799
867350
506349
652472
971631
48015
60681
21275
718402
119573
386203
31970
979444
356165
488117
762470
620783
847292
296477
668614
326074
556122
518841
121135
819900
688019
965701
219186
124100
681941
966291
630900
65644
988992
799724
553627
553360
860405
574902
788114
979978
961105
820084
475775
833623
824553
754597
970758
671845
567426
639373
514271
123548
674566
635407
459800
362585
117460
195339
3037
315754
161630
150289
381398
666975
950013
935025
220335
326770
26279
8449
823101
987384
828533
815228
337359
169439
569825
308118
841284
137252
463843
871908
777152
138409
507315
236953
17346
141127
948644
20383
456881
110274
170673
838279
293601
637038
289656
513936
963809
315935
522385
303262
819672
867271
118490
157031
36710
688315
981501
394346
341919
445344
266254
635424
100105
289921
388729
117451
431049
337373
137835
887930
963999
824860
242562
257601
978250
532218
771537
458411
364506
810275
761673
184178
677546
880163
857561
230608
84831
839063
624954
943102
284407
891209
578526
384513
697482
483607
18316
128531
820980
672503
532814
784980
497363
291728
42581
991966
340298
330470
450377
704804
140745
212051
888982
334643
608566
746544
565251
693397
101959
706558
636500
386366
114119
731378
287231
811601
214986
305548
456485
35966
978051
989299
337298
991767
281027
379879
500085
137677
226702
950462
842482
367447
678865
247816
218443
287432
510712
300046
980829
612671
6604
133681
515390
120723
865060
802621
448677
80046
624521
905162
116012
118925
410813
453311
627044
208192
349542
127129
345869
92596
77591
188351
976396
272809
436168
194839
560241
463232
494885
57422
75904
501490
191104
591294
138565
56164
910267
587242
136210
534789
492404
768574
653714
903217
738237
280758
111409
604132
924239
457279
696728
518182
161982
673124
790991
114502
867963
351232
577735
362849
925007
653639
380691
116111
244933
519256
172275
155200
622851
824837
206341
115255
593411
376407
534825
848001
173517
162586
452133
97756
136217
148861
615939
298200
821986
406930
929054
206301
274515
506789
85502
199522
676780
466193
315633
438065
501802
4260
109618
124653
345449
315959
756260
455212
208719
291085
303213
382236
970024
755346
479993
106241
420560
612284
920793
758898
19214
849848
965199
810081
356637
50702
9603
549770
33247
841588
987835
535049
362200
97453
176054
707649
929765
932315
162862
138484
739752
982427
37072
709776
737774
517065
332370
158334
129349
253163
433584
664916
103011
398783
474997
976001
449485
953
525771
999085
358893
29958
534134
721094
643764
226541
945095
89881
675208
624309
228365
414960
606737
781789
641089
344511
298855
973459
19197
944556
742974
452781
609472
845986
367916
600822
338339
333754
118127
864110
332839
477020
410420
383325
714466
54184
609866
659562
144065
285074
283871
888782
216387
890608
670572
373828
751471
485779
863639
770668
430335
606613
739801
556160
968951
107718
673334
307290
441472
791461
687752
290663
268481
98173
673988
982948
668709
283855
158862
329127
85281
442733
734261
818020
849694
921185
708200
601165
406964
571839
888186
353652
694805
144339
426164
180108
252057
99498
487399
209881
890959
691503
500544
675792
306028
690885
175092
491090
491092
333954
820217
576373
293040
554478
910746
142734
992016
618946
743899
398980
707138
148437
268984
918295
292777
695148
98403
61186
310998
102154
787420
718309
793658
804316
394102
616038
495201
569194
107128
986293
419501
927345
79019
712541
998176
989765
371627
990192
125063
631878
905524
832201
780316
174509
750496
589445
386009
365252
650631
697008
467406
438051
415317
777416
758720
325771
393455
253921
411318
500583
240215
830819
944281
835586
59712
458809
825351
431339
965353
466766
63217
870877
815320
359885
561738
82168
949330
947748
447420
116314
161108
431179
70717
576425
208595
829437
902197
118402
83359
313515
135338
839926
660686
595971
191864
720398
54780
533567
668089
20133
333
247658
407362
815653
607544
969101
897822
73226
433201
345242
189540
594309
776421
776610
687086
501369
606047
105635
619771
205758
935502
755109
562036
596188
867432
753900
832938
922212
287467
501027
458697
287801
265038
866060
103454
872582
351513
517628
462160
301066
862871
651701
411727
155644
428311
98813
173365
550710
720801
793137
756469
656303
64598
318505
252492
932031
588758
601782
370595
876225
619162
829293
164026
884200
211705
783833
756782
79570
301461
735294
380636
680684
386995
308715
352681
331658
407528
526046
398721
128329
835535
155190
300985
416486
990047
69829
348517
578805
671611
235464
455031
290773
64757
135409
174973
792814
435594
448107
872384
253408
183402
769372
450444
86749
78087
803125
934760
1968
845524
333481
646649
681059
5023
463986
97545
995070
533815
962414
573876
205427
197879
545259
12552
778988
197020
703878
571803
632615
151985
960539
402375
851739
246264
852819
454841
840703
655945
389601
359023
501469
239434
5673
698880
244457
469659
796426
755879
519827
275192
329755
725254
473071
391366
254158
252060
588387
958036
340215
737354
626374
300754
139729
994465
63370
508900
449306
904074
681197
355259
263097
699018
594693
785122
397899
355502
771134
710677
111382
290961
985869
957489
532567
458941
348856
303077
227353
453595
261114
567568
707301
403840
384674
363382
398305
448045
872282
363964
352119
553480
235575
131568
252498
346621
916691
166749
702123
204177
877426
813505
495138
379648
287347
544057
354941
152555
847134
582294
122502
624600
666214
829803
28440
50888
709537
943098
15285
98171
823414
883756
168003
58989
15325
936854
405610
448368
103603
107734
652545
497382
437591
664035
877030
724938
724444
231971
877493
571578
814265
516347
712531
480479
346150
257323
47719
572039
200421
63005
670211
23835
946761
838214
599177
478438
291420
4787
926806
395024
628873
95703
892406
66465
759738
285788
307755
534
517759
701601
572113
848376
217948
800996
845207
80451
58319
892926
168842
775093
472283
839053
315280
935397
193620
914457
413835
485040
919245
340642
396416
548118
952697
805174
130935
712436
90962
955043
712970
125073
656644
801435
973449
390944
118783
818656
987747
177103
227935
156590
952196
216570
511995
267476
151967
221967
698286
82155
223360
617531
422797
619776
682001
375494
424951
329289
604282
32265
800684
833605
157339
973680
151392
130788
364624
270176
465797
352372
963631
210084
25314
432179
943006
537309
216007
94974
275629
914293
177129
498989
48176
116278
635117
246530
8124
576420
575819
128759
608686
376503
478716
766025
350183
630108
413165
231159
416636
395314
99883
896619
121750
125197
328798
64757
178859
544806
676083
454488
459099
853212
469829
23628
485842
104946
270158
10318
681367
845977
139077
290053
738832
617793
572430
605367
764254
501947
352878
697242
897262
452762
593862
535364
94311
922660
600121
789522
983818
276204
760362
959270
645768
230191
982898
131610
335138
253056
141929
16505
615385
797358
822910
870569
931504
395340
475936
212110
897287
345166
909352
310901
797928
19566
846266
408592
458579
446387
198114
442397
238944
958477
918019
884712
188668
900917
532675
523806
153973
190956
56663
285710
988314
879573
156279
436170
791265
148567
164632
688553
493734
73985
515806
291662
609903
878424
216606
68482
841164
414721
27232
80108
889550
461603
481172
78218
362521
13847
118377
32846
204803
691392
318557
709470
87318
474836
661992
878583
623404
826625
83488
633490
416962
599295
441504
26865
477719
658111
611700
318883
589184
155284
915343
478734
616887
396516
73304
495760
410363
708033
528607
131519
399426
847164
357341
486744
838352
19333
365327
978108
362310
965168
611598
779272
564463
53103
322490
558534
227566
450542
393770
816750
605826
309113
295484
739065
705629
368788
751178
632345
593174
279785
280216
992600
643301
637557
995696
998005
173242
877375
976114
535553
842543
104064
314825
923358
673519
637315
481893
901085
604209
875663
717835
726387
701128
529671
465453
406758
414812
732983
555455
7986
12768
835671
516938
172421
989580
512634
170426
162822
906361
662892
698375
265257
283309
529553
188615
956828
683220
186860
374266
287430
62523
92101
13817
280004
138125
995622
203114
552937
728605
758569
560923
257725
110592
594213
430146
100172
623199
600573
262994
529560
779817
477722
311169
63126
7275
499785
19955
206847
686645
910573
494277
265521
2674
24447
545525
657151
20069
748639
210088
265027
23560
287363
522752
134152
397928
469251
750676
21127
586176
530022
67040
365993
7744
378209
429120
531371
877994
965427
254571
80992
876000
748848
862865
395026
289647
924742
52178
826069
673381
778618
91096
213293
582334
130200
347445
980262
599451
614473
1390
185627
144495
68430
67973
668592
446639
497093
716315
840986
978872
970886
438330
854872
236087
301195
766250
525734
225937
334780
351803
415670
113399
959251
628963
212085
605804
492760
192347
205255
107233
710089
907235
251728
294871
491560
920320
741511
988653
636636
98849
483877
607522
537179
855101
359961
838374
621351
885696
64311
472484
753851
996333
102235
713103
625296
314320
318907
118056
23019
40514
225289
733109
464101
477017
27980
955661
913690
285843
460666
66678
901044
944543
190552
438223
315996
550514
792949
937348
436210
857260
926184
190061
853593
28419
419516
995241
342739
738423
113297
365758
295290
854938
615219
275743
848308
159552
231405
761998
961747
208423
828676
862792
669319
535580
301015
985315
86094
93965
439015
38656
467577
365199
228718
837523
393618
648234
349116
736357
903010
462414
618468
714652
317352
750039
990395
165660
425943
738152
444010
387691
462928
789038
250483
132247
324619
67850
117562
410713
678167
556578
449370
662097
921777
194440
15972
831748
359026
365088
84457
778388
343854
702925
9392
661207
969317
516140
343219
395260
254292
303582
299303
233572
92620
549786
365819
417239
133989
483382
344305
328508
556312
310027
506957
994441
20819
522929
826189
379845
404370
910647
674586
748224
129924
683978
925783
99241
200118
785355
10854
970763
88937
310157
204335
181557
376296
570155
115149
510285
569889
459454
355145
642553
285833
862103
636994
306652
901384
463184
686497
305754
890183
877435
53979
20107
561414
496114
119349
277884
281469
646555
248647
370406
956712
969335
551964
333008
55842
183465
359645
142083
642919
714791
784636
928752
93246
421630
751756
994630
401166
954605
300385
291349
832041
870716
311457
393455
366830
947158
187691
164652
593713
436339
535058
550425
922026
603374
883434
977868
786839
759431
636303
946110
474222
420939
391214
567468
358921
142970
78451
760088
97576
895188
567789
445969
765904
879246
355776
649086
342756
543467
330090
452821
496158
865149
3247
418184
984875
403033
912404
288067
162464
548707
234177
153039
485998
141744
236859
844920
284714
315310
121360
898642
210498
689149
344611
492754
84748
216739
658193
427504
760207
988283
880326
256365
369784
399925
190902
354660
319310
103306
642727
998126
168366
393256
667517
654364
535000
904377
15636
336067
736039
136996
751061
946538
826146
612025
955644
910894
828764
613837
854750
588971
118473
735076
845337
488257
651353
552591
359269
970663
655897
518348
485142
340615
911605
152659
994980
962957
57036
10616
815376
793076
663965
566438
255966
490111
178463
211610
917357
523579
341800
772107
112551
460273
507184
474240
464882
674889
26831
824152
161905
199080
342500
647047
539696
770457
799706
51028
249767
373095
61644
65143
682523
725609
147933
938489
732072
326396
666451
649429
849976
524603
421537
478879
501228
445073
469471
966111
119962
496302
306615
281867
211734
649115
928914
751430
935925
244973
802458
185692
618068
380455
767187
816943
622416
915121
271784
354489
757869
938235
520270
124197
979191
941807
119428
480419
903232
588899
446530
23195
85201
753145
821414
296936
918613
266681
564718
370890
511654
367177
72934
646074
263984
840121
463017
886400
271594
734801
757241
29464
189388
277512
670013
168579
219319
789442
165351
122552
378341
128233
662099
979895
397731
483513
793183
316344
750194
357901
687234
778200
241430
276520
940626
505414
116641
919995
908167
904588
171148
665408
450404
876889
942920
120417
45468
678592
909859
727171
317496
804553
855405
495947
300800
253136
979460
93983
85832
246007
968236
289418
540559
726019
565938
997538
747785
198931
917533
655952
103519
88682
837713
553923
965571
296985
674341
527391
975577
100552
770915
809425
421457
626320
305372
722257
395808
801185
332592
481640
563544
817181
771058
104103
543200
853348
101641
807337
52279
535527
463290
155799
140561
817355
226074
106132
114340
900415
149875
89918
517320
437142
415695
455129
63462
721068
177387
975622
522253
26331
457262
85797
843512
744672
706252
386712
598020
324246
194050
650300
859773
173692
322451
334
991047
548525
622818
621739
965293
289045
228009
998965
726188
643705
454094
306002
881125
147833
281625
919730
174165
738887
5527
17677
999912
228131
920742
597932
552377
631144
764584
928502
321188
603387
928836
828587
151913
68006
450326
633558
357052
678336
632523
83240
838393
86617
905594
719518
750803
187219
639248
924968
442459
161127
458997
442371
389258
896091
556655
457988
527235
837592
386490
364775
440979
831679
193362
592892
899685
160041
226450
256737
354729
375325
856329
193122
461943
761924
428992
212746
465495
68240
654066
424306
229367
113063
383029
134977
9155
939685
109317
52742
293629
495808
933870
734608
843839
643584
843853
743524
803625
586655
516614
674706
961981
372943
867828
423924
651219
296820
153022
633067
881412
323440
57373
627131
952855
440403
762109
962010
896440
387778
531105
190069
399938
981327
441029
243777
624911
284882
987302
428537
871538
503916
103243
833519
393211
487424
773795
560783
300596
443169
193850
182009
766609
767575
809140
719464
724330
87601
197827
620770
991732
245284
327191
391670
226611
768221
635448
851522
569455
139102
796411
440993
643018
416007
790864
552581
903431
564659
113364
720379
7828
823566
902388
290789
591142
227881
10254
831824
831834
724433
452595
823566
969717
296138
215237
196328
580711
850685
564202
150167
989787
360614
107512
149157
292973
898377
218090
712756
979388
331455
433135
987217
671373
851876
794358
262515
79757
804612
94340
911591
45397
63287
251510
15114
875777
466747
727794
456489
833784
291997
123008
339923
168963
746872
5432
461936
645249
223522
174692
624638
71329
607827
128207
742703
459703
922565
5218
55812
243530
615910
483756
288927
195549
735266
304042
71327
718365
548188
44168
552149
840185
683528
408424
9148
430400
930208
471084
592002
153730
162128
216640
225060
769956
344847
967763
746011
783764
489333
801824
27294
621596
285580
832574
817145
537198
652968
404824
255563
201156
965344
324064
41342
165224
732488
566842
595625
662696
554279
187627
332778
716407
920619
557838
2715
781818
41953
748727
565582
531287
550551
109229
152883
352483
941803
486380
889681
111123
407557
145244
312279
889253
469308
869973
54478
718148
436816
166455
897196
991095
870434
229974
223854
791053
787813
226570
89223
346118
975297
171157
877405
42200
280386
546640
394683
738541
549373
284364
849664
473282
945960
678296
362535
415268
548269
933365
133416
985085
616172
546964
492532
486606
776938
716387
794011
81103
942957
883234
427222
434606
570744
820979
476806
367482
883972
871489
622376
949697
672205
472040
422979
618165
666688
301866
33433
214958
235232
683201
716395
367756
746517
725280
854363
523455
441667
164726
604559
900976
564313
548133
335582
135057
369112
328740
502539
253084
200229
124915
202781
872434
113308
142112
6951
779996
443979
556736
511306
195563
756289
227702
563319
502806
952982
934034
26261
911001
98761
147172
328329
663074
695305
663911
798131
64418
509003
817022
833854
709232
941938
552988
98018
571598
695100
621321
351594
655431
178057
862901
367346
934346
606955
447018
953504
559937
897404
979765
987290
996165
126938
315619
175591
338595
495882
490074
403013
4885
823449
753220
230469
765387
306208
328487
336985
517660
466160
204931
689444
644217
584184
573142
94915
191139
20160
48419
267428
917565
28184
254718
430082
671474
86689
122026
526422
582571
128452
445787
587456
951901
199007
334277
233640
21567
662764
570625
55580
128924
291909
745024
289493
876093
318166
384408
67233
854679
432827
851013
288596
977364
105732
718678
165190
708773
357056
691612
291345
485509
137400
395153
437410
336407
729431
187403
874327
908547
758028
929907
553824
566289
674931
843317
442383
509449
744078
25968
364128
693257
876981
652724
670621
499065
887755
352164
207839
761163
43776
15536
246672
697528
410689
200435
550288
656472
904190
424615
565020
662218
870874
635196
744860
545805
994865
187243
571606
738943
213211
452087
432201
90192
621163
619174
105610
25270
487690
313449
786434
531467
328985
549458
745347
256026
266245
295635
912499
170435
720250
993871
349006
591124
629067
93866
653281
623932
281109
741240
879228
10672
193327
827781
617216
330842
963307
722826
356113
450998
36275
142547
498817
881612
208357
244164
137639
474603
539800
566490
645038
776402
560361
994044
883879
705780
604262
53512
846064
885371
311104
241644
412395
504431
69425
29612
351626
549085
752438
707739
83
305066
366638
498900
186678
574995
743064
840669
565950
799216
407159
210989
91971
483872
721385
975850
189652
842000
545714
552069
243723
856819
793713
656119
877602
379491
685731
229228
928576
954521
453319
928659
259587
819957
943911
962618
911305
203327
803287
477255
2544
726799
204596
94515
210671
442334
586717
916676
284334
648783
468745
528057
505602
262458
700528
899557
641949
902611
128785
570525
857133
98457
15536
633072
918414
959447
595690
346071
162775
915330
823327
681671
642129
544275
292538
369152
986609
879255
285828
787295
528038
754573
831705
549993
533384
532233
449550
691685
434845
94687
778563
808330
709496
310451
441402
144263
269899
553445
490334
949026
985127
830013
630697
143608
374289
923235
512760
877250
318842
798589
180898
363232
69514
12603
429577
119250
61188
395479
327288
12385
490167
105851
337067
716015
416302
294822
860278
202553
848267
350613
151579
349746
696978
298628
493354
71267
221863
6114
464870
57057
321055
162120
420290
390570
691075
849867
26172
268615
245347
353460
281001
251866
975663
618068
967881
391966
912890
828160
110871
277509
695125
778803
143607
392103
77431
636961
979723
815647
159428
960945
872704
480483
123065
809346
387405
330492
175566
413578
599107
420913
283390
880108
189131
259054
14529
673364
651020
443771
17876
278243
237633
713001
57046
381240
621457
650830
18202
601180
466477
177630
562125
855533
174465
201542
181232
561871
532034
356798
491801
131141
294063
775191
527602
483194
34245
542131
672910
201617
502254
690787
479861
739887
403788
53259
121128
25245
704089
139330
142777
686918
833312
221254
58804
7777
422796
240036
569648
471182
596834
61449
602324
890897
352993
646278
890443
387238
188409
563353
588856
207015
770492
68717
946903
690633
121976
68031
232230
342418
723713
375008
29336
73377
596262
88140
81154
19059
328176
167155
6593
441362
744956
608917
848611
97949
255195
255406
485188
959956
335112
74044
683324
105604
659113
630227
796237
297441
214610
28468
639859
938323
919828
669196
11700
516090
273688
609206
51501
118217
776361
58095
559579
521318
183364
924543
135619
954912
179949
620807
431220
515061
211203
114544
137018
870316
744771
933255
167758
959381
478075
323969
414056
397903
993165
942108
913994
266854
551315
481847
385071
327676
539942
461002
365346
239659
385545
17318
194571
565495
154477
625791
596908
365681
256688
733926
752349
1459
183534
436459
477193
661609
760429
407601
59513
753594
349710
489859
536800
901025
971706
438223
745053
28001
899226
626752
267660
801123
644070
978583
882970
798547
604374
479879
680580
861062
213805
432930
378874
397339
869389
372419
575301
146170
780020
151166
899765
129730
157377
952917
547107
645435
391141
808513
673436
806719
435265
457448
607842
595687
952383
7165
910586
73110
487044
591167
450524
217201
540449
829398
130893
926190
718169
706194
72361
498190
373712
488478
144272
531089
441395
691380
176524
348888
16245
366313
671959
451510
340113
796154
563549
292497
803319
474135
365607
290363
581654
816131
507564
638455
161882
154809
564646
880051
377355
637007
894593
751067
641837
38866
282156
83232
246598
975033
948473
262843
857698
620432
230705
197811
416586
794254
490308
219905
784741
372267
26620
882748
704751
50537
521203
866633
205346
602201
746684
582702
755560
641278
333769
397397
196496
132278
996982
443094
107311
945455
222289
965009
565887
452994
679172
982474
763600
685833
718731
548341
58100
745352
947441
762851
795889
984997
629484
517587
587198
892521
100289
342759
50151
950411
256508
246647
82689
253490
206093
706352
198945
428382
187713
281185
881376
866885
780011
644976
552718
498742
709669
127171
760446
173463
406374
72687
158460
552211
590275
745658
444732
206916
604769
11235
157327
861278
774234
756368
631120
980327
462720
346418
408709
166785
627603
806437
550023
923966
967765
102741
939060
193786
746264
215859
367249
152639
288546
525709
704850
395173
787720
665934
602090
908841
677169
275769
286471
451403
548490
917592
431730
11210
264010
356791
694348
407965
679580
244371
848283
647345
863464
787343
357483
609729
3202
724733
278720
808101
766794
983570
203274
554514
649504
321716
463356
843025
113838
749827
294428
662328
183771
242510
189890
964133
115653
884238
888450
795233
644961
736733
958930
508426
40429
316413
634507
43631
557498
913227
851732
324293
896797
571359
395159
62653
409427
374867
905678
39617
641047
716458
701945
824818
475320
408188
305304
590973
808778
193754
386206
453740
446840
861488
962166
487269
177901
596673
530900
735400
509900
898985
576045
923049
986696
971204
985702
912475
862424
407732
952093
503471
124190
170390
844641
599510
578578
666297
706835
387357
860052
609393
841097
823244
470881
803263
310513
648782
916288
357765
900534
942540
256750
992931
865589
759798
964136
367643
672274
342912
775375
624367
362735
415917
794757
207376
531779
889688
390026
238614
277045
766430
848007
118142
589674
318888
437757
900187
484022
870397
257952
900909
812937
31055
893840
678526
790853
374328
562521
979479
717240
337896
120198
79975
270165
431308
803704
801944
320996
193730
556910
598041
960160
921269
232535
66186
756509
186644
966373
240531
57041
740677
657792
869978
771732
551633
64856
78938
925961
627377
58417
159554
481625
694968
755881
751790
126276
559585
70086
447272
269667
626996
45313
746179
64617
794200
812365
821126
980844
295090
578009
37885
35768
235802
424215
323852
787435
489071
402790
229748
632800
977560
389302
114425
672528
145184
382567
798804
221121
452653
246076
7141
596001
807741
269672
660618
118293
598390
998096
99137
893480
576105
137022
445600
811907
77589
769453
115694
566660
172243
345443
199460
666155
734745
830237
338683
396281
212804
653839
617403
181809
416267
140896
777810
224008
410568
954780
858653
8958
952876
957790
902439
45333
611164
348039
857241
688753
633844
972935
771765
806088
834730
487577
472243
85828
317814
327279
482109
46970
981118
615864
228779
397386
756760
522941
137746
167329
477721
996400
176287
946949
470542
595078
992283
81707
459470
849524
770460
93314
338811
58578
415754
689894
546155
404350
775722
863970
731629
257831
427292
712747
873696
656072
626485
630456
179013
764232
314137
173087
760632
6777
120036
231174
601855
112319
829233
577677
478195
116046
670992
817007
174624
86746
506901
720779
7448
282623
101101
739077
56806
528394
968177
446854
700818
594662
77311
396183
358894
907800
569270
635878
914577
689307
383405
516433
801626
212638
94110
279822
328684
281454
613181
19660
884553
636434
740440
892001
435409
357893
631079
492215
402639
599256
939070
103457
193918
532733
15993
69165
440533
585263
705043
355111
790922
88448
387896
108901
301087
998358
905075
146123
279813
518256
165784
680718
671042
422576
572719
106451
780469
720150
598666
183109
835758
54088
802918
29677
586821
335263
615194
543707
920527
320237
415170
227801
925038
803066
336702
226125
317776
241777
888600
597589
276385
54384
794659
463779
476960
367379
570230
773782
87529
685249
956891
439640
739337
276161
985669
842511
127777
600863
902570
48304
921100
317740
792457
846138
120806
645512
588615
438582
403641
477216
552524
680027
47952
347183
143806
524913
230914
230389
298695
834796
915638
771938
274436
171327
564451
260105
530190
692228
860968
432760
256884
298420
750500
49342
660911
387658
694854
249526
342593
98495
243094
411469
294874
291047
758652
955033
332312
505919
701774
631007
340715
133764
919297
615151
305091
483748
391608
835282
692329
252576
784394
949213
550996
534895
514907
211907
438905
726113
977786
781498
340961
737232
192967
635835
28279
467972
107220
360591
973891
808994
507950
314606
942758
427247
446109
764202
427348
837717
115836
119677
606645
900230
68890
673993
951477
100150
402253
390383
826263
380039
171881
167224
117271
881201
319412
661903
349173
426632
22494
839416
751979
46797
670374
211089
474044
116483
975291
901392
470552
607479
21069
593549
507710
606312
267542
975539
706462
669795
365922
532725
566186
54156
216302
199810
451709
535714
861713
800882
478698
400559
156650
747029
963708
827024
958119
437753
943507
449762
855497
930411
57242
876567
523960
81304
999231
791502
573195
705693
977650
939118
754770
60188
509626
971072
259998
961335
23138
638063
278569
501837
554975
435219
765218
518683
778595
239689
472788
238454
689452
328286
168865
263046
204853
209177
860702
720436
517031
433897
426129
494681
889367
697251
554870
915345
668324
331220
393032
207814
485636
187953
226003
40611
139524
991222
75646
918119
230911
548435
156573
436715
876721
841790
216113
597926
50967
76815
318362
567999
27065
260843
579032
432784
958094
650254
348130
142770
497827
257514
350585
983463
445468
576588
540426
101344
84162
616072
19464
315074
680859
692389
268141
557580
534180
484255
671858
585147
77422
506572
669498
104487
767415
764883
53624
241862
415137
918106
384632
912964
175620
251569
412779
137440
828158
953205
238785
428672
85630
774601
743746
766489
466990
528240
324070
1170
12495
512280
102670
89917
18853
772168
710757
302620
537051
764381
544482
468541
682487
445467
381505
374459
697036
310637
511900
41546
263842
267037
470219
349472
41638
730317
115962
508628
258557
956384
509799
787404
985016
612469
393674
520221
384637
104431
822842
438041
385164
883676
906582
584003
845495
804439
958462
542532
115076
986714
100430
895271
253751
87001
244743
295389
817319
877057
804018
592228
349793
830169
379633
334810
442638
773307
855031
343627
394090
194225
298020
779254
77902
204602
879609
439749
525394
354423
982281
156822
341138
599064
52093
111241
686065
813189
922983
503384
690246
243353
95613
40040
73522
991598
891202
32512
764905
746233
892491
158995
940459
190512
454601
534713
911466
850562
974462
436860
204985
473096
593683
62475
72160
162128
690069
274577
975317
613052
777962
665564
856405
389927
221956
929927
897877
113158
962439
662782
859391
854930
338129
316202
561794
309082
367267
473261
675996
858082
426473
880981
331178
536508
459809
919690
698637
149878
194267
673954
762930
488581
855870
135687
394860
77826
65614
292737
190984
544405
471871
566728
915687
326352
399282
477482
151786
766550
467095
827782
140984
893568
225116
472162
430077
201277
908204
128714
351155
102471
319020
630437
107405
174891
282476
18617
252717
348090
827707
960054
408847
815930
43134
840886
142283
958768
834720
810421
241670
301815
154556
382654
195384
896024
371168
141813
97301
279372
786879
964808
898196
105899
111597
5601
280790
394073
24218
49860
258515
368277
526266
183714
184208
85752
24600
842843
44520
859321
653264
802543
161136
324172
185197
872872
220196
556366
531037
833849
352090
317916
798657
250286
423816
910254
255887
220958
820679
796458
787170
79194
681087
829788
779260
865295
431892
803861
708138
992765
179534
361403
795308
857022
685575
496857
729895
422124
53223
260932
255973
405314
95201
570983
171952
519017
997589
944192
256327
818269
740650
559850
413815
421737
389638
193076
803385
821531
996937
511523
330648
692823
389278
125956
549845
74854
622813
279740
13330
192389
57025
269303
114055
152226
840286
286007
187595
354228
230199
960274
172497
487201
520124
102664
425291
426115
295740
228676
763998
809029
740199
94646
501852
645830
220602
51698
720684
359767
847790
250366
68508
421167
36021
182563
573393
392660
984923
277340
746888
731474
237615
919385
218676
274091
22049
160319
700206
834142
905347
980556
643171
161898
75202
661376
807728
812156
713074
44764
688276
560864
295130
756784
498384
331152
939348
588129
723812
440623
865470
987052
172097
619437
906437
907125
409880
444838
67444
626439
795332
489143
606995
438504
651042
198550
99880
458770
10706
329306
503535
215334
406522
315017
972119
904906
646169
427819
493036
886333
868442
874858
873385
40539
10647
296174
464017
420527
257365
47813
46966
52697
536957
653962
7553
187999
368864
623785
646769
895922
953091
666656
111257
875966
981674
83376
297224
144195
511195
790260
30529
895989
181470
420266
936528
192117
716441
916897
612645
973806
964711
175963
542855
501668
829925
550409
689667
715141
690546
852788
611064
159990
35797
722321
35956
17471
805697
333180
161666
833244
639793
708547
729233
337615
128814
182113
529733
845255
99011
658730
335413
63722
834693
394620
81742
180971
945029
287761
896112
151928
656901
507176
311918
692698
745849
864226
226521
67898
713758
388188
901142
869903
613087
146727
207519
741901
328841
737252
103508
944204
395982
438921
524278
230675
833542
606020
411646
294923
410133
824111
963203
67034
331287
275121
759733
77137
655699
986254
661387
369458
890794
562530
239361
503882
709257
963232
762135
554450
216836
865644
498654
129170
820917
22932
359846
170811
145304
287844
465735
555437
628307
945290
138824
959595
220412
898557
553084
876111
401163
214471
761921
291958
293353
517635
312192
518963
480867
74327
73413
697704
456323
88420
826874
277241
627704
703072
448052
773009
507269
430139
844798
135576
375430
983622
611523
112194
398531
680959
504657
799695
411783
266579
608005
705136
784214
436549
740451
781433
27228
813865
995489
483552
418637
338716
760793
46341
558140
208845
335702
65409
155337
180501
717338
530767
680475
845213
642961
79007
42525
147618
395054
454308
930549
519411
675796
231115
955960
416248
12549
983188
746465
524390
466740
165102
863106
743885
727795
421247
469083
63498
3008
624420
243999
236698
155187
440826
598264
314500
519833
640789
462118
431239
95097
909020
950650
287245
140135
906610
219845
152684
406151
966310
193427
389243
647764
56533
133129
375560
994132
602212
955410
513493
226632
199409
266543
898171
156587
864807
729023
676421
505596
707493
107660
117045
616513
574663
920643
756649
997625
140488
425685
403776
623151
619112
793020
787267
191998
442501
162827
186130
44713
634589
215975
787697
350350
482519
202220
506938
347326
931243
699711
369275
638736
807371
486320
255250
898386
406963
528251
896012
547452
953936
299788
686955
89401
609160
474222
281399
51661
153402
983881
612726
787991
199857
916775
138342
198728
118995
645280
546054
566590
344991
431681
721679
668714
918002
493281
83453
841317
21532
979465
905121
491820
279253
592076
581221
404766
582651
378972
972779
736053
362854
585506
524044
79063
502281
178738
277791
137629
340370
340197
220571
685361
771879
942250
870428
206233
951883
953881
47550
489767
449698
469024
981588
245303
61100
79161
650069
643751
458134
622849
896156
820988
724707
936553
416403
743340
115291
210546
880969
455662
550743
617893
657375
838974
76495
44155
45207
28379
514388
609110
518146
964086
78134
499734
209390
655586
95248
859459
815690
553382
998660
711846
890722
723367
648399
307125
466708
280043
517671
864029
735705
584766
481922
909432
423741
558418
953588
985300
103149
467976
594410
621295
432063
188896
637382
641453
360835
732630
17264
176525
286012
15925
404723
693086
739292
569475
211
206000
849518
34234
70030
101575
619000
68304
11007
559093
626722
480947
544394
729871
465276
655156
867519
897339
360405
21253
55144
721240
753883
588760
414117
556247
604685
818840
765685
860330
904667
765896
582682
754185
316482
652712
372112
451834
237369
899472
10928
864091
380419
71674
110315
845695
243182
494186
259386
119939
515439
830882
841179
785674
419643
771648
858273
540680
106841
623958
401010
11508
906206
983693
282046
222688
152757
654158
674522
390126
553630
201802
770570
934050
789828
397237
296097
549363
891423
71836
669302
923214
902718
26834
708888
838713
798482
567161
895746
905323
191119
296756
433184
97325
796801
715230
836365
465911
369388
27239
372389
923019
229042
142959
373421
535222
540196
185870
84585
947971
257706
270240
871185
676777
813426
96425
515490
128260
663586
927588
33584
371057
740697
466768
984734
537498
698350
821099
519761
67738
848339
892151
990757
593733
35110
880530
645307
91659
66401
246245
555982
324107
516485
943520
517236
846263
39945
32727
974523
219884
476667
8107
590941
217364
991227
92028
271215
689577
429479
790976
273668
277818
683127
780777
387903
234590
661308
33211
842601
244061
795808
398583
568168
312293
342103
85405
158556
898401
634484
649431
118285
627503
173891
225578
844868
165118
833958
116083
371048
263438
907059
161068
57608
106539
941845
445512
857481
603153
995075
700082
363566
790883
615017
931735
619528
473473
533492
294436
371874
684328
943867
6511
311831
117758
748441
673051
799229
582400
789134
686629
845838
212546
847697
903446
319085
789542
865310
176566
909048
860385
393000
272614
167620
8017
720701
787148
997842
770545
81584
369716
971225
541804
892579
283057
659562
641021
472460
458791
223421
261595
661772
69259
474141
509469
489057
309578
299012
354368
486144
724412
214753
395496
997026
382374
919865
234080
685874
917708
4625
283811
803776
975851
825615
696356
775260
485177
853729
247720
460321
77150
25667
122093
662761
499808
147915
151818
325738
963279
22538
328234
687691
753644
723730
201069
652370
643596
435149
338244
561304
956127
622055
365080
448330
447670
577788
223590
449200
431517
987662
425873
508667
13330
64318
687780
29490
212233
355951
355229
175512
378489
683463
863203
648485
923546
580625
300855
567142
15774
639100
644798
488253
261155
9878
936583
225178
104019
160173
674378
535536
664188
616603
560556
677518
680921
248336
223360
893155
120639
578589
68667
15481
778405
448223
663966
701951
28848
964822
785445
560974
603922
430243
49228
381429
956473
502163
122959
60492
178689
313689
596029
842877
930292
672937
36747
611214
437625
260107
504369
558265
355049
89388
90098
649806
537611
754064
868109
82811
718886
653554
160138
839160
83797
725718
736942
556622
227881
376253
617115
406570
689943
729496
249447
620235
918785
286194
231449
356410
62654
252170
431027
417703
857911
521125
583861
395522
275190
451970
994686
510428
105524
154824
865941
705673
880542
119235
262295
624775
495488
395762
31346
185431
641610
280793
322019
560395
83340
69820
916806
145994
321991
347833
80049
179902
385311
663910
91776
660501
115880
602814
687281
737756
273990
553222
443429
670884
672457
222076
295660
684298
134191
327006
869729
292153
124151
191748
852549
207491
261569
285707
869837
99912
149892
949886
796166
535203
130148
404294
712056
762380
7109
399338
500136
281099
468912
459917
951984
657722
198346
247644
342020
332537
91002
728101
141042
215153
919850
993591
422645
697771
795650
808834
314035
461895
758721
110201
997098
405221
30847
709155
167602
37956
624845
667738
835408
93757
127656
303744
751479
842354
67740
609851
691243
675094
337953
832285
890247
774155
342229
829244
471926
137879
638079
302313
116126
913152
928866
113225
318373
959713
338732
485975
514022
479929
670066
865782
573686
314074
685878
841518
156428
753618
451369
847671
428712
789322
679956
835311
563477
22185
664556
551755
676417
302635
854068
792543
732139
299286
422120
50512
259000
277204
52840
289374
757133
722906
155156
847172
553332
841034
688690
709760
111004
140059
73783
56068
445734
270091
891379
9211
808629
555935
77319
1398
374922
447739
793941
107061
747026
732414
673926
522378
9618
726766
811752
283104
966024
966908
130276
519356
807942
818966
745468
435298
475377
335603
491366
921111
605694
382745
446675
414323
455033
523994
415721
829955
488085
726015
453369
235111
458429
127295
273841
984399
854061
85593
267503
336437
568853
397779
855793
893147
733097
117613
328445
208475
453216
819811
129586
58910
202557
92613
989586
657590
616607
921659
3897
104693
647674
457266
856156
622455
584561
129998
123207
954974
731943
907062
291411
300797
821194
663556
193944
554291
781169
522390
762766
750737
342201
408705
326000
61110
501318
831938
235052
634278
753597
238950
255323
917624
696216
111479
56431
280778
757829
695990
752104
489773
603053
43516
306922
424247
707072
500866
978538
4594
539608
257657
271683
398162
182714
597683
459272
684032
429621
694325
834662
699571
449627
89985
617195
145843
717817
189978
942973
475646
885969
695078
481771
489022
738594
305045
913269
962018
322264
408159
482964
861872
182168
754648
776386
364882
868683
235659
565267
814657
446336
399929
514228
895963
489915
647775
558158
207732
837753
501132
199730
723722
196210
197854
212744
451156
19251
642365
929526
341515
566877
412491
719740
749045
683491
496126
113928
68526
248137
679195
883183
210825
79124
913763
623140
85391
561538
181299
809475
399292
198783
525558
639366
394993
723412
368463
362501
742663
527180
808379
600531
94057
737222
320271
359455
420713
816397
989735
5592
64535
668930
888775
275360
264406
318891
898501
866150
880429
596152
675625
796073
794935
201183
435440
706280
440947
320255
68781
699963
847435
877160
300494
941493
614383
620765
817300
551448
953514
807035
73392
18049
992317
478520
809762
773075
797411
224615
639225
677840
820767
314851
990266
132054
32386
942058
838334
473334
262313
423467
173297
109748
816979
990143
567593
947714
610908
384893
15515
80774
708280
88907
98824
700597
567427
424938
473673
364838
649553
112898
559031
986672
944101
549297
118726
492840
7707
957060
482526
270020
380527
172175
896120
713858
162318
980066
661573
289578
881311
677088
370352
589592
765995
985528
290189
849775
410466
280214
214613
60019
909465
289996
46691
853566
839293
681769
862758
363352
638829
345284
633372
535708
517459
529493
249567
679777
509559
427492
485707
907222
620932
856060
496814
903279
841588
303356
753054
252055
583570
484020
828426
493035
774016
391470
862954
129662
73239
725712
493014
228421
70997
126387
764129
588456
172232
530048
784586
198143
473892
270293
105365
94824
642705
118532
998104
484294
421888
267510
252701
521810
751530
81127
14846
41899
988949
394152
171561
62189
119864
180927
290610
707213
823666
571091
812022
512250
101140
112960
710393
575032
383253
332111
186209
25959
966995
700665
26605
388883
968175
279306
427045
236058
876785
958243
794309
865735
352395
482222
444276
988612
663149
734886
695825
486816
305977
24199
999066
923469
137159
225812
14854
36765
74275
201063
579076
41270
418080
122033
946505
902607
401339
373550
138665
794476
848146
449326
176563
200541
931548
620839
189153
594698
355725
401331
81514
178055
941882
596932
101524
595394
339096
632730
632159
413371
833793
727587
970993
251873
849620
433850
670833
767311
807401
809498
561787
171899
258825
738351
372440
706725
875542
77946
301423
231268
995629
899289
925675
937511
12574
543551
532905
351670
176282
681416
765042
526427
409003
252387
294653
258623
686238
965486
542286
9991
291336
104074
181890
66513
358777
554330
773239
234319
148628
74662
981939
144257
490304
907614
598121
502878
967518
131026
854548
143800
328795
135942
670227
737798
388330
481232
512774
74568
446718
55060
84559
738055
675486
782801
804568
550615
337131
577807
784935
485760
168822
283226
146369
659126
707193
744490
162004
674711
391869
532904
818511
720664
668847
5090
974814
573529
486323
3940
648097
933041
59001
249008
187448
250839
31809
992017
801455
885292
86176
102742
887404
771350
385968
33774
430476
93161
294616
108832
767872
686485
158089
102735
923501
826936
107826
898316
400465
110501
902256
564914
43542
477609
330274
747343
244801
878435
255712
46256
763727
341888
665350
167484
629591
51318
717610
60067
660832
12226
685252
945056
215064
843341
47792
138565
186629
155618
553233
103446
782471
971842
184712
342365
449451
514986
89708
210604
909773
345420
773212
189852
203661
438562
357336
833252
6233
74946
409671
667065
603525
611275
612121
818589
454616
659913
473506
157597
331883
26740
261043
114354
998582
962107
973072
964385
477093
62780
174990
903218
408201
948202
93071
128214
903117
450407
961466
909350
41706
371137
92767
645231
982413
704888
463820
953381
881154
937326
110979
729389
480418
888374
360096
479000
850482
333168
959738
843927
395948
651080
747146
320501
115634
840217
448715
18751
806976
410181
444453
848682
297671
537220
493913
796436
242109
474085
266169
639615
411412
893500
369004
891830
781875
729100
887183
148709
578620
363273
508988
974569
14353
256134
811422
129987
612703
260138
665091
936032
186671
109544
784714
694
646765
278628
797130
405226
752713
63300
44841
680477
473152
930197
88660
771379
175650
492195
920088
754270
855468
429077
245191
386173
201563
56614
32512
330619
316752
697603
266651
19775
323500
51365
20470
486617
846345
333952
408195
115411
913604
969388
312240
386757
899585
400900
158136
591587
409447
78225
345858
781267
23654
591049
167440
741569
164015
199953
72188
997119
413908
855191
16895
253760
906557
553717
256729
269254
887669
664924
384665
801274
634312
213258
188031
50250
130510
346167
158189
539958
940744
504047
321225
480750
611449
5018
738672
291816
204971
810860
288936
135231
666052
822183
388992
88961
375900
162073
358215
263569
826998
259233
64843
977662
988843
769226
544264
119353
631746
702454
659311
88842
722853
496889
569593
334302
501907
308265
626119
223230
635477
431407
358461
817881
253590
263805
906842
629490
425879
781410
409411
769229
556995
474255
746891
545838
243481
807508
665191
391579
509962
840855
480422
232815
854096
50015
83470
872355
874632
225941
95585
26461
173700
970398
844343
427290
234204
267537
573132
176435
565299
982543
945664
122294
973150
208907
184484
732984
532767
366028
124563
42729
206883
604985
791897
577331
171352
391719
449686
562336
134012
61623
588798
307712
32021
433141
251354
782577
217030
824486
959012
782330
807029
421028
904624
780180
146288
89109
513164
679055
971489
637727
238137
694724
759065
546386
272055
930417
938105
238093
492754
588469
299716
597904
896181
331737
31045
147535
114315
764427
488373
589679
546757
295402
527060
967734
591934
673348
573195
621450
868755
544684
259178
623244
239408
534595
169630
511463
465012
624087
749556
474118
212556
49272
72022
625089
381009
619419
288976
11676
383847
777349
601356
930604
72752
128416
414690
181038
318116
987885
802489
703223
532569
578019
326468
771977
112614
12450
283440
577626
636538
549348
568097
365446
114972
640119
990536
12334
775891
279512
24010
159738
573214
141718
606694
645966
786486
21385
343356
104602
525622
145845
324178
58192
723864
650646
830169
836478
663096
629962
930457
815986
179310
14906
181433
294283
655025
688321
306617
947268
967833
846979
623358
57399
988698
230053
219717
775184
767790
563074
396139
293412
708919
720317
867956
949136
887315
698126
785614
550411
328088
232423
366398
23750
247329
64183
834385
418707
752504
657354
365975
236689
20686
989334
294089
9384
735739
513806
300920
19881
76880
213411
829645
302152
450080
697602
251288
337395
912080
553254
404159
756520
785678
286909
296622
549359
351092
131008
968066
103596
304714
850394
340285
325400
356080
150726
851136
608171
664533
668409
144404
741413
881820
974049
43565
331901
188003
811205
185648
100083
364460
589807
856603
150138
876716
153226
215849
744160
800586
183916
847756
621652
550662
704394
947053
906742
855120
798189
31265
519653
466598
175669
777419
864771
666070
337336
713024
854074
148542
898672
470509
29354
4832
843465
179492
397900
513043
911693
142061
313629
95609
506169
935281
162623
210563
398686
69365
65684
713228
100630
101689
696178
792651
879108
560949
458722
732797
790325
312796
881339
688998
783305
910693
210182
143122
606537
124434
656165
518230
266495
969794
130192
772665
421428
292815
983228
820114
878533
565264
49694
495515
666954
745873
288167
62414
306822
746889
795211
97148
576037
192902
302498
875694
103595
29032
18817
226484
153466
674982
261067
936314
161129
907611
708979
582557
200426
208559
919023
78959
290176
968718
90827
957130
714591
378994
535896
537765
642235
331108
151265
218272
524010
453763
93966
143958
482795
629135
886794
152614
304118
664213
88928
465247
571824
314259
564156
772251
39170
999531
367562
329346
968249
458389
802828
199192
353735
338725
253310
995970
186185
404575
214242
226547
858339
824561
370505
857486
453696
773652
526452
757814
437865
615380
739413
9690
445991
303569
298293
485162
819453
182207
814508
787702
156949
617337
503247
510684
472414
756557
506655
658599
161132
237249
885146
535823
61810
772004
909662
31859
62008
436114
306025
499873
567847
45439
25915
13838
865360
840560
499000
684813
22768
829861
988868
179717
447198
492115
206753
435964
765024
713408
94563
442508
950658
496061
978332
528820
784417
404346
560679
846425
356812
866705
346299
924659
428496
888566
454850
293856
245479
470202
495022
268247
300063
242
964316
263613
8709
171069
699577
773733
400830
310492
216241
867840
322906
710925
396660
107323
115271
957340
953749
472084
340397
816400
913095
768893
704966
884297
579101
950445
354500
590475
735044
170915
590717
215712
434529
599426
903134
650458
373159
303964
477303
105753
171804
800209
816678
84816
907532
448302
558508
377633
920386
898905
194033
833481
184150
415352
234131
279604
365797
588631
870079
617194
759546
460797
832906
710427
576575
252392
877238
466087
556356
870893
571840
244512
671102
904870
329329
94986
353172
404189
472620
789910
303095
666653
139744
3597
82005
373875
283201
964155
962506
669633
97701
238404
646782
446959
465184
223357
699352
342422
689444
255708
213315
777636
16573
400769
198859
862254
495755
68383
266443
484727
858294
85890
151381
998038
89488
749738
371913
889041
230245
850771
558674
327946
89175
205456
774906
554359
945166
474258
413133
150962
246318
626448
928599
262891
543569
643810
125145
39325
712193
907941
40404
570487
993831
191785
568525
599671
457876
456790
488713
688121
307561
47387
16068
396737
769196
790974
467448
714362
265232
880582
865324
511550
23382
310275
290794
566952
470437
932291
122629
182631
840232
163033
269470
350416
871171
354348
950087
845399
811138
438800
533520
118700
2540
65940
31789
288088
856914
499237
2450
638498
896171
384126
666401
919554
210754
473547
2858
681191
405838
125487
380174
246071
804872
649645
596487
192395
3993
62926
37794
815131
501727
571315
450183
20619
637255
998324
825059
10522
13914
827509
165372
910085
727987
831773
345991
938741
305320
348849
136285
227511
990688
516459
989934
311913
166104
102773
504308
170097
165699
542103
501581
183778
629770
468116
720749
783377
466441
545808
793899
480355
889669
959272
906792
617657
307397
252784
72750
129070
117985
209035
356581
625026
241847
346515
936939
407951
449288
957599
94401
131339
16054
112334
315118
645824
580450
35867
429202
563243
581676
739453
559950
471345
215077
466743
605354
522475
235879
194457
651545
870216
919844
524478
11594
161691
870993
464885
85995
836633
422485
180396
967972
438539
809082
799442
84364
905884
835310
29918
469128
933338
769371
545430
921035
500801
528525
526390
23276
764404
720847
191173
150973
640691
715651
162567
318735
102996
627453
404730
455981
566290
101478
940305
4829
910560
739748
605545
816444
575058
151815
801924
24748
437539
863707
945783
938340
392232
988525
477968
672989
225724
669141
340314
382768
901144
502881
701503
520492
646686
106233
976473
729328
207711
916778
734158
634623
172878
856055
967419
264288
524223
285696
289036
961762
149403
234820
416454
57987
223345
894422
730976
965422
79915
587642
348190
981059
90524
49693
501551
253562
672278
994376
982891
396341
427506
233401
30964
600385
605808
514735
864673
646383
800431
153710
608145
466186
904882
540951
524174
644579
435373
771502
610001
515288
359145
958191
12699
966021
7884
30602
735935
680162
24978
718826
76503
452485
468579
623819
52870
590740
138555
433895
237123
455338
587605
361621
921525
8839
902572
445699
653419
854298
733553
263420
369586
609050
221612
898638
575071
745848
929240
311007
942363
954219
546185
535218
923056
531117
675390
492278
121857
813945
926173
358980
269283
30131
720601
707160
38970
139526
669211
692389
993824
402765
472162
879762
11815
210126
778400
103239
955974
223993
930598
414689
694564
476783
466260
617620
524252
141650
626250
646109
471947
68775
521442
257582
98906
758395
964743
654229
414273
633954
862970
408097
36719
335132
804212
564887
545258
98964
668126
17585
322957
598724
948626
17521
591859
414886
151493
632464
72888
294095
278573
544835
362871
316367
802418
978129
591115
767161
632358
5388
917467
11681
413486
470539
346813
734050
35426
408424
833014
219904
942361
672324
334980
890987
206197
443191
822226
357691
75655
895114
168138
870581
439950
47361
186948
758720
25491
294415
525881
174201
299804
443348
185882
229642
913887
49048
963692
465665
457472
796706
685569
399833
469030
536901
807172
191580
980093
629398
65623
55748
40865
233761
442681
997167
281123
629630
755887
822966
440397
798120
997167
740201
757820
699402
969843
188060
748450
449887
653725
205922
246594
855647
122107
231976
908900
445631
939908
888993
591382
5531
461094
632247
239293
903775
145766
36768
49757
901653
859734
490155
699773
373253
230356
973945
72655
716552
162005
821105
166439
332083
543379
929385
704082
181838
677714
612982
627470
617622
501976
735204
623154
963070
883803
378799
383197
29569
415567
432955
931222
275301
923110
147347
648554
669818
121292
721210
386370
799650
58667
69162
131733
118399
998547
835815
300237
192613
965149
444059
810236
467125
179263
949742
946547
63066
328541
329745
608987
744108
279052
540209
19409
202162
203908
184315
388332
841553
421877
291055
641203
480545
360217
289288
598944
875116
641455
415533
584082
606604
375945
394318
590082
71560
860412
536629
650979
188953
382726
259966
933061
661778
800176
468822
380292
520436
653137
768625
361989
591367
59680
519544
71912
936249
808832
187208
327717
966639
119093
911799
573244
495038
822469
163326
566599
682881
216307
217578
388186
599034
477544
321247
777164
794072
306421
157457
314509
475911
442434
192850
67278
502114
712395
655542
954715
37579
842750
798784
4219
961843
710584
577463
456882
533053
257141
539833
732287
473448
757411
120473
588834
234955
958073
365999
545380
780846
523456
859889
256757
965890
569091
840387
984356
281486
495929
455423
835418
855031
254207
839637
333227
481143
933452
306461
530549
190593
846294
262836
180393
120057
383309
769228
355012
857734
651579
416744
638581
691387
792985
895338
173629
362077
252078
157985
159915
748007
129760
995333
119391
900319
351322
452618
381463
284774
759079
912012
991719
121725
174848
172113
241782
74509
457693
113146
932244
625624
529891
87177
317011
322876
498867
490640
201305
750945
164977
361221
15305
294737
872906
134696
195056
224229
103666
576519
509003
862745
4883
17075
500822
179731
189188
742604
770593
163233
855750
219189
788857
901993
306366
105868
741222
805233
112860
942527
72531
277837
820100
87836
88926
693007
738884
283982
433588
842550
376854
458943
221647
898089
476018
722469
77821
181558
981425
364766
344791
837175
100307
133648
255521
406673
755868
996743
728258
868728
939270
317141
662917
275723
404977
751843
968730
660213
552178
402318
502763
445384
861261
724410
343473
853632
963231
937646
35190
944656
302412
379982
298184
919071
29982
553705
842096
302203
550448
570355
687283
6070
887496
350201
281793
808826
618396
766875
469039
170574
169193
488155
615958
546807
212565
475784
400439
692149
413430
435629
636805
232195
331963
934989
151266
361946
488694
993363
664149
555494
80070
867784
561565
483918
217985
359710
809096
836382
126586
278136
523308
295779
282643
655619
358938
11560
131403
275729
703709
544833
711359
340515
293380
559674
791856
444647
921620
796903
954362
102121
868749
34432
969906
430314
34702
704243
306377
843799
56977
432963
638287
580286
245094
920930
235905
604033
932490
367308
396114
636200
428493
623825
493067
721874
183500
801275
682873
105120
598178
637235
723594
466928
188019
209852
413594
222721
430447
719971
66520
487425
669286
704807
584063
914381
142089
819968
34766
74580
703628
430880
227132
648473
54706
720199
370347
238206
37826
569572
859678
636005
723159
99624
619285
911178
309476
549231
133900
256276
785555
716772
743701
454841
937932
327764
885574
80021
664084
920340
154601
884064
351221
898085
532537
405927
618284
419237
644133
656111
988809
20163
808468
711969
119788
944105
623147
945616
9688
273399
201892
795243
506524
945593
766437
444456
789709
652011
40829
970145
572352
711783
854209
439925
609868
386747
845852
744505
805984
6337
916968
794793
542852
241788
23114
662640
185893
162614
608257
711933
436013
810149
23529
458889
272095
789966
419697
578156
958329
460527
548302
47033
172310
402511
486958
298530
789258
849162
43035
111594
855499
476355
906388
914704
718143
445854
577344
420388
608468
701953
132322
560834
28455
155851
19723
300550
462169
439421
395058
936850
416300
943360
983884
104962
862224
470842
403492
651482
320005
962880
763077
691856
439235
185817
606560
673731
631671
700257
94119
756492
402210
742793
317326
430665
898644
337049
247567
877165
292822
642626
814016
709122
102338
797900
330436
964562
785094
733929
132397
621451
213161
411826
829660
168748
113995
436220
842479
262018
652829
936599
18510
571392
679392
335836
2057
94389
189238
765977
487906
998412
924955
301922
707535
27293
616174
554323
508208
401269
804604
640605
539072
17765
568783
368732
186514
682778
321305
545345
944796
974134
481944
479659
545526
677689
815495
63936
288430
521085
346265
292688
519498
271220
594611
743385
814865
727137
297708
323073
644758
102313
480030
183831
636430
48813
552563
822944
247943
390220
368290
192740
364355
366586
672399
426233
560627
4246
6521
365409
525332
352786
658098
44830
624006
769061
304567
438872
496198
602275
278297
140957
220940
274680
841140
857371
323493
393703
680315
571437
300276
564957
280529
664631
447896
469280
607216
524875
473526
613738
890285
515210
966524
548383
560040
106883
833796
380959
62107
329994
983235
340404
987303
720527
131436
828443
577898
454930
738499
774566
542719
38775
339523
823248
219758
303771
292528
826974
828647
282406
957064
718932
797617
439941
783667
874009
546824
617463
254969
608931
463809
754556
465687
451113
475083
597124
795908
52982
568406
534407
343900
627477
89534
199775
967077
309292
503547
775957
652619
332194
58363
609683
567478
372332
49624
867497
246342
112800
1312
17663
721731
981473
772219
703771
948938
763654
817247
744847
332988
902005
795606
676888
529482
401493
876664
496559
710785
380211
272516
363404
228757
847231
489440
312587
219564
539064
696436
465906
651865
697748
999921
889948
195573
772140
110071
144512
535794
443670
405711
385135
345675
201317
62023
391509
602810
938687
404420
829948
835250
193288
709704
580359
40520
199144
892946
776436
254561
589382
758694
422778
803482
758615
829078
999056
530755
455502
143568
582901
899172
549279
484388
244848
266948
546412
152709
386111
1451
557130
216059
836702
750418
925763
417061
790938
641260
826360
83726
412173
932094
842420
834951
735577
601035
180381
250985
648142
635883
394553
747396
535056
460184
231784
296256
243484
294548
448965
629595
296000
6095
362006
649054
272866
804122
582467
580156
961734
408827
663883
373907
340922
506303
208858
592851
623691
389239
843836
271833
25123
754741
535581
76531
214925
767366
372787
974761
61914
821752
120709
874266
344200
482715
523320
617066
803189
105788
197222
764923
30967
861105
138830
888241
883761
864040
481092
507452
769632
324928
295637
311107
596021
831219
387638
810946
598585
276777
302060
176851
614881
422769
51118
959081
421836
90790
92499
225026
712930
806074
506301
743898
183531
161484
148491
67292
25524
629584
574744
311508
470864
386734
138967
66886
217953
526605
394184
816538
319734
212596
509741
934616
635365
77211
410049
57202
168002
502549
798580
397284
308623
304881
657534
492154
466365
806026
75799
8242
951962
650543
319750
939178
553629
458718
6064
771582
501675
916601
104472
821410
129197
614214
272378
280915
207777
682427
338117
892131
184976
136697
289416
9951
957930
946950
502106
424296
269328
577905
432538
221290
744800
268640
160469
298430
243710
682885
586364
261738
115838
690837
599500
761388
821403
871878
42303
29180
554305
896772
921312
255634
549821
727080
265585
507751
190382
284043
932047
459711
378300
880937
197353
639453
665930
357822
454235
425992
557060
40599
687730
672898
247788
287230
950638
69191
675460
992941
98372
229766
889713
536036
1752
439534
263116
267337
947286
453498
67733
395685
429561
962385
792975
626915
601838
975257
501089
572425
401249
58149
613025
605332
247400
377165
892562
714390
446357
568023
707332
61081
314141
113397
597117
315893
552932
376585
99582
16570
830083
683667
928607
775997
646053
237934
402912
247891
213191
904001
820317
130793
478503
949694
736125
242255
326859
145039
956645
289568
229414
180329
350649
543555
293727
947766
375800
363011
324351
991735
895933
670787
675402
340892
446784
321455
578827
366048
85699
308370
786401
906016
955515
264904
372062
691640
23511
215273
836680
496509
504842
66094
676838
371843
126002
970565
319610
18154
849928
160313
9889
745861
347452
685292
86754
794236
6747
181933
676636
92446
6655
463038
514814
962171
244294
403228
653811
267806
134854
6843
764315
156048
589290
957505
527891
715292
444423
363853
733446
294351
524167
259688
556565
871619
944980
643319
182208
468079
341604
858844
560526
348259
321882
591692
310430
566177
511273
480594
350335
646127
487437
631002
802175
76727
588507
330066
308371
32930
210272
558170
327282
734439
817858
883847
122410
279190
43518
820970
747269
385122
679815
824147
249733
518049
932192
560164
600578
443465
557110
950913
89592
44547
581915
408119
637627
170423
254537
945998
719705
464809
20520
46987
199248
354730
447186
838011
633920
7056
658981
381190
908530
855148
721689
158264
373198
653881
234780
973776
97346
791890
441042
703290
836437
22957
111409
990416
709732
365947
452767
429438
347108
473287
992777
546357
828018
956316
900720
461938
963372
76053
359480
871903
931202
81170
546519
304400
735051
781299
794528
348750
89541
235570
52040
925978
774880
679802
432747
964
562101
885514
946754
909209
358801
455884
971918
703171
412200
872638
165110
891924
465044
40942
280179
396246
122112
826698
216998
373516
124349
527878
722266
213890
279801
290658
656221
54681
486812
88968
571997
48913
974482
518752
474475
849635
974636
446393
552807
903188
835384
717917
795112
300428
758859
75292
696674
397324
418342
430024
770840
542692
957902
9458
756582
237703
816468
929155
292384
303281
18123
380734
868546
508957
899486
343021
358593
390474
789415
911400
293662
141151
145669
88774
441579
904528
680418
654605
818204
98761
84629
105396
157805
42531
631206
914387
280235
447675
359895
88971
267308
378018
469705
135854
886976
885543
995228
245569
276017
300995
673321
569679
442146
818990
174806
400077
239870
855224
54682
58075
953985
139311
679823
628142
698194
311030
542530
494781
758705
418777
100105
542365
796795
86162
678219
200123
971706
189799
962044
764075
490794
635365
850107
449292
970707
24913
849369
210578
880137
904051
785005
350475
559714
464828
978617
774261
775858
37499
269042
50915
972628
369147
593280
769424
455310
787852
485899
943368
494003
964296
707443
984798
599661
557550
950442
86721
98815
799812
297299
495305
220215
598656
362132
779930
63484
340749
70543
355695
894601
339585
922962
867229
225085
516243
153005
196747
820447
155257
656467
314450
119553
363910
815600
235566
437813
766043
322287
52980
565855
135938
548285
302422
734594
910417
598704
314431
767519
669247
186478
178472
525185
109440
562053
750270
142035
715059
463369
478834
870316
119836
793285
506221
483746
125237
741787
437911
891280
64075
490892
973487
716365
555529
792262
450960
465947
390966
765391
233466
60214
468221
928290
585399
577661
490343
852021
719697
205402
315390
198531
592070
435226
508168
614643
435324
149758
356431
389588
557390
936858
396832
530878
653223
952361
839492
620535
934660
230458
902278
684478
807024
370499
612768
908775
948161
103112
760796
184210
824866
592538
899093
933289
27764
923614
547932
979441
73372
904363
369029
630762
357573
282213
677992
527149
750926
517484
147684
685587
747943
49963
370065
71319
420462
499186
980095
884975
602298
257243
69185
427164
849782
484631
360453
393898
408245
908386
889691
481617
329101
775072
112379
686675
57285
790372
730176
808212
824208
877860
10151
88503
927823
896568
159823
864638
395754
656270
265965
998052
913513
851503
941569
279647
336134
302022
189898
744379
726760
79589
742348
572214
371014
854727
775241
944651
161451
505417
269215
985660
383277
279366
74163
827453
175935
750338
208443
88041
406608
474408
86094
836474
325911
544015
116121
662045
362389
822371
922776
89150
418313
665124
177716
789327
36204
952957
733978
714007
458374
519546
216019
358003
798912
290183
185456
491199
556873
393899
95593
963482
868308
181687
316308
710571
725702
948781
372617
604443
771153
811745
693593
189466
993222
871309
495145
29426
340618
745475
743433
798992
265021
959453
156996
580286
765988
858804
587837
839213
769056
683430
319047
637364
381469
635355
347935
623523
584137
236904
227967
355290
565002
437912
61108
558224
825574
72605
587650
166192
334432
847435
481537
599454
323240
154885
696092
605580
13689
800281
444794
782745
64
763841
936461
897885
399197
800749
521409
983334
554005
265728
854976
119007
219992
432436
677231
45566
505041
264881
211759
355825
628669
209648
471631
951909
364533
167723
73842
378222
484357
518636
677320
773
282477
613781
898658
198026
414530
936419
181360
968536
202147
552688
87543
422140
501476
764775
984058
522869
546008
712169
878695
691029
921817
350326
159291
286350
34402
233133
180925
518759
751769
858245
519532
550598
472026
934542
748625
402909
870962
929985
887797
589461
999026
975340
527953
500502
256467
512012
23372
318828
740533
902067
526209
662351
252393
685500
465053
286795
918633
162330
321906
186754
20575
357790
737353
8954
292333
485978
928215
163295
932315
816012
752756
447693
791352
280710
948196
564172
309074
487920
399352
49607
389987
925561
711958
158732
611062
693364
961880
46047
855694
800138
232802
392622
157929
970155
401576
966614
972485
329791
646261
421152
145803
399017
868846
453507
196079
817042
534031
505153
304962
933383
554761
211301
858945
783071
886385
986359
992787
364617
32406
848482
164756
781560
241104
839037
268067
159032
322003
240552
5175
968264
661705
150978
367281
530551
120837
79713
863945
171221
584866
685259
104604
655979
412912
479901
955403
299297
982612
948190
180267
15019
796672
861375
312931
554128
216764
580999
713160
538767
821551
718335
507031
999608
385665
390664
530159
22855
470377
910456
194076
571596
595715
815032
743927
8627
811286
699330
824277
793898
647521
4544
325269
960545
382271
638201
514674
599035
219200
744186
137802
557103
462522
161185
556712
364539
551849
603223
903746
538579
513680
614174
626527
109395
429207
370454
634375
756845
69785
458652
550743
233658
979548
392365
194203
361819
546918
708877
960854
766118
453064
615008
839573
431938
776193
396285
312829
844394
999509
216576
382973
29541
347102
9500
655288
776309
896307
289663
49506
482444
264667
600250
716102
760567
508967
910305
638738
55885
135535
115944
338355
104951
730952
177928
536889
507145
574214
366070
867892
90075
98998
250865
635968
446101
776718
291256
738762
189377
580920
788269
671821
361939
904871
387923
122507
413838
814580
277597
469723
950115
393542
324430
55066
124494
502358
108307
147992
592924
474378
15884
199351
573376
783101
835319
535829
559819
126576
274592
265548
223848
62861
937369
585787
967732
325292
224646
897922
139873
502244
367645
606340
895786
208427
661407
536632
710785
286066
684624
303710
276796
216860
503061
366525
999962
338381
902354
76133
981309
176946
341682
205157
239807
279051
307296
723891
120696
48295
621813
776921
66891
505810
383261
479029
714237
561020
15661
941375
363439
216638
245085
640235
433498
264498
6760
949812
119231
909115
542298
100540
86061
400332
822049
842221
679383
645698
82464
316431
693993
704278
93352
760884
726440
992966
239913
440678
70338
771926
382053
433777
988564
143490
74013
938415
924340
80773
404579
43572
506240
946877
660464
108654
347209
998866
950875
542945
644564
549691
375728
338557
253969
985433
615793
980410
978399
855706
937440
565089
143984
835845
998867
132549
979335
589232
587316
420027
186357
508247
979951
692598
455125
640416
801252
318686
155634
268479
377983
800198
818170
753712
655107
588492
739145
270900
85254
233896
642958
22694
798985
786942
374891
314204
435843
354226
903436
539511
290605
606146
47759
270557
298744
19236
427325
99996
337922
582959
884827
715906
899509
219349
469618
554616
807841
725115
341868
893095
959011
501178
432141
757996
288120
323384
588553
240316
193962
491989
779827
484568
98135
343938
755125
913231
363174
182450
529579
701097
281761
414406
933355
181270
633756
919325
252238
957949
644440
594106
367397
603451
95284
315890
877799
899756
639275
466352
656424
833237
474694
952604
317805
89181
296542
589282
2413
659717
771732
48344
360814
53493
979103
810521
751115
129211
729846
3353
87160
374286
113811
454557
494089
725447
286800
371888
141556
926075
354593
797980
275664
345639
750584
593470
434820
47127
182752
953585
706844
470837
518282
584010
40682
497385
394531
791798
626596
640729
795151
713756
15015
425315
684666
25456
150762
487818
913696
292318
413893
268289
90299
689557
613928
357235
799379
565101
404362
498484
35038
627558
969321
553320
211568
10003
50705
122451
318153
193653
763180
629657
907410
294547
54972
108428
320003
205734
596246
233700
14405
526491
18341
621056
732400
148622
978291
48132
230075
899006
546616
265113
526564
32289
818434
254485
558644
385491
893288
876798
579145
656469
22807
2907
467368
77779
627687
787372
283513
740285
537424
297918
266776
72117
918974
515528
220739
413618
563660
450814
312624
626628
232280
355540
175269
50714
610025
733914
952557
19666
127064
531702
676135
149871
50961
659855
744002
678648
963579
27515
418933
501003
841786
202061
573121
277112
233942
310212
690730
313954
277379
3354
456935
509659
875247
632204
76725
485272
882470
29282
504938
525886
77337
697425
192109
128298
357281
936111
323299
320860
479979
258584
338216
321765
976998
427689
598877
210940
254253
805960
524894
531632
325666
981829
41291
200913
130386
118016
202538
12856
147299
223828
538743
740988
921254
730852
869286
794887
183316
708937
632099
663295
967522
486667
985060
944520
914356
100289
671812
684962
906249
713058
216594
748268
694888
257886
949181
341626
892254
151719
354482
555905
375548
409577
296893
813154
656782
682532
124393
840098
391469
756492
503393
358991
759512
4805
819863
190220
105094
491675
875182
527696
721086
91777
792316
932326
866015
741497
273952
758269
409569
628434
314175
301469
554364
611068
114623
211146
293600
239016
567596
201422
511860
587341
76765
271372
592146
896629
461593
213592
904656
853127
257640
625742
944904
49956
74420
810919
307806
348372
85541
717375
493159
399716
535196
47523
527136
649819
775021
337089
405187
342617
538511
433399
446310
131628
221124
38456
544609
199069
252048
449266
52196
26041
591360
997101
75997
665781
324372
383803
530505
409913
617530
23664
325981
152726
587539
369470
318897
362560
222911
240436
221529
277774
673836
667839
409402
894960
222647
954012
94029
474696
919630
662577
500737
510990
659678
93086
693123
500403
993242
223629
426668
127124
763645
269002
279851
351185
638472
115100
230097
861383
355537
451627
139157
29373
635818
64911
440685
858466
18923
51066
849514
938553
713643
866603
965896
889674
476041
659019
906429
469283
399000
333097
596408
678998
118451
392611
30183
756923
507711
260280
134658
379600
228259
790167
925325
380430
855079
366010
755248
874002
933428
604762
328908
647072
987717
294804
53098
980110
470175
959527
449394
385528
808976
562154
64526
927428
471117
611061
200703
495180
871341
851714
874781
615953
641881
800106
996383
13312
682469
267983
403667
615897
389097
732575
779321
376814
543731
832419
356924
13906
308298
322670
915786
633627
401176
980312
561055
388645
591373
278110
883826
979067
129824
274959
111372
288058
591417
107755
817722
273886
892090
221389
406136
281187
470316
185457
658001
14047
534229
531277
544306
358879
370300
460092
992506
287828
956757
69913
676474
548130
864376
76652
43549
994200
351611
154921
798610
943028
779028
616333
733267
671118
354074
139403
952305
824391
841212
126658
354790
891793
174288
415448
767025
60940
875541
275883
348768
348650
862149
25242
413132
726525
618246
456682
237077
969857
127955
35688
429238
906984
168373
162505
578102
522447
818260
46760
863190
175824
689770
217981
67618
864058
633429
350995
924998
25322
626878
790119
890324
489027
331713
303457
731904
949960
276491
968982
919817
404446
521022
865407
311430
689395
27912
405885
728194
362524
968997
591385
538349
658767
325718
122319
522826
475499
473314
964176
17174
616544
754295
907498
105572
86009
727307
837476
552321
3798
322810
472138
408245
360184
337546
236027
565931
881810
158264
294126
244335
127261
401863
299036
302381
727581
421355
341559
719432
411021
305735
252958
27565
576383
160457
133137
178744
887764
486966
731065
407915
326128
719555
816160
686313
573453
568539
252244
971616
726804
62722
732303
370417
464585
31339
672798
708518
969046
14357
944303
380067
836445
197261
407632
929180
357718
57122
107924
761835
60440
355341
169750
902920
591248
502262
589233
681054
70801
357830
652670
313957
936904
384973
684375
401490
416312
873525
626360
901710
404235
570663
281777
240680
284277
205761
686212
641995
779235
310488
920182
839675
665829
606284
742596
773429
108546
848181
454483
695700
722363
107153
9657
659268
8478
694032
577110
941142
83910
719822
842852
488145
806838
124629
245177
91115
846743
931389
249462
625978
241877
169645
982006
424058
292281
724602
197487
917180
89135
168323
612880
327851
791828
622537
503471
800307
832922
80581
741449
916832
316755
584302
404977
123593
225283
650154
214708
588378
97895
980523
214357
339772
666520
196363
280182
958801
437317
994021
875981
42804
162344
488861
370655
954173
627751
874126
270832
460673
471059
12281
893857
787815
112935
815186
427760
854571
465340
642469
959301
79587
622992
173658
419359
289512
886373
215893
764665
840042
209914
640647
882847
888611
645860
253502
359136
273611
643981
629968
250636
631392
158601
660845
419207
787889
476031
846968
158812
457723
5789
118113
537310
145133
808124
473021
950997
694497
688914
715662
534540
415181
872661
933739
820144
34874
703593
179280
308485
347574
325600
75474
495319
553
252671
914526
788442
728703
277846
947254
186426
799987
581720
240089
945120
389844
229462
412469
600693
434729
644484
651585
849910
517145
585324
670054
552019
288918
365686
376857
152844
691286
968683
648163
691839
221354
79042
996634
466409
873240
460240
169188
673228
41960
409277
134700
948156
638739
547170
548850
589820
708006
716787
439730
741503
302112
626136
293523
107382
508174
186732
776578
715812
671767
941094
924004
409473
20136
920638
875883
893376
897230
45071
82956
939191
970700
217657
403699
125791
281179
468901
715612
989185
185689
155342
730688
4153
297831
540563
627887
322357
243647
404465
38170
431766
345559
962174
841240
882047
399164
717123
291776
296394
278546
374732
751937
249246
108741
155637
375037
906272
624538
90649
411809
326579
762344
658850
330732
576527
199413
958619
898884
959413
879437
937054
391179
224996
415580
748771
623396
814744
465894
915172
627491
260792
289904
379428
510038
914998
51417
885076
821270
675956
492077
233080
518887
770773
408282
849620
347300
124047
324591
246185
83460
204028
699591
990992
945377
631524
739763
568773
962620
722010
483945
590111
982802
290201
969540
9193
205199
537309
410621
542822
213265
902698
292254
248505
673472
700536
98125
537124
824583
939068
299661
424396
143097
999253
415388
88474
147129
671503
173599
109749
909865
657544
699861
409020
464097
185753
418213
669297
723062
828834
728471
452680
731532
537077
701185
921356
237613
315662
458481
578548
254730
274494
2944
397827
273747
934684
2653
937228
122540
176252
46978
32405
350148
746839
441425
814246
448944
859638
999895
688358
204824
244718
657390
452709
781795
358575
374065
19408
190589
348898
114308
445320
623393
117253
359499
413492
568289
878505
350721
690829
571109
914051
239587
921258
177242
681012
251856
626186
57003
251751
830896
261827
496469
488287
714536
278264
846862
604954
814024
37452
470204
928332
999124
93597
561937
874975
23442
646579
753480
890515
337408
324590
804566
93347
762200
981808
774360
14056
124346
347715
782159
955242
125894
278628
443529
356783
73244
806744
478089
403620
360548
948293
331952
359672
558243
410242
750999
581685
573173
504480
988552
910581
345422
309470
3929
107622
291278
294641
121678
931976
158708
420189
887218
284602
698817
847100
641385
288413
653844
635826
692033
14392
584120
540337
890416
142363
950579
641415
240400
40104
145895
745304
950686
7669
54774
470967
115291
346052
281960
753321
794380
440668
173510
681598
241622
388679
528698
399360
677092
182542
35186
369125
713286
619306
909463
603702
278021
376394
761470
34773
416499
907365
780077
883537
431387
834851
870856
546678
697255
669168
816352
491635
626188
989862
689586
384162
894894
734636
783522
571986
433531
335061
457464
146817
470719
883279
266872
748741
259673
28342
299866
192524
452059
79944
592413
883446
431147
979621
430125
644755
648789
762829
652742
791329
269043
342328
175492
163937
76965
959014
252276
510496
810427
709740
173665
281147
593019
440537
546240
369044
985231
846106
77921
437291
442402
670334
320737
389902
649956
267214
34657
815097
546395
687399
606427
815439
546080
781919
979376
623045
257285
748004
649893
67713
457744
339910
865212
567115
780448
411452
936160
282031
773910
14081
719322
216313
200767
556412
122567
367075
339978
157224
182173
886374
360975
304952
701813
907055
603223
197541
530100
376860
945546
696345
960925
403290
36256
826137
970406
333056
237589
422918
615087
527852
953351
850762
260517
154118
407174
383084
521194
747152
540308
219719
149878
901283
41023
851691
808339
644246
565585
854791
21106
511131
67489
982032
430773
103745
808169
917531
953153
562111
856801
568240
606315
810152
935354
866832
964271
342528
249916
1817
606033
306576
737888
755911
724211
778911
123955
48902
423157
689540
420046
960615
717023
487535
942647
664148
591280
267169
98032
60785
345632
954833
629025
951947
764986
564380
818779
245609
423260
585047
247426
545645
407975
985314
301557
132186
280577
941864
181089
703734
147756
601135
664349
381131
605022
123349
45279
712654
906870
143311
773439
252502
614497
918816
720801
379483
483196
55932
141444
422809
640979
388870
968454
48954
890536
786363
697492
171113
244579
394933
391199
392335
512420
571900
289818
117442
695249
335098
830096
602119
994761
603535
370973
609258
522352
91774
505093
521900
147706
646537
461061
305037
551759
429516
353991
958647
732231
567836
646112
976811
962769
37311
885498
991542
125564
175317
108984
820813
26767
455433
939285
537880
575320
310258
663491
97672
918385
168584
135925
66091
331474
596986
371129
883233
542854
241472
358233
791438
809308
4345
768249
288430
558009
170099
279972
199925
345416
905308
20738
888535
360741
476375
942768
936062
302986
606259
550086
221371
291195
202363
287462
622669
315702
658591
22255
858556
416416
896840
649994
225724
901185
934595
30506
975546
104695
826830
175471
966463
732139
712562
371351
92880
705289
314119
545294
8275
920378
95381
229646
727925
814096
33461
350595
129798
208404
889202
504707
624820
786042
154701
366897
203579
605649
397403
179126
226696
224234
870949
193159
472725
99863
80862
565605
805153
394981
627252
813428
831711
238985
559427
559637
53081
592888
426584
182880
801292
315786
687587
942465
618180
358640
309362
821759
964289
223117
517237
707337
963703
388187
416849
436428
4402
497711
518386
809555
409045
145638
139336
240756
384623
215115
316745
954056
324355
743329
136936
125647
575467
340875
584464
193647
699516
410178
15407
180157
633296
532644
887495
113351
437183
304344
66132
957938
318407
100870
767493
727452
246508
423181
968209
147483
154648
801306
101539
479003
544636
754828
121003
636455
95703
705467
830103
311571
115646
361862
8081
265294
894506
411928
894997
848042
232624
961129
805980
551031
61999
89825
278484
824859
29359
763045
488694
184007
564351
106586
663011
625339
377766
300366
261795
989821
5833
608250
301393
637831
970112
825826
903125
380970
237754
798123
745364
470378
275604
67696
537761
853956
673874
332597
195167
703233
95642
200214
403592
176346
306800
582955
318037
200918
883321
96184
190739
889155
704434
8484
526986
190898
834310
946464
88221
72064
260939
833585
58794
536543
901282
112908
906851
91508
445505
102019
794741
57500
302233
714685
233846
125385
297641
68235
326303
697314
164420
517042
102821
385206
525527
146160
92457
876189
92624
180678
464606
353563
14263
523400
406458
431897
636308
829662
523405
598166
448033
834498
655666
750266
549184
889512
392003
363177
474099
718306
60491
638519
751700
163313
540078
793579
825825
632535
669769
918449
813213
134375
788364
343828
174127
711174
775726
326788
540836
815483
924954
988869
166334
580620
255487
231870
986484
163842
595047
460583
398500
171890
615455
150201
851555
155533
460132
677380
788068
129901
112181
601281
780628
900545
945109
954756
128072
237187
797896
185260
569023
722850
174130
735357
819822
945969
967227
322658
109812
78626
783241
508312
250516
398696
174865
618424
70581
634998
295804
858649
281251
407986
976282
61880
824883
437744
532988
952955
674931
330884
138216
760306
53734
828698
495663
389908
291019
462890
712566
400831
541516
495807
425496
308385
410856
116713
926809
997789
751711
738965
372791
549315
146951
349073
611195
488187
786817
144183
441142
978101
475067
95710
254759
45153
924408
750423
435061
215428
729665
663979
132611
787534
676138
74459
612271
86994
191173
539080
601136
459236
278045
973927
8551
941349
323000
136098
429536
626170
796633
387030
120623
788052
482741
375382
349557
923501
125805
784618
655281
371823
964949
304245
159357
641088
378704
287980
244434
86229
827060
845570
61818
621457
819497
586721
79158
658850
239172
25046
285020
35805
412077
921995
823858
411170
297377
173415
334671
939535
474386
506305
311358
439335
810550
987067
596775
705606
275047
841210
308188
618459
686780
370006
756268
22630
473079
835427
681480
712251
860473
482852
264409
788902
921199
88267
200072
218576
778034
51096
674463
768772
557401
985821
724460
367951
489240
321235
589909
280639
162445
898097
415450
365578
784455
171719
904560
257535
523498
102392
486138
900323
101596
750547
689226
22795
355166
889298
241371
649553
456746
915835
418325
14147
418008
142785
898450
423601
980373
488360
220592
659170
902809
636043
541100
687265
324114
445660
944800
847612
548052
430938
747935
166000
697838
437161
188795
53004
842812
430167
702557
815910
862354
637235
346410
280362
296372
244860
220315
276745
249572
440908
452268
668734
76951
993368
355999
917417
955381
817151
765029
19785
248089
29316
185786
462279
982830
374581
515284
341994
804748
734193
157904
183454
371428
504314
980169
184153
265527
200484
460898
31451
641392
913166
700185
234695
422887
56184
152112
378268
873335
433493
398053
637777
462810
583839
616408
961992
958421
131692
303986
279521
382238
461890
979328
270018
482557
959497
454171
264436
159981
915070
295887
317726
344588
512425
552421
767475
84961
220886
662095
474649
654379
60149
628778
633541
160340
245186
595533
635113
893231
899519
430987
275469
877762
410315
545487
876671
369812
516011
141107
46145
947433
953346
363871
292021
465771
432645
575849
550733
653531
754296
541734
824262
814445
170512
457804
491138
415698
569689
126251
825281
985561
557238
100750
863323
967553
162590
739994
337365
678601
397453
383511
626034
350799
263734
434407
816571
696379
526608
883656
866262
280905
425390
690525
95350
112254
664681
102840
527952
234370
229092
353234
219931
302682
970336
599606
270236
649278
855952
123953
327879
253405
23816
470265
604205
287551
904673
420776
500282
431281
820784
366545
712186
246174
573422
323889
358428
238103
426729
402732
988825
172173
272318
725109
474856
759007
841067
261444
408285
697020
385397
736165
950425
925566
722782
554630
729469
627455
491758
229751
575089
312542
112648
287275
75068
686070
127516
949848
440525
554246
352581
945703
242771
141251
187164
717627
900258
28231
979071
308544
241603
880821
561061
192029
322739
283843
263011
52208
427651
271122
798311
2740
100016
910960
806367
175085
113382
933884
124933
70260
4482
993866
532315
247253
651470
719479
481233
551728
264062
976656
376624
505666
373829
454037
214047
696568
254233
477058
748776
681884
264532
547088
200976
364549
974400
7343
55986
604134
457579
697271
674394
462061
691138
206709
225667
342608
442540
223252
410688
706603
716260
303665
728621
90090
757702
942668
786658
528287
419726
51787
210171
200611
115227
411147
565160
89627
934843
621146
693761
392422
834769
884508
370836
525907
607569
112855
384867
566462
852459
311908
789417
568719
131925
518038
658809
889627
460706
961820
934267
396784
13607
144438
597395
128834
71938
162555
734813
523133
300053
428574
915555
134823
829434
802743
177082
953356
915598
78302
519818
768057
906562
309235
336777
38487
827273
511938
444466
287979
473758
378733
684763
487365
39524
798511
616199
111462
961066
351012
634595
777472
295939
66502
428647
641725
869246
122081
595081
301196
200383
631251
585606
623297
940486
438735
661784
284111
950673
106251
88442
940784
1336
289558
428149
40860
88069
560701
152322
49135
428065
303269
342959
240356
886124
287958
398434
271722
410040
509867
572918
126775
141119
674876
750073
597957
113611
928209
882069
580637
34460
486863
37773
552149
776421
465922
593009
864490
542975
261684
429978
487393
564953
772937
244101
967429
577248
158887
239151
987288
668755
328422
630415
809874
3298
896840
924183
633262
825050
322604
730251
375862
809468
768024
928011
585889
750298
521021
450380
809626
299057
880358
813371
380362
169647
57472
347792
263247
216360
586943
766887
401467
431717
397303
727693
951368
294143
651876
100982
635545
974481
831233
11408
783949
115609
455771
886190
865907
493144
336570
191885
792201
733280
5256
172564
419280
579081
520356
682527
311793
623651
449415
713260
571721
363070
440953
523089
173565
92829
624071
809111
583662
971656
336871
883963
87265
792642
770154
469524
802139
106724
661410
594340
356357
666666
283256
291989
245747
319964
974516
73892
943616
940283
787152
31689
303353
744457
554778
476919
353639
695201
802382
937301
183209
139253
821265
270474
448247
591419
256350
250386
214495
917760
361079
87204
100779
644335
379193
862878
964300
870062
936771
424268
810345
723923
972309
113699
468381
527087
106970
338372
738640
909352
275673
921849
48605
613290
708675
13204
721061
965025
779943
451909
399138
141022
539113
499917
301709
434659
362795
782361
304721
299566
722981
115066
539842
695290
745117
524575
738729
852087
862947
477369
277791
654972
915570
842748
268263
624245
855953
989324
105623
635896
957585
504761
293270
13051
4678
594979
447710
367473
377341
752431
183392
616674
383849
239586
311965
128967
764161
50694
497406
143460
44416
775198
798432
959986
617946
66695
100584
990251
572372
206207
626147
46309
710968
919417
59360
231998
30749
507070
115823
924442
775853
299215
541116
159703
55153
853081
805022
819314
903776
302428
962774
464544
593978
277559
424530
728277
860606
525114
718528
949330
247673
344676
995640
958641
780445
55000
706991
327546
562071
822815
768340
337924
638382
309457
13979
693536
678890
819001
29202
99018
637782
508329
563562
231760
785888
988093
960037
646494
29559
678566
595825
277233
539594
591465
752226
836391
646465
459218
680290
724888
798385
448630
579165
953119
758087
593144
646655
953330
928498
192210
52348
566280
700539
615911
798040
486427
120356
274430
132921
149915
469348
245098
943500
8942
836563
695727
361685
999381
671297
41975
724269
469682
6958
303434
422801
281397
412931
585809
234727
341429
778019
287076
907709
478558
419339
222101
964985
539695
496531
614258
205962
965879
859357
149463
491173
212272
845190
369211
211653
32839
927538
935923
502521
934496
755709
441674
215894
684992
27483
450621
542773
805502
254049
450482
800412
189740
188936
281749
729435
201819
896008
451750
684051
271717
117565
691576
483989
962755
60787
695643
995594
988326
147918
14467
439174
419979
456141
655068
104972
483625
622042
647745
805479
876091
614580
605892
65832
319868
887641
311619
521687
300001
279721
722090
571718
397286
413667
55708
876393
474454
267703
388339
979132
415621
402806
418307
835600
375300
589727
456924
375277
211769
621022
697108
604213
235602
819352
186397
555470
706994
14368
593509
523347
294090
315600
611418
207728
729267
183478
84122
720073
451181
988813
215558
383154
907972
633865
218754
283272
223592
192031
174901
951714
813053
872009
555927
565007
691362
258676
120477
914708
273044
230338
954407
83486
545938
565825
291215
791557
749303
891689
27983
200484
880502
243541
583638
304826
393758
318745
588098
617350
27128
279351
85416
840181
151361
157695
921540
359075
416371
558369
790135
689416
788707
744542
772902
850998
310368
580469
642555
59671
472158
670538
776508
869013
914079
876498
173839
307837
711595
278290
441540
738723
557641
43308
95256
225354
201004
16796
100781
617375
575165
890916
823143
880225
635459
596046
731223
945827
176515
890130
521850
165026
560669
298358
34039
991100
691209
207878
815290
402804
2520
773182
657880
560162
816490
269488
301868
533846
802637
402650
151222
894154
293566
974365
774379
445377
86763
505602
391204
779631
912085
429407
944657
472754
727765
495048
980206
935326
219278
311848
854483
221799
601382
28715
781961
934225
298203
600181
468071
100840
2831
135645
994995
812750
626363
285726
258127
229478
307681
165684
9109
219766
595091
470118
208872
839208
965166
705430
290887
700797
17279
145370
922596
618661
174085
220909
69238
472288
821090
537310
89481
340274
189307
600828
669376
815670
886554
443855
45149
710587
609539
570610
930353
720982
557081
655577
560191
522247
361008
367430
223044
894639
512800
661992
29652
686885
882901
98891
675525
220344
636201
281358
560618
825508
398538
746346
157531
801445
190201
719032
512032
316093
289642
958738
37075
363075
614315
113618
885323
491675
481048
624719
386314
993848
803064
415967
197085
685965
514858
388963
906309
667411
186673
983279
9271
585212
729625
166802
386657
436179
402186
415041
752272
208181
373779
305699
571256
988095
419318
972931
479770
416718
114003
382437
410567
917067
798404
124004
119384
829614
29319
542046
497025
215993
525325
506296
801205
771303
189451
704214
723834
591637
119255
476106
799818
493035
781805
371075
997482
717475
344006
993604
134194
458009
376041
61113
375076
690797
701469
10813
520411
730789
552859
17436
946782
78184
40085
264339
365839
229536
484905
89673
821173
604160
82131
137344
613547
380289
24771
127381
97764
368777
120986
748310
343139
13379
809423
234567
704177
510893
245380
740940
241682
798239
758377
704816
392776
798462
485507
274967
544350
970412
364641
881875
90924
963124
19219
220824
859765
560342
348205
957530
445472
985543
222192
788611
515275
31616
539530
735804
58861
301263
476744
300543
99502
235121
521711
8630
549935
523570
283598
610637
493982
164591
492513
101258
127715
28084
322082
987481
588427
186640
461363
33899
688535
683555
338862
203810
231523
878392
939614
290384
179655
416359
107279
795510
167832
145342
804140
234120
668912
87738
844757
679246
768681
853622
780505
412749
881707
618939
916582
986486
805579
377945
20385
494115
577852
875599
214277
325728
753991
153892
616112
449999
86603
239744
245509
770787
385086
566001
521259
570351
170092
882369
249597
938773
735991
546454
351522
134050
165394
268104
120536
487325
162401
657273
497792
256606
532872
712070
98686
803216
382314
714798
769567
985269
470894
15076
756056
372333
97429
793668
942684
267521
676037
192281
722647
412028
738736
74169
62431
904130
858626
182967
907807
537379
356593
405600
310337
405817
634022
409023
209033
16336
640174
978600
1605
111068
510028
274013
483401
607458
67681
942437
391331
260070
134719
113978
188451
389807
704500
250882
810289
79478
950201
718096
133209
306794
123696
443547
712612
757718
368922
437997
290406
9096
932950
808363
636517
959330
82377
636270
83140
666410
578708
474472
926481
229779
104802
631284
619586
809302
882166
429875
888780
832367
147971
21990
655514
788020
981889
884478
62090
350811
838827
868849
876260
771777
677212
512777
247460
275941
665399
330600
942352
244107
321424
385185
473886
426227
532821
609824
751881
414987
39699
157014
763706
704023
695356
419220
8395
677245
820050
586837
544408
658878
455686
420668
947007
132899
449797
194467
925192
115197
525068
383896
875656
846492
769081
865895
789071
301902
475719
540953
233241
31771
697967
996948
735794
393323
932520
260541
586920
752571
847378
131328
411449
303065
551997
358456
952316
518146
552924
877508
149695
594344
261405
25352
440836
546838
891247
229908
365093
883318
287213
598334
915089
985180
111634
167235
378503
44155
427776
965423
313078
791507
613103
724527
94572
681452
599335
563240
199599
668611
440748
349294
262955
218505
890998
220144
765344
298597
966404
130437
181916
253617
245123
613357
238797
356758
296945
133652
917265
241073
615427
230343
32580
228530
471222
643504
909983
70557
206744
625934
739169
163845
975228
518476
382350
382579
738620
147694
681176
705024
794483
863092
958641
555959
992802
713790
429069
289747
363794
346334
530820
979221
93029
79753
724104
564251
723257
150439
151160
446354
776373
406681
610199
267953
925158
508901
650532
180130
656596
331709
885155
967431
711153
360148
523390
703955
590291
952459
510054
954085
815145
557227
449659
908174
636980
173763
988777
876589
840554
656290
322943
133279
62971
449494
401232
504481
958396
568117
684612
131344
416178
86119
615127
643683
446267
138518
863991
36558
607329
374045
506996
422475
931272
473007
847001
84604
163122
352131
961194
3676
8421
800489
136955
587744
249984
54539
608578
724732
622656
809542
856076
38834
895661
471203
682518
341928
126073
546509
894839
733403
436906
918187
672230
884531
391194
35583
969135
554316
387714
446681
74344
912487
247171
211299
16584
13507
265838
141514
738239
404847
951056
110667
443681
846717
98222
642551
704997
224296
705412
116188
474051
658671
34375
662633
543202
941921
698216
28689
496237
602283
475371
86933
514770
238894
298232
47706
252401
80423
189220
506992
485270
140276
134011
445303
986993
232233
87855
208343
972881
309619
324531
446932
968290
358907
109565
27844
817180
324134
56534
829770
926417
48257
916703
957539
803503
214936
5246
572256
295359
710818
79248
780629
851095
729611
742284
354440
961844
346491
79135
934726
656111
403667
898010
140753
278926
523928
684950
96106
364414
257836
925876
290831
306093
842580
248370
109596
573868
769968
681852
385579
480787
277452
682560
848234
7063
424844
719026
485259
771336
314514
936337
943799
718181
350700
84552
997107
390980
769502
609565
755394
543690
535442
562577
849783
894374
810947
475731
984594
97268
673935
370173
94407
467739
52733
458993
991154
477577
694371
992766
765265
8885
929103
709064
727066
796155
793617
240525
187135
79471
850091
942529
623162
901885
505106
989297
312611
832406
981381
297205
446026
171668
667378
540433
155760
236463
515778
146914
230392
210149
139680
995658
735387
585136
704722
978805
381291
14691
219331
568427
610515
585774
27308
750029
4011
48767
255678
316622
397525
237059
130179
843551
925080
797557
900336
80840
550372
932466
227754
780764
658967
883787
776422
394354
468923
997497
373160
366566
12188
592491
934993
622703
694617
478654
372732
698628
43773
628411
531602
441298
381822
661781
801201
306902
975690
701537
387742
526062
150355
131849
823178
809322
15636
599601
203677
911
597098
576837
367477
125638
685680
818823
748342
896649
297477
637426
595277
341250
782189
643231
298900
164012
305012
100101
987266
797054
317990
891361
839468
468345
23210
662646
277667
555198
778599
997696
556109
892049
574533
439938
17688
776565
258761
282382
673214
72590
919808
784843
413840
701998
428074
229092
382362
249438
329193
885980
562844
647183
777341
402312
631880
316903
64959
425900
872101
359910
423596
944562
251960
514482
384501
269648
291047
159614
552030
480614
232205
471838
265457
162397
690188
209884
391490
588902
459322
237035
474883
22167
400571
768576
940831
32451
85480
522142
458351
473933
882053
398300
418496
134013
912782
319349
403661
720181
478963
955691
200795
711168
943881
982605
389918
150422
192489
781408
255676
168163
18443
730559
706682
419014
499136
647514
967818
100968
169656
942521
574901
51709
340821
993397
185722
253603
829098
105735
973785
308062
577778
690932
535582
521660
673537
925500
188434
382378
223260
444110
66894
758056
691022
773576
693422
706510
421090
177592
807478
107099
120114
382379
158808
460935
892129
860883
714539
721227
966618
204676
29289
544397
411960
81224
582409
601850
523076
287195
984228
746337
731305
51122
20745
422327
341051
714167
645189
762141
408112
452667
385592
528226
835047
60753
989161
727176
921636
220052
448403
404606
941080
994045
465355
353041
75269
564116
954891
598345
851311
455471
861034
98969
506594
881779
37648
847645
112299
682838
126138
520411
135505
511731
48637
486904
88836
554150
214080
10472
774203
178836
931430
715283
172881
913138
584676
764502
993606
539567
362847
844918
995039
223882
460239
17985
622013
14239
381982
250664
697077
508120
771075
348935
536203
336064
835839
625039
890215
566272
151863
180770
261460
599646
412405
434341
512784
997082
198843
506390
53001
78042
867660
48040
818276
844251
582377
440290
858491
964359
690954
71920
988832
978382
420855
41387
314446
773047
666427
721013
855671
334642
901783
117131
934288
830541
551472
963424
827623
266667
986167
880624
861061
853827
445017
679338
214431
27394
635980
72922
508106
843286
144842
496938
821668
82050
538325
652467
855097
721104
889832
227120
572099
791616
344251
22739
138509
412075
986164
966132
195094
972331
363108
56155
342510
808125
251845
556941
835520
887825
146215
859978
247464
291058
356916
69132
373108
411593
237951
744557
132698
127784
488029
221149
435752
832280
243888
574261
244355
746404
56745
955801
718735
419853
11956
577598
227979
263802
650891
579851
667979
797107
439829
915443
88165
313097
500928
977625
724690
738879
238534
373740
383015
726563
594889
335119
75195
355130
425732
835902
101534
482477
791703
820270
902331
320011
914220
646662
100165
565111
226513
768145
878570
182694
199940
483087
495791
700868
977064
220481
956100
215598
110574
855467
458513
705463
190587
533708
60593
616319
369610
162128
98797
677665
498750
517480
997677
929322
164142
97842
10785
907007
382339
889356
89701
582280
372443
585492
283148
349508
322325
755600
81458
432899
611068
539972
654715
318007
590032
231660
934326
475995
910140
549475
153660
925242
583307
151337
854564
747449
765532
381702
170808
147871
271058
260509
730151
159853
362353
529652
25713
201031
801604
107172
150282
929024
163496
804997
247031
753528
553010
697710
229523
463150
763537
899536
904745
346845
567225
275661
610646
332757
657363
781455
996981
444773
558316
727132
604627
920670
773136
630340
638053
91093
253864
788335
20117
417360
109685
267149
687241
179047
481211
433116
158549
244748
332652
63294
591593
416230
338956
202240
748987
512671
500047
745968
957445
58363
989453
78424
495385
278941
225116
649790
370034
995333
438126
390152
412693
64163
173653
616286
243210
654864
49403
401759
899612
898407
981406
7558
314637
836714
726150
579977
349385
226197
842297
823182
800912
348102
417958
296298
627044
643075
946088
513430
638408
900566
419934
567453
481081
593587
700092
724291
248451
749495
642403
664416
164254
623809
671974
478892
460523
398124
575221
326260
140673
417518
149443
941585
765621
567401
754235
909017
726828
216676
422447
881588
633594
842382
965394
114676
952321
665486
355319
717125
931333
997722
381541
95587
137883
569867
90831
598406
484343
666052
441019
141368
599923
590462
82953
881896
674215
353541
790913
917396
86569
729712
798984
720163
88446
764378
351191
40768
946216
706511
274245
877549
220585
655786
973137
358469
742005
63968
473227
742700
246373
430598
884068
846296
21060
483373
728192
211628
353266
35457
129024
439835
281521
444360
676351
369968
725091
27542
927088
671307
250405
201333
548857
987343
373471
38346
862164
631828
618666
851743
374528
865039
282342
258596
227687
819754
741969
472231
31382
95236
507688
676758
51423
305562
637471
727774
675530
362562
271669
602618
550221
38426
320303
615430
25769
693774
653776
887933
325602
272443
256029
216482
653834
538371
475078
881522
358125
733399
353753
905860
344987
377794
582618
396411
683356
220089
640537
875238
99003
912206
994208
165577
950633
314511
781007
492754
524637
434784
897040
366591
223579
153069
583073
877413
691440
574503
275287
49565
824254
629041
471777
169242
523187
54396
82005
722895
790837
722542
114485
406193
634749
108693
571770
101734
939556
352777
110840
980545
303913
7880
863488
43844
160949
962913
921258
368741
53768
196545
934659
878022
341938
406436
47264
381477
977184
129269
620724
768022
851812
735209
690567
2913
360254
262337
620999
816162
131466
731839
313059
951732
739720
692899
995576
417021
655812
433186
302115
709580
146084
753126
103955
488022
159562
667571
385852
653099
796841
522928
421121
165005
774490
628040
684270
134744
890377
821621
467259
538195
553460
296670
489927
809532
989570
485504
742906
161734
435042
45021
387667
581126
798147
491622
585501
474061
159193
971353
127160
472386
10633
64633
153743
785123
692673
354365
436220
99402
175986
903479
637598
729447
716501
643877
538979
706071
645733
798237
384158
80776
843258
771825
661902
157757
263447
763755
148171
938992
251460
791683
411379
262094
372669
81474
47217
65342
435840
483437
681097
611826
903268
835047
341273
619770
478924
396605
842193
641010
194842
226351
721786
554453
998176
900040
228562
777975
663796
376733
716968
915256
684769
644699
177350
57438
726173
740920
639132
162013
224357
320229
290192
127626
671628
147817
263748
666905
544422
622293
307915
255617
848645
29701
326422
363173
446093
71336
141149
109889
448070
374469
541498
649191
19168
235200
706629
261693
976120
345761
423707
716830
182343
713899
360808
370323
378068
624556
37228
922491
246849
345143
694460
611846
374844
537234
975020
820938
608570
632521
447179
572992
6990
505029
222183
26158
740230
445164
287851
716350
790926
227910
949532
489621
458161
310340
859944
836230
934896
897173
275073
698098
758668
485885
309944
133513
23119
284964
470803
148041
917485
434334
721034
440827
939364
943217
983337
679594
388382
787541
912296
695660
15451
861829
701633
989965
172169
77929
342547
623418
975102
133972
321516
733771
619857
147812
383636
159328
432777
370791
307369
866614
321477
28403
307442
260841
487973
807131
456787
392707
594672
885436
604719
610124
263617
306352
116441
952138
384281
458988
575556
875736
592960
413424
125859
729169
561237
25847
888497
510366
396638
195866
893332
718115
740622
200774
495309
228595
7906
952096
621302
118930
353884
742373
729054
617501
48725
361847
569640
949358
337187
661548
341446
446499
74973
467305
175668
636210
493152
580517
662928
406142
776384
556260
124258
517006
273387
135919
261953
797645
88015
399607
916575
958252
141980
161982
575753
707057
523829
661745
656415
377369
323294
997862
823868
398267
981519
515889
550829
474672
96406
213757
880814
872790
286369
521424
906148
559756
657343
168101
873753
261711
84060
790329
219963
226040
952311
312068
933097
992492
973814
105865
369861
297108
620079
710082
211727
601598
225971
762556
76270
838729
492665
473437
227872
295386
511213
134020
855143
168557
818474
728896
946620
902534
35577
682935
644927
987888
995003
578024
496733
968817
200241
382946
265925
820320
93028
477652
421919
835351
756560
14541
674081
765577
487978
901953
60964
515544
552325
432459
200453
887151
677707
147073
306038
713285
830008
950965
217525
341363
45341
714258
310181
245583
613557
92458
65903
222937
86463
4174
58289
843023
18716
248722
608601
23046
667027
185917
538590
735704
618376
255395
622856
296083
402468
445246
525720
748828
396211
743246
90192
957904
973856
916725
203487
587413
9183
785743
810351
95646
789917
384992
938670
324985
150066
63623
864384
333445
765892
402974
69149
900620
658370
208357
713055
577190
653603
238776
842371
566166
498374
932563
524071
472230
849288
243910
575996
374823
29653
386347
470470
335923
287691
925492
177260
954109
505467
41644
287554
271359
960971
356703
688331
135693
81413
401386
712883
735016
640162
555254
817535
138536
4169
341606
127119
369809
585516
703115
744633
131522
605814
731455
983797
893505
173299
161057
363966
678766
719054
651520
466477
680025
8223
154808
815718
605988
556194
44953
341005
712709
600208
158540
367597
120729
16498
494716
6891
118366
197831
267876
766240
803645
999331
750037
213502
688982
427447
577468
367748
146501
745340
834225
826526
269916
505385
158596
875904
577931
203549
216909
290640
320109
891801
658238
440839
424651
152954
964082
543018
867138
231958
309258
187135
747641
575648
400638
436623
3095
494458
320723
149596
239799
671300
492474
509715
176685
651070
901971
754616
854619
635233
45257
174729
527034
219847
131920
468038
889153
612354
11056
756291
844312
320314
943427
108305
895962
860417
544928
415409
871227
865651
81357
627378
536951
573831
653445
229988
741253
555417
500956
595873
190650
546213
286954
234036
282412
935226
702074
171566
547580
713130
927857
908244
549797
387636
16549
962111
248053
77829
377521
635633
459832
975230
263011
513135
549062
916457
743123
290315
471874
244079
402540
178876
306645
205846
412912
589057
657424
114987
276975
721356
344469
721185
629600
410618
108821
162501
889082
873227
756682
782955
25212
216514
758185
288223
729649
307247
204680
472772
113915
192906
233204
32807
371782
539849
755006
301047
645258
412430
932386
438586
650139
276855
159771
796091
203826
784944
958593
92908
174523
231627
875863
199735
448142
634048
487959
177791
457648
208991
166916
87915
918250
400120
120722
290032
456321
875728
107431
617931
804511
39817
56517
454650
833025
216288
767093
36851
517585
242038
129759
692108
473666
521974
408196
921808
672374
412507
99599
130022
621498
782867
217937
56100
182987
855012
862485
155660
730740
969916
773592
51603
9734
830109
22605
842759
562750
789699
395962
596687
31737
42073
805147
21755
564047
213343
943563
236421
625850
559515
882796
763701
342382
100733
819801
41722
955745
198638
197382
202838
168555
487326
770793
694641
833788
793399
53752
912890
99450
449714
509577
647539
8139
314724
669295
572186
44420
612858
324959
186622
688725
724107
466675
31108
341193
286477
589182
813290
1467
302916
532480
170022
790243
303274
864663
624031
613025
918415
536921
712475
884481
562850
876366
892620
393926
545661
981158
954698
674872
306118
141321
363597
546577
607996
911057
887770
410825
500239
701061
412293
803156
233541
582315
109751
53167
963331
250134
666192
398098
303407
895019
282580
866257
771386
175200
776535
833399
156359
731234
24623
978829
872555
388221
525406
996903
815630
929529
407729
832222
146942
336374
151730
380483
435041
261481
433651
914724
511615
616195
312823
815022
511215
595403
197631
798953
286955
974166
148704
443314
705400
173328
938495
94307
77901
980254
607563
893531
909783
15292
242105
56725
868018
393835
953560
303059
655316
903563
217784
683283
519759
46959
14657
547326
642362
212288
862631
929317
702807
11335
888984
924559
184663
827479
535219
778916
807733
142782
672448
233868
674426
914553
806945
542444
824741
760506
361855
480057
664069
95991
679693
700180
142950
694350
763858
301664
422991
626489
230982
642150
154177
119966
566709
338840
463797
618280
634109
787883
761062
306557
21751
435488
737462
345049
494284
562203
105555
856140
558613
285976
468483
754658
502509
127786
965360
266367
429450
388351
409209
660432
546853
563386
296750
113563
418578
276900
731843
52687
64783
9258
875596
602886
444746
129411
464287
455383
207966
86194
311523
282931
372171
296358
37589
391032
424144
2950
173751
853595
907653
99312
30379
454507
662698
843482
84422
597629
120382
332617
166668
701517
341875
42265
820755
302974
688028
801395
758357
895994
887589
586232
178926
776112
882590
732867
167144
306735
252169
857248
676682
159823
956560
707061
130682
135611
66895
215104
733240
703629
547721
899908
921498
405949
458525
258606
708923
146553
60001
467280
558900
947590
53512
737826
723703
452454
987045
890847
275541
239215
264447
952223
915390
221008
175637
46072
356619
242532
777528
89859
946162
325249
506119
867660
247550
964645
642618
956473
627550
702619
423753
186450
650210
993617
440628
373913
446072
427674
781112
721613
183241
45560
190189
98631
782920
365826
144703
139539
124710
922231
745750
70872
763832
251869
454885
11383
732866
97503
967856
360417
316475
907962
63219
966685
417931
503848
856950
380355
447874
154414
618321
631115
716326
808510
729746
499246
174336
390801
155137
299046
313032
900887
886271
593216
152757
857508
604599
401975
471363
88808
278744
787838
513122
341964
270875
447405
845812
644177
827761
293686
314944
446082
441153
31270
254592
170899
46869
945280
561700
202006
760678
391084
102894
163301
984300
772003
537161
105252
690330
524877
710412
969075
829067
223534
311039
99943
670939
673203
260472
15052
483241
575416
461134
924394
123039
232078
95293
169908
693710
173345
371914
454389
564429
991160
134042
65081
279515
671204
170333
969846
712433
880745
938921
541500
620631
766312
157795
291571
439515
418268
306623
922756
993684
284110
363502
116723
516188
458795
802983
726251
148492
691250
180640
712921
682410
831034
294354
478278
18590
464688
448124
731023
345433
903397
272524
966065
186061
430319
773988
625576
364939
596963
64684
358624
881073
428186
991699
913614
403333
311035
639865
551825
2285
336857
781098
201047
684243
75452
679325
702834
56492
643801
950209
401926
63550
222733
884343
249611
169405
174683
391539
534344
771646
972575
409320
169072
400761
401020
599038
320446
228407
755255
388623
230692
608464
169721
431739
292707
761526
627417
511893
818018
787570
462103
736296
851121
201188
136991
617084
370593
311674
8624
904938
599673
981199
314258
768745
898313
231630
884135
218759
460037
639390
607383
690729
764206
293456
638821
573265
571334
782590
85159
905705
570160
63614
158353
421281
264802
811697
554718
635396
123371
563342
540334
239396
60893
370944
524493
475558
602575
408628
210670
578964
564370
818053
786046
328576
627861
424867
901842
715548
207457
503353
137605
293969
566967
295958
231603
831769
107655
786321
983517
747379
866015
40203
503127
443260
411148
27621
918819
530075
436249
129489
109039
516972
463894
895085
361900
608107
836304
263742
323655
560113
767095
977612
854083
850414
273571
85686
682184
897578
872007
182053
161309
254374
222257
664437
697634
633405
692058
616453
679832
644659
745942
788871
677983
726188
200309
39884
334296
36613
303626
174303
596727
587074
151916
967162
437488
941839
52848
636024
355769
441207
334430
33431
695581
556687
697868
393215
706444
906278
526021
386276
67289
788315
691499
745273
514504
891808
785157
365152
444774
605135
539455
41501
708561
207723
525015
662402
149562
577863
814778
21684
535422
149208
55115
747355
705895
752983
656922
412339
175613
182943
314967
242902
487611
6467
504527
2115
898275
289684
883619
343049
411172
423074
900902
119733
630798
942269
782135
296712
36484
596914
318396
571906
746122
373511
835613
968370
642846
492536
380709
818459
191831
695677
577714
679442
218496
82241
197909
116771
888278
81528
976173
299450
20955
393427
419183
168105
335697
717671
464817
372181
830937
783214
460440
577059
673077
296053
61781
315924
788589
442491
650735
496773
654520
228449
176215
873016
310691
890477
506139
198969
972005
998664
14771
992960
392092
950306
161065
244141
667977
142235
132674
498914
441801
593114
592326
114878
405520
654107
947154
194109
612950
597890
690882
267470
342691
383450
656838
169734
273927
679330
368703
762284
677994
899826
755245
70086
850133
432662
830579
518110
91249
963254
533377
533050
556368
125703
164281
961888
296162
111435
672350
909113
225677
879584
692935
84721
779386
866126
254455
53313
545456
139511
815598
223450
39337
87195
809889
889470
36209
640468
923933
127459
120074
457310
176861
192795
99365
341142
154683
911879
968930
343385
820992
710959
739322
30280
795680
518708
412758
50136
88374
958214
705999
420324
698016
745336
507519
507905
151159
60080
664726
75092
703891
784800
48754
397105
977595
148119
738247
648631
59998
223529
508368
397343
450841
247690
943975
762873
282751
356733
329361
371125
831299
35360
791449
529315
297049
815320
553573
448208
391752
734651
523300
95644
519451
88406
492749
13399
236525
747348
178382
812875
487230
203102
726570
938071
967145
186897
217296
249896
543630
546658
137373
891281
98370
445174
420597
395419
260494
490522
843627
652246
225173
883279
264242
260976
971685
273343
790727
724562
20692
969109
537438
507922
688564
780360
962345
655709
967258
695993
421957
27240
242651
559330
918522
857374
520856
339119
252793
297702
829641
96421
466300
571166
979700
730543
832142
951386
3886
622870
675948
540930
108331
729738
565204
796895
26451
43901
968956
993709
739895
390913
20949
498898
466595
939471
356272
987451
794942
609066
801505
140935
221839
267806
712101
717891
998349
60596
185629
518587
683466
861578
575870
308149
107668
141074
105045
134119
184976
74001
644180
441223
981267
665130
940121
964214
120953
812746
951666
915896
938164
753171
573183
160003
537329
285285
877894
52030
345881
63524
570618
545699
441454
662840
853848
65474
803914
475245
715946
505242
65599
360126
946465
46866
25256
402939
11080
662562
215685
479098
578458
670201
748622
151641
830204
285951
953278
224450
854334
815511
804326
424952
361210
762132
87792
215059
827607
408058
690304
59905
913301
755903
420031
859766
319121
961640
779057
846554
624202
511094
325652
719012
181295
590626
387005
11499
392930
340284
752302
247264
155795
556628
188568
33358
835113
792712
764769
179072
200770
971425
238977
630423
243681
175360
6542
562802
137000
785599
925708
277554
296694
767713
996566
477989
358339
899924
5841
267621
240208
758143
514885
912355
831123
703453
945713
182588
12517
226834
361660
213288
198260
116989
360063
441941
292350
366605
4743
945702
152205
930452
223257
965251
698165
736175
443240
572856
636099
965433
840478
392659
239928
871715
821367
587404
575169
283432
769992
104038
510267
131653
833678
708527
248642
193742
150468
57344
560347
671563
3047
228904
118367
742656
710507
332884
995183
153748
905741
147635
635533
262571
540294
875462
134286
878013
462866
225807
161446
232858
329846
671713
880863
163524
380240
645858
357266
47060
703202
433966
718623
222601
179222
836991
481609
889730
686227
476793
559830
591968
624428
195363
854539
681074
587177
505178
75440
50043
730985
236886
799254
60831
424951
680117
740708
805191
325975
614326
368603
545530
564644
603578
284483
743867
956921
766093
149949
643149
759238
709779
235117
900018
421494
606009
581092
8672
627539
656532
58715
358524
409770
857969
935708
834721
54439
676416
156264
896766
290742
524867
958648
855387
128446
243132
115606
85367
525577
265555
728516
284815
491686
479986
184833
913180
602347
282277
921852
229886
455162
496920
588410
864932
871241
40470
216006
442032
716886
372270
338799
523981
413490
297447
379368
541936
56931
494974
143655
582508
276881
388524
867323
768567
384862
568508
681747
987209
367138
119952
733447
822300
133224
838209
203584
4465
878680
419590
446498
595566
308213
301649
119547
721703
599096
15267
779991
656028
26593
439998
754888
303474
828522
138564
72041
213384
707072
270141
716945
74210
390093
966744
412862
523317
804954
616447
44134
199986
552389
6984
795552
860602
308633
431452
582305
424082
963071
878648
596462
989665
318647
351350
809491
147169
489914
397885
876906
713339
668026
110203
303901
574471
593300
716764
614140
398254
849563
658274
598240
401952
181611
910144
262555
6596
857948
361212
430678
337372
756213
543492
843389
74860
411195
652880
738381
417461
50765
131639
130800
235143
758195
951054
809614
351495
667818
940106
749749
517381
114733
864341
435685
296344
290837
214592
819292
665138
92157
766323
2510
848370
309815
845899
923230
721010
498779
177963
654824
65897
309603
301976
817392
67798
253030
143359
419293
437200
83465
685394
470933
198198
66087
906619
10894
873276
637563
830187
538414
729720
596510
540924
578090
906325
386823
17672
143688
401955
195636
314864
984204
21591
616840
801596
89389
869871
944955
25034
307071
28421
226780
778005
742971
809219
200976
753866
682495
838539
584053
220910
84612
696915
278186
662702
603240
181362
196727
263280
583317
908715
578144
83873
930306
711337
885469
536047
581208
346777
77433
404631
891550
820565
698988
634521
629784
899964
904739
312279
254856
488792
49541
339468
185707
327728
518522
305300
509090
715249
84932
608759
140316
179429
692632
586974
890766
94453
639373
988326
957582
716806
392957
849132
537371
91946
6
683507
508262
904745
995787
763118
909890
561680
618938
611949
889408
137461
917249
914850
369062
518534
523609
509379
697963
732593
612705
105081
343399
252079
93407
300981
968885
486364
666466
22609
94662
182824
222468
119277
603921
734607
398747
513811
296288
17686
125761
185696
671499
559362
100547
40561
77896
140508
66292
292211
873102
678998
397292
732853
931077
7051
550186
416314
9768
733004
955275
104430
915828
177744
740059
519750
912351
138807
549913
208639
156493
675674
910688
344344
751389
527587
384905
345637
668095
967550
637849
57549
646548
551493
306754
93977
74897
856941
510291
84665
589945
981919
705447
505774
159663
445507
541876
588366
100666
91789
313358
773511
283816
224046
117855
35205
267985
502760
380842
452432
470310
535043
509982
633210
602889
816736
727187
677786
190029
753831
762451
779975
735750
984250
802101
895413
429757
860329
131
530423
952118
313489
303934
235934
53887
421789
787491
321872
440902
168334
774305
427564
219729
800639
577127
822618
133727
304314
500404
323757
574497
779207
103732
310247
763458
422185
722012
709567
282514
722144
756343
750984
551985
576629
986919
605873
514771
290762
444097
955673
459096
734754
899589
195178
535393
476716
17796
669121
297383
34553
509230
388232
330112
612962
698480
93570
551499
936844
319490
834013
175340
75833
584997
727326
168814
88268
849551
683585
379031
293648
155610
354479
28403
55200
549657
80148
48268
83806
265621
862003
634711
774851
250236
964823
904165
465068
574746
455664
401912
410588
806029
93605
486421
907379
337283
171587
995647
186834
855173
891030
996834
10783
761862
541589
582335
827871
138090
146956
428029
403711
8959
62740
178563
259195
27564
82728
240615
118662
54745
642528
529250
860774
736133
532023
768153
589768
703610
280153
776602
558783
687535
289788
85919
449397
347730
668254
277269
485820
815210
221650
889531
824170
284391
68094
599717
828307
667175
840333
946969
721920
999213
476219
99046
251698
8242
867200
841466
228204
663705
134420
786988
351240
424208
872907
316990
771938
57513
110611
774110
389076
332261
663642
213246
616652
248088
329315
961311
915263
686000
908280
153535
201565
900851
252582
969615
425445
636134
811081
653650
299839
461853
956990
167431
402414
829897
773
690704
403762
111384
464815
792838
959998
128457
522436
93002
376545
368104
54314
808161
54104
478946
961696
772022
379798
214278
741637
805243
850412
552719
458893
666603
530924
415883
834035
933338
762132
351160
624043
682247
978897
88858
475085
938895
733667
997522
548249
110212
881978
602563
918373
936082
81510
880070
708104
977660
94348
966094
782903
461113
35165
758149
127716
566089
690384
478103
499428
968869
829264
639823
651116
808161
245033
126201
747056
978700
640075
811657
88912
522053
414221
523638
974488
12083
920060
198944
506095
530760
165038
288998
991873
200203
563499
119590
282645
253884
114045
298425
222753
943309
938248
873869
751470
183281
516422
14878
678333
672850
826536
767245
194903
757109
807235
685743
285544
243647
884688
791639
774408
566078
596989
282633
282634
160489
402223
81631
930725
32621
380056
153478
975930
834656
543699
243753
534289
60121
258631
212622
732971
601519
496219
444227
874980
303455
646322
160524
547102
47362
468515
837862
613441
65505
120496
412427
225994
39071
494058
673071
71692
390466
826549
47623
225122
886600
807728
759411
946721
582711
972033
196045
184231
984604
156624
575563
288059
802946
736088
351514
850309
720955
705728
980102
786460
826224
908881
528806
865296
919291
201877
453340
309757
544778
500963
51231
431378
825043
810642
894452
407755
299027
606849
591986
283631
763473
683901
88043
82771
419989
955909
449432
657297
661637
945886
443757
4214
854767
488916
869510
290410
690793
322850
600167
235572
340166
651398
183302
165209
978392
77754
572964
793771
684603
681302
593755
964428
365204
681798
47200
301545
154059
12984
958842
332048
958871
918952
336262
329990
407868
205772
620401
615013
44975
736920
850585
901493
904671
33888
66702
883063
627994
156019
193187
312598
353673
786942
277026
235229
468740
324226
53127
139151
853563
11969
471199
812434
447273
807462
658776
855141
529586
279177
986507
90913
532450
837092
992406
437121
387332
575461
836536
15327
731480
29723
844277
601505
816665
121303
836735
801757
961882
889862
940908
815445
418183
928460
144231
381809
735922
803007
753302
781860
598537
739809
872774
130987
576902
865180
84460
480586
440641
920996
12265
688473
950720
856542
289979
767385
977846
643066
85495
456080
49280
26403
271525
467463
954863
932108
849272
207137
735115
602575
988998
333652
342384
378124
980991
435638
243304
65451
432577
200298
986448
444842
405123
453520
301385
695102
737257
795583
854520
822752
251663
903800
365508
39540
887616
836723
971648
253240
43861
223115
855815
549211
73120
714552
443687
54111
666542
686991
635915
615471
403641
138715
60314
808765
592235
878051
20219
845844
189986
874740
668597
958001
294892
34105
513893
182508
870828
485541
435749
431041
225008
807916
496604
298128
38820
940291
868592
221715
143635
504507
837186
547276
159574
413852
872393
268161
808255
892613
114005
514593
283705
782602
472594
94949
333059
986487
277458
203888
988380
229559
151281
729741
553827
647886
27869
592648
104529
412813
814363
248164
433672
167901
311793
593246
98106
184186
861407
906361
593151
975413
420955
393208
274367
409901
488158
607427
912741
281968
811315
901121
27879
478948
630862
581706
126834
175084
174354
231364
587897
505069
995880
21570
189323
307673
131168
287429
8212
992576
193790
601363
484341
131097
510924
758708
540999
515434
366135
453740
313754
693802
871213
341633
689103
18428
923339
815937
193512
614046
563653
297761
635467
559534
835683
824790
867207
483204
112219
391771
475780
822362
509487
476473
953459
20411
751533
494458
535845
117669
464550
849599
327823
335764
707584
16926
354192
630923
349216
64056
244969
912869
878169
880437
988755
230205
221579
372315
713409
333799
764086
705541
156161
273573
182014
625972
810336
933547
120431
862533
567568
101333
712132
411744
437097
936068
945022
307641
566992
294238
888049
328313
723460
766219
725102
228567
512776
946682
600882
226185
796833
881321
448078
952994
671246
630092
95318
481583
79991
732101
344116
163912
833435
572601
575656
270532
508669
520678
94526
592013
331269
982575
920327
571081
265146
161781
799648
294274
624815
916883
36811
421648
798204
484889
890994
985802
631333
986313
467385
711325
718414
811502
875237
551849
900455
967245
338734
409124
487923
949612
1138
335544
448539
437817
906625
230038
115950
222626
524312
740766
139509
561124
162414
454065
46013
53409
956219
677347
556074
423605
905024
274488
751459
296613
342690
651914
263858
681424
61038
268133
147388
578528
603678
595927
532697
26655
825965
648648
249281
350278
389414
905142
911402
68180
875559
473767
121589
831779
667466
194015
771736
88842
468504
523195
385455
811194
175109
649313
8970
752499
917447
156358
847380
37477
752285
380077
64132
578251
28725
829766
444881
934491
251260
872635
2672
126820
346402
640613
474951
530221
834629
763039
619063
303133
286234
4519
630679
977695
170184
156001
730194
87631
828711
577574
641460
580996
957652
705593
675599
502729
51711
636832
437221
302971
509467
439893
946143
372222
80506
937446
902443
915135
700485
37858
734620
986719
558729
881651
964414
728914
37652
210961
332897
866363
788535
974358
963712
262539
196303
155663
765269
248014
308848
718842
550985
818315
675087
497129
706889
755593
434575
609332
187081
135061
163543
438053
638132
722272
319705
602547
451186
873709
329860
300436
256425
118395
274794
736489
897287
471097
408504
178908
719111
717352
897750
786448
52020
572837
799929
758909
844782
234505
884594
548215
885918
48137
986269
524050
286761
822326
642949
737948
212387
972809
554736
985164
607557
829530
721653
504844
816979
130158
683752
52442
363862
97854
838890
415882
187043
638820
174792
31825
389677
59386
96393
275595
623875
82662
315997
910636
421340
475299
164936
150079
964460
719672
135244
88369
549202
856897
109565
882533
503407
309669
934975
867270
407523
773866
799504
110918
929038
974296
142744
318715
550034
239137
110662
173909
838151
943011
600898
775843
934662
765834
925922
899123
485507
61166
503844
551061
434416
613410
433595
454175
923079
884922
837797
846955
658788
637302
957873
104178
127950
616969
422893
194337
372458
49907
368246
726961
992919
969144
19156
927581
251331
945079
343056
736838
522597
846901
804251
473365
460311
237846
927541
899742
122769
765338
263049
297909
918992
220923
402088
46943
354244
341333
241280
726703
391241
125878
453664
900512
611375
989173
828093
862706
934252
171150
115896
973201
534403
920147
962919
511066
157994
890460
410808
797115
172150
673858
611376
91143
411133
529816
654438
765377
871150
412070
8432
778743
537948
978449
679255
665675
967622
23700
528381
418226
711202
160629
907779
761957
80777
870698
273023
755123
277510
200184
68590
966013
874042
679966
573508
801527
209783
227946
83256
597285
640016
608041
376028
694316
586490
571635
359992
70464
111687
404725
488690
339242
565355
912821
101199
162484
783520
374223
917607
577382
574407
986197
543395
964801
182515
633255
282680
392298
377553
365936
505935
533921
973977
398315
228238
76819
969950
104582
663635
597990
25659
152325
937232
591014
581499
38431
269850
881371
412654
187457
458753
987061
690006
518501
468214
388874
668108
750894
781172
45662
633183
287108
579583
607160
201775
807821
200332
171726
428755
863967
769716
454415
532645
223300
561781
114144
261731
831632
511867
190738
535441
486972
694151
741800
5473
162366
130674
673582
913260
428198
719244
546443
231658
815179
669956
433434
139353
386640
121512
568108
766959
407580
538875
299604
630880
100657
930100
408963
448641
441967
599701
500434
928940
293853
242234
450765
456219
889260
640699
885831
317459
876295
948627
65469
691475
134935
498903
830828
521575
136767
915288
288534
544347
454164
104491
691579
554821
550943
100543
519814
509263
700244
20248
954555
994097
778835
921672
966668
668095
562372
368852
501906
955019
833831
567376
646494
968766
582631
993674
6693
235751
425315
811579
780098
879479
432422
471678
950652
983366
88573
470466
8981
788817
7066
963536
299267
785901
885208
782287
970349
963932
667491
472255
918952
501322
555983
81798
470088
654967
591825
993133
890718
17140
804713
187168
896619
753487
175198
363623
736853
263771
834089
745834
52589
357507
225722
868208
143409
110931
650495
113758
591215
317987
102365
510167
335661
174701
591966
322102
829668
700143
315235
236738
717283
636300
940258
613902
389788
115457
977525
642993
379228
327966
905180
948169
685473
130902
816377
345234
758185
983225
975344
349401
817564
77710
375920
153225
252411
484238
475327
598431
184381
306915
351521
901664
943215
291779
31918
849355
407236
525795
492349
302817
853761
397529
250986
55587
44783
583716
400821
319321
83293
376166
668722
900857
970228
560994
570434
738991
45233
45762
853774
229614
869029
205295
647631
328596
497074
679549
177952
420663
205345
186653
239832
59106
584182
490818
631045
145317
590886
31867
464638
674179
924385
649712
91388
410965
210707
661823
149956
255940
223937
3730
1906
92966
725377
649537
421562
738803
329087
115866
159466
534432
302519
915650
109890
403053
406469
740936
548371
513707
289155
13009
704239
729892
662722
795627
140857
873429
457450
807165
645721
197739
810895
647627
290705
52624
297165
228620
791427
142604
860838
467246
677036
163358
382896
303278
566411
305717
560566
631134
819425
849721
644144
523664
95965
823218
835643
236822
212999
809446
560339
858720
7185
887586
22699
814243
940210
319864
559215
247990
462468
420053
715236
655856
583411
614484
959135
666175
920202
36053
297309
255979
885775
941453
295995
498092
281023
647990
251267
494022
457436
811606
869094
464622
699193
891794
278865
155755
728010
838080
403745
706831
258133
118981
362687
357897
249818
838174
24072
686372
874228
321381
458703
276355
779187
754698
774447
60210
402688
542066
70585
376477
353673
939679
841099
569218
831473
636316
724973
75836
990748
128719
782667
765233
764052
145354
123130
530222
499881
663554
216594
890461
501288
675297
166816
280475
946347
457615
857037
865388
999682
443974
241865
869707
383654
599316
955277
731479
235632
680250
807315
226380
325321
106334
991613
605726
251689
631096
135948
267922
294650
868895
158383
795938
544192
841551
592765
490540
299166
966155
355928
815200
410129
114145
201259
793783
713461
156536
41615
465445
353139
365282
691825
194812
471617
199790
800538
239658
347238
452839
507580
158241
321734
182315
470531
865926
23866
63297
872818
323032
29452
745098
654585
955933
859243
855844
749717
572704
528733
307684
38149
881872
672966
246326
76684
660935
962469
393575
900593
309707
846414
924525
984300
168148
106840
454832
550426
130706
518129
423245
970091
63933
684695
624676
19866
543939
996872
285935
632995
525605
593619
187497
407477
782938
950175
514
443873
428996
394089
860819
255056
756855
785344
239356
441355
892185
694188
991781
539243
728669
931378
509334
308954
616074
650362
328821
676365
647235
131108
825712
689192
241080
529561
613022
540370
479737
613536
984243
908733
523977
845062
163789
280832
146759
919498
238539
555296
613686
230320
94539
342356
678051
120226
651310
810477
770588
496483
3194
934175
143944
828906
139720
385024
358468
752742
925394
354557
882630
425989
779642
922959
787404
459784
720143
934163
379282
958682
489459
992968
705354
100350
851676
899757
220576
19339
710234
507517
32174
713428
958044
176118
58687
97764
561142
933507
366858
2888
804416
249488
428878
584058
688799
216282
43842
408942
666797
423124
367624
156256
932445
589331
772958
784121
489088
993535
319812
715675
501052
351987
429103
459096
528105
4142
73213
605600
454001
440071
608488
258417
205912
553718
358828
894711
286352
402670
820006
953149
342147
703982
625757
274592
293313
398716
575065
782402
392251
411230
498077
409655
763217
443532
385103
807674
964027
458316
413274
418028
414740
538115
192798
620652
91833
551626
31715
378186
470648
851721
331335
329147
555704
473445
120091
365369
872161
695157
664123
780764
106387
162200
706771
385956
122085
91874
193630
602464
66543
123257
536844
481283
661372
729642
618287
269557
797620
166354
647743
268269
18076
495431
113768
90132
968876
233860
455501
357389
929017
119625
654505
551756
798177
361276
454064
436614
969502
647694
555430
36045
287303
92275
33680
948675
338269
168319
218233
135890
334674
382328
920511
869102
877759
34279
475586
362987
268139
447439
236728
713508
83416
891233
781616
397946
768861
752032
834560
738364
916079
389991
290761
203382
998618
840794
668410
336887
9113
886643
989129
860139
785323
425992
245593
663083
976624
721179
542422
761115
168619
779151
990976
252035
186736
288944
649981
955598
40977
894
210314
957056
907237
501075
160438
422207
858221
828848
275446
867335
231843
264576
243826
17167
206920
5772
196602
699896
726951
255376
461012
411922
550879
968340
180310
737616
257284
346643
209566
298261
347537
419880
771669
771126
437307
932108
193333
295529
277308
468780
679216
25504
249708
439394
42671
456628
445166
755625
156525
172118
11001
133889
100392
561881
618581
280702
815849
875865
627346
25415
690479
491235
961647
462148
262362
398954
910608
455695
210835
187917
440827
890051
213421
690535
329446
772444
663516
774612
528069
336393
463082
55422
986634
79827
133655
605215
360529
949504
481080
504227
491271
687911
995463
452918
150060
774177
368225
577020
746224
579060
764937
187052
469112
494710
393939
314910
783506
57455
605874
827927
393848
68957
883350
896834
665136
17005
502049
25665
482862
983130
46245
974133
187393
41708
427052
337453
332237
311629
914474
78461
890689
195763
781865
876153
206826
175805
191063
990332
233260
796938
334612
143461
382247
217962
40295
47383
751319
58697
589400
234181
41827
635645
208315
229220
193705
151719
83026
42294
463348
513852
120756
870389
225967
902621
746543
432793
594778
937606
939478
344391
250896
274090
487852
149495
492052
44499
713230
759723
103196
818983
993905
661375
970980
718572
406948
681038
386643
6326
723332
849991
520178
844088
236732
746145
263062
983275
695291
857840
437234
634769
202231
204482
908859
206435
353978
917263
767287
583560
193338
386835
402543
703595
564563
373524
422167
487863
54562
808810
494189
777894
175153
530719
138335
411886
793216
917749
911513
488507
291941
348747
639628
10525
553230
64839
216960
423560
498454
500599
7120
691793
887435
926016
395388
968350
299540
817556
456213
354102
142718
950402
648348
834224
997473
303035
762462
790689
220784
673975
279197
512726
539075
918825
523251
608657
983665
256563
32217
482119
273515
555689
690264
677302
481705
85653
645652
297597
419561
101865
168051
562279
568619
816400
912855
566092
119435
675317
873133
856572
349293
152330
885650
404720
587508
925253
13377
87525
698168
561946
85996
971683
117635
776261
648985
115693
861914
810989
413290
797827
429206
581342
876458
514177
914094
789314
596621
549881
464631
469755
406453
330276
138437
808455
734996
725945
733708
748373
329822
431877
310319
415819
919912
944307
708432
85250
576352
86698
896239
505994
884525
841798
603688
760983
355975
517782
550297
952597
584016
531281
422352
506821
861557
560789
315277
112906
803087
565337
861279
649261
997214
687951
65080
433479
148610
289864
518729
241314
376562
931320
747308
261087
773118
350997
538423
645446
385131
88720
598043
969147
136353
536747
475969
997911
97536
307598
110817
416975
872935
488448
66237
386502
692751
647669
819981
357713
937534
855062
599027
830448
302734
346336
607888
75853
213685
146311
721299
115168
751383
835694
600668
887737
372441
592989
402000
986329
900587
29169
919657
289874
517617
985894
676376
726721
149915
12709
84434
603801
867771
683462
434250
170506
546150
42138
762711
759835
188449
362
391355
939832
352408
992023
343921
241201
585012
745921
227530
485599
775090
147187
775474
809060
649433
968202
535781
315701
980912
620215
919502
365035
303677
353752
51893
849827
395890
330956
126014
584339
331318
517370
40524
200078
509393
900797
441279
94406
646719
668810
96357
421809
332349
871831
747221
498135
840034
283002
813836
337298
903218
733338
702333
723247
603443
754227
89427
999333
601535
215441
100025
932854
249163
656901
132932
274909
557698
574212
885667
204417
759374
982024
142579
608075
370208
889800
106210
726594
689155
436398
63892
592373
686089
282577
315620
289532
553156
921399
288865
154692
653193
388890
603898
902356
562143
253182
693617
119842
343746
579284
840611
103120
561309
499542
711196
447869
389343
333758
174463
594850
770157
754707
187223
456246
553636
19195
745778
623145
940595
550995
777837
593788
456238
898087
12496
18381
151269
706114
654575
495016
285398
495187
598136
363059
994729
825684
327280
900424
675795
18095
495274
962304
772802
198849
934902
842791
218045
197032
465936
674992
748027
760125
785132
720617
658212
797628
738999
809481
20094
393574
304497
821845
405113
418986
701256
399843
761022
28537
816619
436817
46632
311894
399121
335787
510743
850375
694930
245140
47407
160866
920132
311787
920991
221616
32404
579203
535597
771403
905036
555691
681330
209534
893888
602795
144872
595145
2638
905894
140034
335610
859064
186666
647504
774537
38805
674599
624913
733735
919740
672320
894601
356224
984107
331944
577841
16512
427499
113438
304267
332536
185481
501949
58422
79370
104745
719646
190867
623735
625540
330901
959345
956
517567
123201
775494
72725
797801
400407
806460
717541
589079
217414
73765
89539
65710
651606
106051
493210
281396
926670
342098
466878
944972
916872
62600
49717
636518
253467
189804
778410
100720
149150
779367
134639
788703
554861
207364
586504
471620
530177
820397
60699
263943
894163
150238
329653
62121
772641
339215
859870
215664
197665
843100
160636
114537
905700
210353
267407
675519
400157
45818
776239
65659
341537
910878
370715
896398
634595
957219
884370
164772
777617
945069
428715
188132
611660
274720
250253
384301
613936
110123
599965
327953
469575
760601
958843
375275
487306
226250
567146
403816
788420
859737
985827
129957
770616
356542
542707
921563
313762
427077
86335
607731
888499
31402
795863
500159
306122
562468
400812
436410
188944
517130
764364
658519
794083
239559
550147
797742
465809
117293
201558
254230
977031
703737
900539
263999
60280
443247
185562
890394
386676
788249
14477
275175
819651
810340
291686
642125
889160
208851
594888
78104
242333
875604
252976
36416
115163
803123
350510
580972
920416
68420
351554
413799
772158
252094
194150
348790
211693
379712
755536
598369
684313
770013
389897
20316
96705
681583
662442
985865
406786
257330
580322
649119
132934
833298
201888
248097
636421
552398
345421
73189
620819
213328
3341
909329
465422
197491
774471
193467
93556
530007
791836
777869
816372
181733
798186
913077
379669
976980
415294
786455
750662
511968
435575
883596
345266
153815
648045
498039
706213
509818
571229
843384
723146
90922
269065
704920
288413
43536
898387
898321
573543
690224
676191
389915
388309
990729
819344
284330
484061
234639
70786
234723
746607
22713
634671
608226
176528
282716
106265
399093
308886
193846
242478
32033
284768
27895
736953
89534
71432
635341
987855
644975
841917
664046
551243
746578
171127
370587
30909
655188
605226
618047
406263
868186
157112
40934
476412
849992
840002
582677
249085
148889
292876
7915
697274
577644
35811
434227
183530
107243
585920
171386
268570
944189
351784
819813
690768
522912
190401
238029
694452
311979
372428
617068
180165
529540
658002
172929
379532
14357
755607
628617
163246
564835
152885
860520
658831
188696
811099
842362
812291
397020
13748
80861
857561
365532
417027
64681
404796
607428
302710
615601
919407
675138
232669
615925
204678
407023
788854
100562
421380
60813
245532
584626
625648
398417
961498
284480
103465
772598
643194
915756
685970
656942
512969
59883
538826
929996
124565
943623
537424
427275
559224
973184
618766
308245
105461
339796
715268
894315
440359
136649
955129
685891
237627
97129
600660
199126
897961
704125
488076
541155
619881
690398
714449
649202
750281
253276
579199
874846
713251
632975
818474
788827
122511
437240
97072
227972
293388
328692
122288
250099
465341
77417
935990
219321
690898
536650
418447
588860
240775
422875
646367
377008
113273
360817
26211
379906
130445
605410
254753
360048
754737
73227
148875
877249
26819
762299
105221
836559
607343
227509
86659
72685
821278
22649
292006
512177
75652
226805
617389
832779
166032
263756
209788
279305
140925
752351
659211
787722
874113
430316
147770
628850
19895
812997
506099
563066
575296
127673
399626
182640
355182
486285
771677
692813
25286
580035
721342
617290
323192
338731
450070
489224
118839
176210
768529
259765
928561
944092
47487
319026
890761
711610
947876
910656
524607
970328
473723
616256
98001
389701
315248
969535
875986
86925
662348
417624
183312
383690
34915
506504
722421
484985
512080
357613
177547
796961
617378
622460
741053
181217
941486
631814
892827
405714
58823
417435
376042
48898
33691
990395
438599
348939
959931
314585
952216
138631
248561
651880
522322
283476
674736
761095
284813
186816
118708
462360
983777
252438
84820
241182
950008
542658
389349
842835
948373
448172
776622
840767
497070
326665
831163
935669
191956
307446
766606
660524
962429
15167
312404
1103
814996
987140
762199
99809
690308
397259
562170
674085
166050
163342
915268
116058
706001
304617
958893
654374
269141
251868
11493
766211
578533
359008
218232
770490
666454
501190
947366
145236
516357
259771
146339
847705
763263
908538
947515
453572
822150
26037
644009
988200
189379
75629
104258
411732
896598
579503
582458
165739
347723
593952
448302
926257
952960
182886
213099
135767
684076
676817
281003
716786
936588
427342
564491
216204
852233
28358
186128
674383
54395
346489
178935
760127
422119
799545
171859
835069
895400
270670
809
243124
864622
965463
685733
817582
664702
415184
953349
348778
92001
750704
581916
544942
178047
146408
761146
546632
691118
463626
737367
745514
810115
916302
21993
748586
232199
710204
583656
127599
980874
100817
887075
845496
582632
89160
179431
247334
20696
649132
596113
112698
399837
694381
173992
94236
840789
451490
157220
48260
915116
894587
310126
241583
327241
332119
990170
559440
558675
573826
203391
539550
674643
606819
901398
257275
212331
597181
504610
233028
246314
617075
862078
162503
311456
36070
256739
668598
487560
413959
716858
919028
824898
26984
160611
152139
875455
150781
227931
434130
240959
947674
490032
431954
70845
391431
689230
283177
988612
710192
32557
751278
843619
894635
913781
671427
930705
686872
340025
934617
617183
573235
369997
442081
116571
530608
110572
508378
197742
854855
458861
438701
802530
948893
870656
389727
856676
76238
189256
361641
302782
221813
112919
146401
116448
543053
817828
563505
229925
674206
14474
847109
763793
384471
805542
396717
431432
916115
905095
629174
770970
363956
584227
89852
829202
454883
479580
685878
531121
185188
563871
833903
407002
676791
496656
39802
736196
830837
603308
966121
505043
134134
329582
785188
518606
651477
181905
950038
567592
603353
95564
854914
967309
679791
944767
312863
134675
940699
998742
182148
642239
562613
532404
49241
755756
545412
89044
8304
376249
208704
490778
397644
342838
820360
182833
377796
471837
881090
844186
555781
484443
939750
410696
968105
135894
871815
280968
270569
328866
796062
969069
971105
875028
17825
536699
147136
79590
142095
155441
455839
350799
646219
369836
209989
982931
552669
587786
454769
950111
431972
526902
434555
888075
453950
919012
23969
842117
199980
810890
170983
512395
296311
658441
387423
314137
711492
50911
393727
853587
206352
365918
204386
852571
735754
930727
835503
804775
518513
806624
754887
466838
333526
705794
354913
303829
624806
378882
145946
341138
706124
833282
369885
2435
8075
273660
832924
719567
324572
743003
573154
530924
108922
293892
899848
361028
224619
735351
165804
259485
58327
437043
726323
908205
659189
597588
212034
800347
976470
357981
141485
198946
707615
27723
201381
715690
301383
34306
435257
625955
777309
524763
673232
402583
335007
573080
763612
75978
824783
445768
851815
883110
399163
94490
791315
58352
692078
519702
858699
184900
394035
516536
383846
101650
544259
585228
333692
845643
135886
285301
987950
913195
326416
661182
832131
661423
234262
112095
253753
59045
557863
621921
458507
473378
716411
766175
48082
408490
285877
906781
593390
196264
939669
977237
297914
281
78817
631606
362276
214703
916907
350226
127898
243323
11409
960029
421098
762023
588476
191203
821069
146339
813124
795928
136069
45888
562103
184151
454378
847980
607284
47768
560596
546954
541357
858510
63587
620174
6468
425863
834877
439727
776089
479128
199402
303850
955509
136852
65874
543986
844408
403295
206677
173884
199223
342747
219772
761327
43250
674150
125659
650535
238271
686256
713841
295980
61118
777428
432507
583939
203291
267384
540018
979380
262864
739421
799583
218374
392625
865457
278712
237033
268752
485389
410918
984327
344488
147042
262006
387739
337545
904018
38274
575816
106626
752115
388148
167744
529543
820655
268035
249186
604392
808054
228566
867256
63827
28149
601982
456452
409958
880694
209838
195062
366084
137108
179390
226924
284150
957748
614663
621695
861766
169289
713863
968392
921404
618364
652489
967299
439019
920524
216485
43411
244930
961404
910668
308757
505905
512650
281562
432216
909697
491400
627278
792133
144860
323020
19057
945362
280769
633721
83410
658887
803010
313625
627280
240767
931989
796121
724418
371009
232997
457256
930772
477928
418660
357792
303037
440917
386795
584599
389485
296492
592351
16764
88625
737211
856136
624034
198926
653257
257755
282336
312145
577118
595961
455777
817885
527951
768250
58655
415312
1247
515911
862436
479175
450923
220229
782213
891841
123376
883164
281326
936220
475516
814442
541197
729079
186931
165231
928005
840188
939339
210341
152333
516457
806303
124462
850694
850606
892712
909349
265918
893960
941613
644706
889487
392536
864935
671700
800729
504663
554865
598408
440883
546733
412850
498432
275812
599781
663664
203818
956322
603003
414159
625007
635812
736814
749470
2858
587420
642182
428559
369690
52494
370172
14397
941982
762709
395684
130034
79790
416700
201251
678198
857583
747984
607401
356016
540149
723534
536032
743967
679856
655387
674478
304864
807551
927645
54334
810409
31417
212868
755320
401108
781715
125493
931857
723697
404554
843893
370083
484344
260593
87687
678895
118177
835671
286296
990545
892172
9830
42929
152491
206039
698316
826970
510903
505867
270967
81589
832628
302384
810809
587948
219844
592524
229793
151701
832573
150699
995595
719009
151396
256188
806696
830291
890717
158719
632939
397614
50892
159121
440543
203383
365160
655211
546705
392415
677430
817672
474004
510058
636409
284814
614359
856253
393690
360504
7955
226264
511204
519902
945273
178952
292442
268321
9243
699512
427040
642182
97126
477932
317655
54022
197668
682816
225585
744373
75231
903016
78398
65588
929426
714807
350402
60137
571060
260444
420642
95367
3060
931846
615269
464685
110798
424064
733006
636393
123576
160047
794927
220702
154331
112582
791076
351999
311750
16662
612725
386982
919678
691123
452570
365456
922282
319324
425594
493342
579768
846236
105062
99181
294434
236683
563866
921584
660747
296873
74329
784323
973272
869256
521378
127603
498190
312454
995955
809941
845468
125032
713275
281498
332507
682197
646955
254789
1521
72549
264483
97641
435137
369545
196822
729571
606229
277041
167507
266976
573914
241836
567652
63538
627444
89030
707493
641986
917836
219800
968279
763305
344832
681554
44803
677339
363751
208110
448480
881624
797011
712964
495618
232148
598861
692440
961719
721442
969481
645578
504771
59747
887414
72423
639637
31210
677805
347131
673197
111993
566931
641476
391650
911764
839383
952806
105455
203134
160916
553936
601111
957928
783252
96729
190076
898465
305521
668148
136260
791355
313726
641031
367454
717493
229806
7092
748703
423963
354223
938252
535956
921154
96081
927607
349270
935464
880413
971078
654950
41329
525014
256061
515609
824618
869142
705686
723083
174664
890186
375695
482371
720264
16726
849825
954109
762884
373269
219165
186847
727492
157417
722804
164999
253498
166763
30621
188962
47176
1699
360265
604857
43065
616326
636819
867683
1821
858857
107119
692837
749043
482814
175208
985659
15893
541385
939769
778777
914655
158934
965625
158499
316351
204781
323498
86202
887896
870472
791516
451424
872171
151781
572633
431589
768108
209452
815624
286281
68309
922743
979118
333704
921910
154326
319364
454155
695711
259133
232932
126718
418067
714909
285218
250770
436042
125068
336972
323938
995540
128489
775362
384064
796622
347996
815653
81082
73800
147629
367363
142110
70373
346481
475814
508635
500807
795178
479142
712871
54311
712074
839589
988730
943336
641159
239501
379378
766228
92825
219669
761768
737666
511383
662184
534289
375731
994189
615371
449532
141819
982735
107994
728544
329216
583808
753531
346376
895339
232673
575599
466002
461099
931540
454733
404435
572700
210586
300166
338928
303411
36187
617048
41078
547570
279233
575367
439654
789774
190738
405538
447945
689825
513532
176489
535394
613692
930020
881770
509031
679045
973721
491386
140145
905261
946119
60932
477961
156705
361098
816889
976468
913637
433938
17546
461208
229523
592913
417214
535649
300004
822752
983595
989829
336284
160084
525223
949976
606457
923345
975360
801854
413418
466746
941999
318680
929217
2932
796641
602274
880382
129883
578742
794020
80173
596289
771580
826048
705554
705146
361697
5558
527898
345292
511740
380534
21729
553315
330510
144538
993013
822222
946392
406431
288968
404744
725111
734537
407676
38105
336811
804410
167988
915554
114782
764513
511843
402714
590561
733749
107860
952258
255660
635758
813903
767400
16292
835632
837067
863155
980170
830080
685377
442914
752864
490698
847658
994327
225235
771686
32432
562047
576097
716772
993953
690879
481285
22148
93594
71846
755897
201454
540457
11557
353565
354360
295309
886209
706344
132377
749364
686514
478809
951094
645780
748025
441792
493439
742353
183379
265125
774785
745426
357574
491558
255731
48454
489195
277879
658400
77394
33777
376206
617851
561686
246123
972211
373348
132333
678555
505725
881697
881421
500886
832791
527201
248912
790935
536992
991265
974315
802118
282402
236093
159692
290312
491825
724498
295860
769704
899250
373254
319833
275457
991105
881520
37932
479668
254868
170265
674575
276945
568315
555996
294183
401106
599549
59447
708394
136542
567064
682709
455012
849467
918802
614704
656131
410627
855555
951991
180332
754805
325245
500165
546614
832702
898037
584547
312370
669257
271164
986945
946202
839479
59293
756738
756938
175195
816185
465332
311737
383250
148041
766749
749069
66843
897805
405200
993823
753360
873544
690507
24518
715141
707024
571132
547844
605062
672031
860214
274319
943196
363512
736874
782675
422805
493612
539613
598000
826149
521297
426089
209399
669338
709190
474820
252534
123348
396373
762709
393060
269917
453216
417578
985058
160240
988711
532902
765302
177094
909469
555974
120290
272981
809200
902966
212138
819164
958931
326491
645313
480229
268932
371065
665919
978123
845885
434805
617823
242258
197514
10883
28527
650730
428462
13586
810971
933525
62840
92625
110619
488661
164951
230910
761642
974151
650228
490133
793315
125511
332976
954981
122092
601908
326046
788012
96383
171931
222817
230558
930542
936684
241442
959069
587414
186256
489007
914737
119781
551848
523715
230400
40509
688666
977662
318504
179170
144242
324989
488837
269754
174317
443818
391846
292577
769864
696210
905313
458148
435380
135871
388690
372064
377313
864111
475830
563569
353119
390568
199702
421319
914283
946455
978180
602949
924117
813036
298471
584712
654377
787309
854466
828694
747479
762664
121272
517344
975227
26585
491844
410607
678808
396886
299023
56122
260997
774853
136043
130468
165421
335746
551787
596056
282201
46320
199006
722670
375708
13829
307382
30086
317490
678200
375132
64970
957217
496404
98666
932444
39341
590510
859403
234502
987396
158426
290624
764745
449631
943019
895214
615053
795117
963353
211109
77318
526025
926467
316341
901734
456649
140075
448172
774139
818276
823304
839109
775493
836061
937775
224289
391754
528285
83692
626256
32033
758470
433232
313131
208101
376252
208345
823154
171369
688050
550616
765040
214076
993435
81381
632162
450084
221456
80334
224224
556084
903638
63333
847929
739699
517461
72218
647806
562098
155910
274062
594132
430732
707295
907263
638834
83547
631960
978340
771268
836362
528956
52660
566790
38744
650393
198952
488828
388202
279286
713052
944286
699277
292738
792216
955328
810199
380786
603134
372297
53049
393549
482781
483781
100844
906396
122615
700743
538356
617308
988363
891071
662616
41024
457861
701360
691417
656814
190189
79619
452452
419593
540258
668081
228683
848826
623410
38882
229612
742896
927532
282661
136445
410313
282795
753641
833062
921762
454384
371418
539070
442748
262489
201687
483772
236703
903047
691541
893517
609588
287513
862321
545534
827771
530403
774217
192949
670165
329452
422561
413061
773336
221575
65859
700001
504370
819500
533063
426132
273885
420834
965203
232985
199675
683242
233109
436378
102641
924650
329895
712230
728515
708569
774116
72638
238972
64685
265587
909137
394137
204501
838550
683825
426076
904409
383827
446798
240262
916890
389282
30499
337724
870837
263484
53752
554079
12945
490130
656721
453947
336378
885303
182463
44947
659419
255101
283919
724104
520689
709408
634594
725190
547958
318419
667618
968720
218598
114416
725334
135489
20050
755833
989565
890888
19317
43317
444967
548614
49800
618040
2561
386178
503343
185024
947477
679114
956478
231396
919571
477167
457156
70517
718709
521466
388936
902679
490186
607535
533447
215520
259376
553497
487705
765293
444385
23374
324963
405705
571988
374763
23745
574550
277293
43441
275926
224770
238907
232404
972518
158478
709571
429674
228995
944632
951140
134284
363663
957679
258171
897110
689551
33899
450608
177257
799192
411345
716983
640507
333402
288972
15270
873500
863522
808915
916941
139448
33685
672200
888205
522555
347031
114128
952229
576026
58761
419722
226662
422424
893753
1185
835887
99656
35084
286495
793265
350629
214192
510249
507488
547595
799221
39111
421095
179095
848026
854388
834895
398064
526588
723100
920619
873619
837229
389201
965998
412342
325275
192660
351118
219028
710198
187005
318684
261634
989852
628302
612263
204045
138551
119752
267992
937772
675215
689087
633219
523241
59827
984466
921305
586415
707567
358277
976387
61148
747478
942385
989842
72753
651397
340960
808133
361595
44318
643169
623230
34170
271471
751845
754567
410022
387949
22559
864146
63164
227998
497365
102758
287825
481832
540415
390593
705751
898692
366980
283251
646170
309365
273093
235275
477114
614053
43408
355062
658371
686578
978292
208894
958049
246489
963461
884424
150791
502373
748570
730307
246723
762288
833065
534549
760472
373481
925142
982575
272173
808474
265826
434696
634191
538919
186323
111305
669324
229732
466367
327696
432662
961011
536590
907063
723853
16403
791487
874644
518776
56410
121303
765500
335050
954369
816401
95522
844202
257895
594449
632727
66369
860275
583775
216912
915546
770099
328217
584870
999831
794585
912566
948845
271948
965508
372260
995801
498264
680100
386797
533392
736510
508101
815244
71560
978822
631645
683434
823024
405892
277883
972103
988613
654510
555879
205525
570056
325978
533743
154926
842161
844680
583845
791006
632980
65705
163266
628782
563969
843366
531931
97362
96228
40032
912606
684140
18854
60604
883926
358230
982848
161809
330334
971462
332671
402565
176987
902727
728543
227082
574006
570704
588114
157851
878062
221095
739908
557680
849877
303878
917399
381808
917592
13627
938193
346550
214120
473399
407154
98046
347982
390003
776208
678316
877817
108879
597233
54804
527959
325776
798239
618317
412832
386353
292520
290894
607448
32428
364926
457325
336306
282325
355486
770250
812305
810031
116801
26425
283430
523955
640823
631412
430310
417031
826080
308127
42263
423313
879284
86574
749089
677523
704891
161921
63876
997411
969167
671325
29839
334094
645002
882498
616419
516840
652748
945076
326871
769549
971501
610302
809857
612325
758066
240167
545708
584147
64647
587971
7460
943931
190897
272902
137806
895788
951175
201682
893199
920343
389359
923039
770789
550714
805537
387208
67554
974637
848637
910778
744187
820138
521080
554044
948815
279146
310563
10876
379645
375210
115199
387106
835493
306097
660008
973299
201885
127535
691334
95085
47878
597045
534476
818667
147759
856365
722228
731666
831002
570865
642444
575189
907355
679876
645585
372523
475374
956149
383399
855020
331359
14950
242126
683205
321047
418486
172856
522933
546021
864190
134370
110252
977588
185198
445271
641699
557915
167499
373365
388917
254716
532161
480459
678424
728389
642396
567299
203764
598545
950698
58784
446257
482000
817262
129462
803048
752100
302318
842333
814473
682861
493055
924725
176801
678253
369997
818500
752520
53848
708218
141437
824917
240379
138248
19693
968769
780645
586992
688885
895542
54042
747669
341799
536042
564931
987613
339090
833383
806284
697775
647856
489145
190830
572582
665946
385435
458931
798
137955
29131
709016
795745
370400
465748
450345
390093
434517
230990
977085
123402
642885
31127
387423
984684
83522
468706
488650
938964
302089
294934
636740
949945
300431
343922
38879
482729
729358
14162
483527
383665
559646
192544
179410
930046
174644
146108
320140
125513
893450
813577
765267
536335
361057
152690
37372
444579
137748
526022
383543
439837
820956
536635
906134
637739
880558
461366
120468
126268
991880
603995
509933
551526
312891
205696
997925
487535
351804
318065
129400
245254
647994
894667
781590
525403
47357
335314
969982
701457
861336
869878
141294
198644
406513
563781
836383
803423
541499
956851
929691
533379
77198
439625
84906
390090
161673
82831
393977
513477
917248
523378
275083
81594
934397
573025
606998
981755
908339
93332
683212
769675
963210
340859
968319
886076
420992
804702
689499
962491
277905
619191
495870
355104
575168
97128
261546
736841
696311
171875
766670
129911
211605
41753
727858
146003
614779
334856
644110
523118
944540
843674
809146
907751
700885
293817
310179
121877
98520
516030
600720
376425
135221
96591
247881
226741
710071
509427
479934
922735
197655
246604
568998
409260
804710
296856
555263
935841
148064
199373
975311
92605
559400
784457
516708
260285
78275
343239
382163
693147
859269
982883
585924
510843
595826
833806
737584
822250
859585
733871
261337
57240
980475
830335
466501
301537
643544
538116
237378
307960
253842
212690
916917
813242
997147
949977
73527
591774
293216
972042
284921
668838
471278
870846
179681
583456
221004
433617
405706
80589
167488
183395
654182
664316
13731
120683
965853
173627
658799
203232
481587
912641
415922
914857
242235
929421
864834
315763
521196
674403
804157
322469
343241
275435
709667
522922
375244
930671
472891
297302
527613
640380
480698
181795
821048
10781
818830
786901
184408
477629
990133
182347
906623
922407
97204
148858
368181
962039
980973
889377
636442
301483
728198
496035
93270
437866
18957
468514
884889
8200
765817
412502
648580
246515
110649
469628
773648
929479
772882
958056
923461
763015
656755
346436
201775
270312
11646
569956
748703
992620
975685
901497
810455
703883
397532
903725
658101
932841
372240
542991
941041
654409
471845
105974
417276
582495
575602
190924
511974
864836
665332
951787
144204
322087
298223
345979
592399
309870
432287
857454
818842
407972
758951
629297
628207
156483
49374
286309
89324
421614
829300
30366
76023
301145
136340
9651
399992
228294
200575
428319
93131
865907
380106
237335
704347
194682
583314
813098
20904
531953
670553
839746
939925
429504
985395
568132
585988
34769
854441
191664
972736
200093
222030
565111
17591
874722
574763
417583
103017
291690
845902
196148
157598
742361
949835
378297
937043
49501
707747
957947
581454
894652
314045
521379
324157
299440
605863
426497
850561
976657
618161
823297
176750
356544
904761
194341
231266
479524
128277
850635
771214
974179
563135
445164
716540
512970
339813
169935
562471
47561
644234
143925
942213
958279
181656
782722
774071
787520
725571
140985
764177
860085
480634
457279
732981
385395
167973
480599
381271
296250
331235
152486
270429
410722
114002
503322
923693
970168
189609
2516
534081
833844
662794
476294
792123
360802
775369
82547
664674
500940
223532
945203
877377
704166
402483
610358
605914
570456
90958
987185
383058
938545
656023
653487
349267
770026
673161
272960
256546
862771
791829
790627
212967
970975
266921
521442
331777
558642
603989
996452
575935
343873
458007
453312
48040
860490
63671
653954
947298
670981
157491
330356
609526
813515
500196
958793
99893
689709
748106
356439
68832
539935
147066
281799
27262
930339
803242
359039
488982
923583
871843
64917
267457
329851
34581
831849
706693
98252
2155
170344
285585
159646
500700
895111
973161
517248
853905
73054
206958
602011
429493
275790
658298
576559
73942
201912
506899
877184
77303
512233
317119
949147
577150
584576
795350
128083
932777
18395
226336
934932
188739
28273
94579
205792
923385
584092
239392
777290
657147
962702
895653
602992
238493
70303
695904
828787
272215
719155
222323
349518
231388
539442
815017
324890
640371
126719
452973
573148
145115
195661
508081
850206
223935
119012
572350
147320
703104
811743
440962
876603
774445
852967
995948
529290
923270
691852
874429
711837
927359
96752
61355
158747
636195
392725
999989
276566
519444
452962
366066
180911
164976
874147
547470
905263
993159
636172
568935
212616
964267
9897
605571
255065
862864
601519
300707
302486
809723
175137
14323
737082
271889
592030
412181
424436
984755
412170
217354
20552
381485
583421
717815
62813
973920
781637
968076
483432
417810
537011
212400
382077
63260
817971
637142
442476
935843
937850
744962
261918
112987
275637
515353
901228
384019
927534
842017
885127
856057
575723
905679
753894
675496
139846
333059
649417
921484
301135
132849
339294
354498
345249
237723
417758
679572
874866
860234
615415
329068
121548
393686
958407
913537
909039
375987
297556
352925
734356
182683
725334
310080
604714
995580
985576
744561
328639
634993
182397
146126
284194
38043
500624
145795
275766
434734
825368
666984
294968
957135
512404
932868
350821
470811
846405
776212
363151
143962
129138
97507
842997
370824
407587
447712
366405
909516
708625
695044
544509
407374
841171
345056
445417
858147
490851
237535
292882
316219
420872
104202
273355
449628
37071
140528
920440
399828
916741
799943
60142
562231
897450
903140
933055
821390
867204
299460
730906
92181
510857
275415
499555
352028
136823
461324
726527
627675
698859
19409
460246
636083
123612
733601
85712
160683
390482
522504
76863
307223
322447
137006
869454
736249
556498
802509
557639
423702
618322
288545
515883
129179
563961
531790
997559
217136
993114
724086
844811
208325
743496
305058
844409
383460
555011
446473
60495
945493
968977
137358
769068
807776
274364
638522
544025
830862
957384
101665
770916
575706
390210
803151
221237
470523
334941
218796
687660
328055
459234
48823
536381
202730
353881
897142
586190
908893
343615
646685
370738
828944
300396
139807
636720
574760
778329
697097
921975
252065
798762
209243
827771
705325
12395
565360
692200
863688
784156
379860
191744
243391
428684
244477
962473
298917
657971
65016
207810
1586
228053
578549
346882
528449
234708
499954
619562
13037
197051
541537
781455
512166
267132
125578
217491
279527
690939
909691
143216
991447
805904
851312
234838
750940
612141
713664
566209
270112
778680
290372
788050
6733
385273
134932
535183
619981
151238
671097
149370
348289
212634
930825
860455
996118
56404
594298
275646
263695
20342
935214
255142
342598
302878
489981
609890
431371
719997
176099
701483
498677
466471
5885
21762
851744
657169
73297
471725
808407
744394
621096
156696
473380
68273
533504
469499
124677
644154
261497
388372
664496
713063
159867
523446
15941
166200
133336
963664
886197
309436
665147
901226
292259
187384
922988
144004
844553
512638
132081
169312
773384
753177
326008
246765
337803
375864
232616
978832
20019
494113
367205
200867
207176
43424
724314
739469
209624
857650
703133
95821
683438
884632
997047
975698
588368
436387
119702
949273
465377
251783
118585
238762
521313
444593
485527
859116
336810
718143
837948
873181
728608
721505
74048
452136
764929
798362
707957
490905
656013
411090
586726
339451
812074
100125
315149
916794
52865
951203
866067
518242
719339
984652
757004
240652
945597
758883
616120
282407
993378
970420
155588
721986
208278
229637
690474
489559
544351
398431
980465
200364
325873
83543
56168
654299
183669
887669
571093
236534
838873
437160
271128
558212
421812
28133
315216
883762
303368
447688
166169
296747
418108
838110
535085
142738
584099
741912
632298
128450
140343
129115
845167
466217
212658
417687
120516
912679
305356
207962
665565
660581
645122
936694
735145
583287
481179
566713
467049
784547
14401
149570
597646
948862
987680
649084
607952
571779
390996
240250
216582
47691
885717
61749
513908
614728
995788
150777
527407
301144
358739
192973
478078
520213
646019
213223
103500
127198
779937
86901
428097
310690
236472
542096
775904
740504
191180
383857
828636
98528
140459
45218
146219
26177
623319
660128
640905
619107
327257
684664
436603
685996
393989
914681
722561
40008
644257
826062
683558
940546
912963
111656
251236
665787
170104
543493
406292
361284
927350
234928
459812
67809
280146
606031
610338
419817
782511
767595
38924
626120
452260
991879
828468
362601
906561
551030
918962
550818
893444
602520
7716
806407
230528
258952
988547
400632
802445
394839
278268
246147
629767
254432
313957
426265
860464
924295
362434
159327
691891
917710
785448
660503
909589
130268
23104
816150
681298
458418
883320
574742
60939
891036
897502
807819
666341
886049
724804
985138
280888
3072
231286
427007
257505
545243
369624
634321
985890
732058
310000
194133
649768
611800
370988
75709
742069
910445
891860
423367
368863
291532
514462
946154
182569
411964
753974
848910
298013
995130
350400
95253
998202
581686
38612
772059
643281
924588
922732
145524
172998
232733
339657
339118
360885
226998
414827
102954
137443
306687
42674
22658
598220
557136
968813
297141
969100
239139
662403
783465
234269
12803
878718
748823
110842
433682
37235
754123
358270
959967
415999
531268
709052
272009
870386
69938
499007
285213
689244
152802
108253
731918
175460
222825
805406
144273
519966
290858
899764
698721
74323
650385
227876
469393
399209
338718
903075
952796
609194
777697
429115
25193
308965
138168
297202
695703
724458
796209
497269
413702
949011
605522
661973
640824
344699
467379
301449
381017
758238
201214
79738
348913
851599
307614
818307
767160
646333
237734
236308
771879
15432
665424
797072
324397
803592
94275
536453
528050
406836
33722
458104
355848
155596
120077
996672
16647
103809
814473
397664
378399
15687
993754
727312
383639
301368
61971
150799
464053
299706
387108
235932
315138
52532
549357
155887
372476
643632
208692
416878
50468
758766
874982
922668
914362
511412
435692
447361
615221
250166
845025
509972
782205
838779
753636
165844
656500
331960
832996
636905
631666
736456
389190
463156
305340
938547
619043
677816
582179
344088
94694
148999
102854
486028
588020
533569
997440
540064
980930
129013
790230
825956
638985
572436
181087
908974
254632
353939
240934
87628
990845
388952
824084
380035
852108
129424
318582
987503
323592
417113
331591
418286
82464
434446
420667
186836
968015
418107
726901
948945
547121
517131
291253
702458
605919
472341
127784
376904
826280
368718
464532
333477
757670
288617
713512
609778
934393
548446
597282
257986
481911
445225
192624
80728
879671
613291
267564
364038
547751
994465
312984
94872
27949
120589
313682
150220
109282
441467
527124
935563
810185
991657
785392
84208
796626
498905
210338
247371
563703
323972
21709
561967
769198
214334
642695
165221
343977
426611
529260
891728
421077
358596
502952
965378
479185
332987
115598
588468
774454
159075
40383
100991
150732
825775
701551
463710
841032
911890
227433
921088
235862
249143
483055
5060
979829
642102
170282
323806
68713
215894
731887
6142
574490
751191
487872
570027
84178
603471
674847
374984
278898
231582
475976
945982
573710
177527
409692
931094
605769
637125
852182
841632
402620
851589
363044
382449
10043
49678
222608
595109
265572
954495
601251
356414
222038
605476
926442
306217
725299
117641
197553
4197
349224
189881
950179
922934
883761
876223
854028
489530
29700
222563
331162
432321
74152
694207
814770
84196
743885
553730
195657
525810
24577
313260
882224
246616
918736
325018
69185
644035
442660
266738
648232
791884
456620
114763
231170
340381
990986
85198
346263
20687
307761
677426
969360
898266
887985
300482
498814
148222
854213
694471
674032
878790
7731
72609
125406
926468
397627
710943
570503
356639
977682
735088
148523
950654
849851
896045
807387
840838
981244
153650
377877
805357
831076
347237
703623
235413
647719
202437
383636
501932
413260
574020
897075
420992
646629
22481
347460
560609
249777
434315
917248
227459
169403
582124
694465
535607
478169
501852
376445
459413
655502
270674
781123
2931
617911
484746
754696
265630
203536
654684
283915
616796
228705
180990
37788
391686
719823
901600
952295
969600
335916
869544
713411
21671
451668
407876
557278
929837
426080
450075
905603
81583
720749
686726
600866
855012
687824
355562
120643
891360
10247
920910
508157
755304
101900
62297
146990
338075
963898
615638
307676
816166
485182
21087
354189
453202
945316
427820
899391
371396
394247
321346
969331
631349
8072
570197
486361
695897
442112
123356
103609
968711
44266
128118
724015
662518
190416
387357
594
670666
2995
824622
3184
4529
845709
357373
974083
307377
785193
873475
678774
695793
194821
648105
327142
719246
734655
813503
931495
176767
453212
551456
145478
497478
679575
385845
676349
869991
773202
676943
57009
776198
501565
60193
297079
863626
417566
271163
171004
719112
660990
366130
414905
372163
14235
258399
607761
748890
71902
539256
442009
41466
90713
587487
55297
286640
973332
731646
672983
262887
924941
729992
39085
942858
790185
852516
322836
724103
640031
10192
959567
301021
376322
890824
673185
906910
149223
280946
172152
737478
336555
614162
778944
943620
718001
834241
746612
207686
565887
419595
470573
7180
149587
26010
950038
456124
878526
272875
696579
518558
283067
656147
335931
175742
546971
9116
82652
212547
806415
771156
950025
659322
901670
245321
119294
619672
79563
865906
827358
161802
285501
814283
685335
951440
840293
635373
923916
718819
424600
620495
753729
224020
792994
89661
399762
339966
615129
998766
68865
937896
286274
18890
113570
187945
264211
232864
323969
860126
98770
151327
538281
900623
481962
223616
368415
322255
375341
292331
557426
316294
912827
311156
540314
705821
917169
456428
562139
48650
971546
631004
986547
257820
166246
100117
962117
946810
849334
286086
323288
464456
953765
861569
365080
435727
601537
733495
757982
976879
542179
315409
809525
971358
142917
349839
677179
60086
806267
755671
625088
294165
903027
611635
551985
585626
228105
514103
532436
77439
800189
855724
541895
270307
233646
423327
706034
351535
673175
464017
844766
215354
295778
654291
186712
438695
4130
380243
15133
326749
652266
640221
137266
71646
768209
689252
657272
996314
719707
189708
590105
36248
561784
648352
306555
311782
588032
12590
663318
261207
992959
508084
992913
288737
162376
695977
243784
682858
592572
258917
525960
244839
415490
663226
832837
183699
868830
490109
696365
104889
679817
802822
141138
757953
451175
964045
69736
39207
492987
249406
816766
485946
757490
809679
291035
436218
22008
534819
635429
614580
310088
161389
375771
725579
340967
208608
425630
209798
698717
638348
831039
894886
441170
488529
652840
892345
452575
238928
447904
461914
488334
264670
464213
762176
74349
755248
198395
96357
806420
350176
227290
116508
27917
603061
358439
368884
328022
300422
95034
26739
938770
926074
437978
379940
414603
90818
788638
383530
846098
236542
845445
334432
501213
309658
96608
91914
581258
811355
188272
904030
161531
931914
20539
189448
534975
895330
558333
379349
195752
169719
922441
134522
95793
360419
30815
26749
967589
819453
410279
813687
55995
255724
148119
73560
81734
761079
165475
179345
572435
870099
83375
733966
802013
620266
439767
853340
515597
514452
232690
227701
684171
155131
878576
779965
515550
909391
323066
999491
728844
733345
813178
301191
505422
477649
374752
103508
238728
540227
282853
327515
926678
882581
577834
728691
502847
17601
582031
534796
532053
331073
278850
216224
486204
157426
512541
518106
66817
835607
517597
312013
85305
847127
129556
590727
324776
504308
694235
79857
560887
493441
407372
487565
376022
985206
732608
395221
519159
314640
446370
51212
645713
725220
267437
648270
398998
296330
682728
982167
131938
200326
294180
217243
563805
423736
324322
888582
444397
18557
484791
521636
28350
892163
525554
920724
393722
258162
832298
912881
572802
278668
480446
734868
520240
747883
899490
919238
560565
582218
901405
692503
298896
711937
426098
862702
652025
750420
751284
96422
285330
752427
134411
830032
160942
659965
750757
554664
918127
583055
983898
7282
861723
464344
742150
898315
728579
641640
817553
289144
740210
235310
498000
39107
947247
440450
901809
599272
190871
169445
212047
992553
921872
346458
822585
82814
6423
89694
153831
440902
672749
654081
448184
50824
634777
190334
949139
879708
348326
283044
168852
88537
518354
183204
643996
981953
623655
545805
581226
330878
715250
309625
839783
153474
656083
662368
236288
178858
752063
906471
619760
941164
560552
67945
991989
711681
774631
457480
591389
639310
256877
276594
244199
775231
459798
888195
273537
599805
434000
854763
447035
665602
164388
286818
819076
336823
465539
571716
515681
733954
478188
135441
675118
555092
719738
183459
266774
494370
640940
858163
650032
897817
134757
894231
189400
110908
298778
462937
710713
732778
834052
157749
914732
514792
960919
733808
851615
426458
305524
883648
160412
300064
535442
835531
855157
255180
535342
121931
265902
692634
980094
432286
106803
114852
326517
812556
742112
625295
275493
452825
874425
625898
126926
789157
657042
604198
39317
508658
30656
861194
908658
191069
161258
444100
542952
16415
215633
594646
138346
481535
287281
118441
913822
394084
749645
756691
206640
8109
898339
998486
977286
289116
624384
104213
78274
281426
708411
633943
306436
255419
495137
215095
962840
656396
175547
22144
189163
391180
616791
327510
389068
904072
962303
819242
814508
228300
575933
21149
236409
990624
535987
213695
279741
160371
834260
874367
958149
59023
508310
780938
314443
519800
512385
277283
692548
204284
299428
881711
595465
432571
209221
500885
336643
687876
320127
151151
916176
412412
688652
152585
403037
224639
882633
682778
901362
716893
73497
375864
775917
98159
156802
606712
617959
185539
400347
310507
389823
216127
192219
501640
648698
917792
2525
501693
605669
322652
169197
521845
251417
857849
190783
654454
82489
73416
853584
500203
306661
443433
876067
598930
541592
549221
205642
159552
734760
122342
986411
640936
338469
178630
142576
503520
612775
661454
5213
218444
500458
174410
256641
751875
548612
963776
922681
147453
553544
776265
647656
860206
219698
523724
459136
761291
72945
181131
437195
324058
819825
423606
964994
674646
118589
623922
178166
247716
285376
699732
466160
302187
390494
239153
54062
939106
202930
976744
86559
756474
269361
734216
133032
489060
774292
108521
766703
363589
806004
720250
687647
625829
660208
168993
300475
778797
309268
478642
26513
110996
694726
9025
413183
85220
764531
467246
24327
967461
960342
627238
240287
229703
877806
889672
235115
168450
998193
518170
532040
804197
238420
736039
430026
898629
421385
730501
193778
730653
725495
736644
358001
420221
745669
771185
505442
510200
754783
46121
994013
715125
189711
750653
944828
67518
640325
179944
235968
638518
698114
284360
959067
452887
20400
389093
351516
958137
635946
61646
688790
877794
798290
563143
298015
543960
334328
319809
570512
89111
882282
80878
320588
71994
831531
781769
655864
471856
478065
891832
626726
692531
692545
102145
145418
712945
491238
13286
671082
643536
74933
876224
521330
873223
439367
335698
933535
290048
171859
504048
895511
54142
584926
216100
642488
932809
514221
298352
921017
992286
706536
547743
684817
399081
166240
830236
628378
657478
843522
815812
817366
434807
208388
855049
308031
647756
190747
241566
454156
878958
261966
349667
933100
363244
82119
91940
296053
596340
390292
217070
104978
96829
281165
789796
12262
447405
136384
640641
621235
496258
456453
954954
931066
664842
810003
755449
828950
517102
997015
799458
396060
775334
665477
845513
138578
263949
937453
434632
860289
844098
168054
481620
940927
449220
271416
953189
412977
407800
110182
34213
904058
82988
989167
835124
264182
799170
590573
609484
832624
103941
408942
228684
879275
74419
590549
17853
338368
528003
968837
715010
372101
136892
196630
829380
586112
984398
298921
515441
392198
409104
549654
812608
8444
55173
164085
272626
854343
271010
882110
203319
374951
291052
432004
770578
881823
538905
304784
736544
583260
273621
451554
471713
926865
164536
301093
29329
148934
116367
544771
57484
525471
94425
870092
50267
665951
34177
322893
520294
305188
205003
239966
196491
12407
671970
967070
894230
727227
788206
630774
310488
578179
598680
782201
505045
763216
83295
534374
428502
716014
595497
485986
757837
206275
356079
808104
872226
906608
130997
908872
211796
336000
148838
408288
864759
337160
891710
275341
64388
679916
906116
374876
258095
21148
157077
279492
300717
756724
813867
729219
472738
925716
731558
230575
131991
603989
38679
4217
510597
686028
913090
722394
538380
61928
647034
403139
915441
55096
678481
979829
735012
100949
354705
509459
122097
28134
788952
422814
301211
119171
668386
773949
44887
916296
520877
176879
520285
75908
697448
30882
761937
126890
269628
300317
705171
916662
703457
620612
971758
898290
600441
223122
999239
471498
732582
637688
499632
521534
576855
800843
157057
245241
91145
201944
161537
612022
895175
681822
204282
108976
229056
966219
235866
498685
266537
941037
931699
486346
78001
903458
384636
194794
642932
900227
666292
375514
537915
682277
413400
114770
999472
570457
876363
606969
288754
37900
735343
183929
236074
939626
292905
465131
905845
45124
480168
688734
502513
411867
691432
580515
831677
592420
775309
474610
492647
957954
366476
30563
156583
296229
145333
156055
866686
21697
763025
155440
575949
14720
855722
328376
954346
664979
309859
376544
710103
790027
581630
212617
718246
273063
309484
66276
865483
84793
540886
358131
559099
423714
905046
715682
719943
566731
388090
102982
104780
667467
258422
197082
682187
630496
525458
636534
295476
351669
529430
521931
658048
111060
250900
376294
900475
560384
442570
765959
161530
499808
640442
720629
923523
61840
952664
159818
628571
340754
262800
249704
8221
37575
446786
206760
668071
488596
359646
479899
840265
889076
1831
14665
516489
252731
907311
416964
329468
349882
182923
490998
366042
339717
727979
805917
401557
680643
482088
546481
21397
744888
796185
545970
782463
242971
752731
966887
247919
112377
963138
88184
517806
481321
102849
34295
250405
10160
451259
579873
876394
150535
70871
758789
490252
798850
81058
408162
995846
563146
954643
533595
308035
750828
79566
606850
510151
348649
90089
758070
977378
53228
362606
495184
50901
981807
45831
301306
508319
497091
881179
901066
647626
468402
176207
654230
783605
257265
62392
779451
820412
533387
829398
644799
800567
908964
768001
310718
773965
858091
585140
751344
427671
464098
762880
478572
962257
808712
296231
986929
822155
177410
404347
986133
162165
580554
156715
945770
837819
219108
241573
174583
268847
70971
335734
69415
496288
103736
896485
786605
478179
997978
537949
905850
462076
817182
900774
940686
142246
197005
927615
964401
890768
331962
466886
569285
428868
623601
515055
783039
359061
272980
473975
627909
860303
809709
697324
356591
429797
110161
659549
907976
108139
713850
330178
86568
531032
747305
27254
189630
460662
471221
670383
351430
319535
137269
920715
264755
277223
952122
47794
636284
741454
521769
780545
601758
331479
994221
474701
761276
104383
134250
185605
212522
848101
515783
815442
895485
263088
359048
85116
723751
346621
755499
591533
182508
409121
28601
447263
686344
497075
495058
838980
238530
533179
619526
356640
381010
613747
831341
142287
234482
481944
844244
963357
846397
360027
778799
741882
139468
654200
343350
379571
821
615202
487456
183330
24323
516057
630593
710667
529485
642003
549647
768015
175183
685525
124655
556193
299273
472348
214832
50107
470644
59076
13464
317041
935456
308616
575276
591276
962816
918626
970847
963637
533828
974655
146967
74503
490713
293913
785170
536550
935916
851170
304565
111099
536695
945572
667293
352320
934272
882125
402428
404917
457554
415892
238310
393010
240860
813586
984286
203676
248565
471485
167314
298745
446140
830633
373249
453205
124546
158419
989755
576815
525941
810672
687914
62637
272596
871559
414957
206869
753685
333737
611786
211239
749630
366448
120601
506842
180035
621239
710519
944952
92724
394185
243697
55216
224818
616946
24774
865717
291718
530881
442532
817659
341554
646798
396648
614150
518358
811606
337371
272043
145343
465509
999634
411325
831958
120235
918168
528345
741474
145039
473297
350550
539224
716994
922118
764042
850293
946892
146111
658363
477774
104995
992374
335680
751794
389023
466182
270152
716981
803554
542195
862324
269063
58181
790002
101021
694768
224522
629366
952594
369561
619015
303144
908785
336010
225262
189179
702655
688507
851643
361018
682633
956638
353392
18313
708432
258767
847
978584
975748
804401
37131
354425
589817
95312
144427
207190
790080
885301
352909
742674
254862
971924
562170
679999
824286
303785
385530
43293
508644
237173
404311
191277
193812
274056
725942
418596
49175
726789
397181
24924
47543
950664
379349
153712
45977
40128
360902
352409
441781
230163
611436
212995
718440
173606
892994
542726
993743
794876
586020
502387
32050
506683
210016
742214
297091
935958
677162
346267
179100
590695
887543
742995
541360
783244
413059
587337
339724
290313
456098
781505
520477
67534
994500
238917
757493
403846
297995
267588
198722
400367
769976
747124
423403
496344
5690
236846
948655
682853
99465
644107
273548
987008
387102
814908
770252
800161
918597
109976
606826
374696
407833
127303
958582
402333
882572
232427
322531
696920
500016
521254
613639
786344
784730
37042
282688
790421
790241
231343
989626
889706
875450
263174
393067
778904
594435
679671
95417
29384
306000
702244
920432
713833
829547
879015
632519
228472
111442
955050
441744
127810
992656
55383
914154
777387
608778
196843
84160
399019
428186
73786
805077
819989
853312
198144
598893
964099
394168
694311
993484
700168
396555
913916
414001
742454
309283
562872
487278
420726
34275
929022
548536
26931
984406
462691
320670
593184
175886
404830
508555
604072
994968
829984
940413
364633
28129
539307
328732
422297
233618
322216
638817
146525
236133
569170
405331
61768
132043
892610
482494
166318
821632
547383
709601
322390
526426
30272
431926
702312
951454
456833
822736
462775
286818
763150
827408
831299
818809
156140
769948
568779
478357
408765
231656
230842
977935
636987
292610
626330
45949
291457
792648
867582
355192
502250
706324
397970
48874
138251
616634
516680
595084
955722
979455
881902
718872
806863
713201
54033
479356
483149
622812
474065
408266
854468
704907
386202
491456
513869
12532
537405
321678
321533
921339
193222
340135
144016
591192
905361
798619
207826
422041
393703
163549
401497
791958
398773
724712
21511
452807
204068
21013
591971
678133
945631
446440
899392
331833
454248
929614
860718
508005
767644
698603
945697
960867
38738
89713
68411
944099
404684
792590
882492
798387
472491
800341
106697
871264
525054
644561
840423
245474
181926
948747
923608
127557
911539
339352
975743
365787
785318
836461
390144
552963
535064
852193
30182
90154
458258
98593
550605
862942
891183
433097
177682
363674
233439
284379
751291
274845
445292
108066
520319
627218
56813
960279
271128
968352
815984
246871
850491
601302
599684
756988
154265
651100
609181
184447
741254
67440
799393
808211
930382
690576
757660
624416
570603
991099
425148
838246
782296
870440
946312
818968
14011
3126
295599
285139
487830
111583
532010
338322
712886
648046
95310
383503
299146
704491
84303
40400
288283
883696
364963
735018
90624
122623
359434
177579
630075
784582
15825
412371
171375
962138
747691
185386
481616
43291
470525
969446
154874
518887
307768
384112
683285
919430
767616
982431
140274
368271
539183
944909
251967
904146
679927
858943
26769
555714
36523
656844
340296
52348
585568
511671
14486
333259
697057
496102
376550
683934
981901
47777
719173
806021
431889
402458
725452
715857
901241
382078
84128
440424
326987
336095
344570
6915
711391
887692
562629
747914
544536
419277
800262
646456
930949
331101
979716
144358
343555
872618
344645
325456
920395
580170
131478
352285
498981
373282
68142
400222
755360
152271
356999
82347
4718
701569
605614
716109
105613
684595
980375
166502
620225
780638
812958
67526
628091
309026
211884
487998
181645
72881
813455
618392
169404
461285
970677
184737
350919
555172
101311
622631
223795
458310
221330
744865
676232
826945
460975
781845
27892
441350
948347
648117
738340
277658
715643
882783
586684
443880
370782
284681
33113
184237
903074
718869
161874
390103
903606
29145
945275
521270
651776
685422
979580
873106
430288
172164
700051
407615
470362
244296
365317
418709
892413
103658
212719
124409
986441
799404
568289
357223
600437
117754
57812
503511
836624
736038
893615
256582
765183
355242
777852
416959
557017
273785
290066
987305
445949
506469
911272
916311
750765
276589
851373
159531
896599
64092
800292
399393
379848
368581
272968
980286
2687
847133
149
839311
583171
410116
95894
864707
281711
390098
798018
838728
663883
88084
342385
626185
110906
253657
542496
378023
46598
910221
53906
459550
490666
854198
858943
870514
739131
131911
367152
741819
495396
367302
581130
594920
293770
193376
459627
575481
583475
257645
414209
763710
862082
272946
389895
972988
42955
448744
867363
89554
358965
921270
549104
849631
775468
924399
236498
514600
572662
603650
256419
68059
487304
353901
662979
297427
63630
122606
872908
163457
896603
803470
927167
758685
76416
833415
248025
635724
282159
115389
725278
641124
36659
790734
7108
328479
231485
243606
843079
804147
363608
615850
872206
367265
486104
51537
664692
549734
690495
53952
229543
587099
857422
673062
862136
450191
506477
110162
85915
788636
741903
327545
946113
294914
634631
469573
623393
866116
713179
466473
186615
593139
598675
575174
960404
84779
626711
141448
150865
833559
195401
380408
420658
569175
569823
799146
535718
76300
425660
137985
381289
167563
465530
843754
462477
616513
313327
85871
998981
542858
68696
185597
135997
183723
277123
612754
268503
903834
754202
935720
737393
465955
832481
674403
551483
402304
989902
87201
994956
415562
741539
892597
583126
207069
736351
561955
339935
49678
164178
338916
108888
749226
40865
244886
932950
317988
373992
717805
738175
644546
653525
991920
110502
2358
666324
178337
404662
656226
781890
915971
71788
523429
808568
171266
246851
544920
249574
586786
110950
930104
442054
219839
679331
482920
981077
128633
800908
355069
846438
55435
999615
16315
47356
626469
18674
713680
321158
939688
886258
103049
855659
474398
142830
664228
162017
389681
725500
927943
492819
352802
858047
934874
572641
53730
417794
70070
182363
735054
425139
545153
790490
941107
561469
837846
83928
96495
67878
405087
552535
470488
24488
924547
944886
167318
588775
106903
73352
830627
34846
566171
183429
409246
501045
272423
462976
435191
342493
645340
686598
283985
706845
477088
741444
784666
831286
825372
881161
415516
746811
950049
886004
771299
874596
830890
454970
979723
454146
528322
810350
5344
94493
993779
414590
595539
266202
877567
547082
125048
39259
233680
409033
262456
710768
150477
47123
58406
492201
444636
473922
239013
394685
359926
526664
269281
707169
981634
249004
161315
26308
59354
683011
120802
569486
97602
232693
352040
491521
779775
477088
47132
13456
402473
309588
240576
69302
356711
815335
561504
317700
289257
316869
712385
165536
359885
981667
389057
857872
230671
550372
884180
806378
749735
4982
892216
847337
237675
244256
855210
533803
237697
418694
63611
640170
244635
304187
225825
117698
119522
303681
435398
925132
620550
147784
607020
496787
129451
996077
354659
876474
62801
238840
199204
812536
760174
91420
176226
514202
335677
547788
48005
573374
966483
111616
729896
211118
932155
955721
328816
51678
259402
764215
493162
396304
428351
100182
893092
557802
96259
247751
950628
675412
2943
149833
487948
763118
757605
664174
277320
93282
211963
325325
183008
694798
953293
429257
905916
885448
384978
751084
453478
644381
31651
946640
557037
460002
563174
450129
17804
175785
214233
484785
851197
217176
150970
339146
496646
908575
519672
773966
518210
247987
615643
701218
942785
85288
130475
848701
970737
31806
116138
940567
192539
147789
887208
749576
607792
966734
716058
141948
142520
930291
626733
993717
663819
777703
849215
676818
202631
885240
967136
720841
133227
582780
422059
76013
668068
68887
441066
155157
100693
557204
95725
293232
221346
499285
559160
829138
466019
275218
971086
124891
721861
114172
634961
902033
891875
528
578851
94506
885768
545987
815347
18996
645119
753759
611361
829540
822646
568779
984697
439691
125984
596774
249275
863682
96059
808435
692820
78431
83654
663906
719674
321867
294430
354635
223900
702658
355164
802751
313516
240932
865091
645216
776280
510210
398975
387641
339750
737973
956421
324448
694016
598757
437574
943291
462439
49986
751726
671611
644769
351732
335517
364443
673600
146300
719079
897500
848958
590595
216604
162474
347879
81695
807690
124160
591905
206665
28153
931656
460990
500926
772456
155006
99683
726382
98297
78474
776368
366376
750085
421137
718108
601955
785581
391708
748255
21012
805561
597213
127959
22165
759687
475838
620212
83730
116350
212117
806747
144504
660125
267738
645430
948933
939096
261466
675316
553746
339940
968036
920122
90026
389174
638230
208333
691107
546291
956588
228471
868204
70153
356430
406721
346192
348620
26933
429922
464971
755402
236670
609475
931880
20760
254905
880813
959856
516371
72481
513602
372664
40518
950076
979042
946044
104659
187375
637151
167302
143963
381974
35506
730468
738404
958579
76660
87024
501864
22935
68347
257266
259605
677822
705498
796717
449080
102664
756573
481803
175145
786528
854467
732015
252956
833509
678059
357615
537236
315210
524917
197551
697184
76775
928019
951940
35354
521032
555317
537218
543967
623664
310837
803572
817839
16335
116641
266919
118999
873214
265074
810497
176094
119542
542512
429051
469403
220572
303018
6640
52134
827936
204191
265671
421063
648563
217611
456418
169595
289280
509988
713562
429297
820825
33486
247136
353513
150127
30407
472512
539693
295481
283009
232140
931375
341874
661191
917131
562446
964209
440123
614580
308497
160666
396603
729561
809229
614215
702331
495176
419847
212319
208738
849144
549497
758576
96280
903010
908703
643039
891874
964749
938521
691236
196889
386248
33110
374432
303379
111908
854993
743502
242840
163491
904169
639444
409404
229750
770011
111735
724927
189858
840406
933665
555355
389903
208594
651635
809265
117297
811027
701140
82046
749548
392376
795287
135796
941838
169719
955528
53746
24713
215382
296586
704556
119551
936030
630312
865654
706041
258399
590581
895900
98805
40598
451255
5061
249192
619242
814326
882842
946621
31818
481240
696169
940546
276528
348318
882384
962599
820198
936130
987312
35580
232717
208220
155132
685099
838532
537138
391141
96931
127719
803393
712089
684669
771000
717150
933862
906594
47828
816704
853216
79647
814296
65737
536545
90824
414055
418930
53424
750605
355060
557088
786186
104129
281661
457670
789229
120193
994808
696722
217125
122527
500115
445566
807196
787467
162716
257410
694061
726896
590466
63629
322895
404763
129367
859441
11939
59774
278371
581715
810380
149783
655156
596566
770265
936817
570588
559494
57010
565396
772568
790487
204275
272683
236053
11471
576502
915121
785234
786915
642018
375700
850545
964913
780463
496264
340706
308755
72390
619077
890470
882770
285213
545626
995688
55478
482443
566276
131324
55806
648024
903892
362645
852299
692927
598699
863771
269429
30172
165357
56344
188542
541057
423241
669808
837873
919505
10514
146628
991896
145944
553450
391018
431157
99077
903059
2987
97872
985687
134311
670030
633712
38203
32676
486011
731130
147727
866134
516911
694251
31491
573255
882794
88901
512849
552602
926774
432354
563116
589754
940602
709060
143204
847973
656569
758633
751032
659556
372858
736719
310219
42888
886783
348422
591916
372795
595904
255995
755281
112815
950247
786773
202423
833041
875674
715272
385643
318800
663978
948759
908554
120933
174172
51758
968906
347093
326744
236290
6650
699602
489361
833221
258842
892497
181644
850759
265292
293900
106754
536925
923068
57001
840050
125491
406394
232076
357115
792037
550876
537445
257149
975782
174730
947673
543893
659988
294766
870637
896278
817768
570239
901992
650990
829081
794489
348986
196192
576133
642886
819299
113058
565954
392652
953109
207797
799047
701537
81264
107436
768766
618710
364585
744548
793440
828610
288441
453429
123377
159078
866059
457497
245669
768051
108487
591103
78892
973825
787295
655025
616712
122946
768084
699018
515599
237545
423168
830998
455434
504432
938434
224200
123142
819372
968749
432935
647982
257190
402716
287711
932621
785127
745209
178290
69531
370048
285745
148423
343874
589393
803449
476938
712339
87885
175956
744290
841782
599124
91640
297216
619909
30075
521417
259403
365799
6518
692338
530133
780060
611406
334197
712681
396534
79406
407324
466065
965806
693069
130840
309680
798814
934289
302970
511154
22174
995279
771796
380308
110755
863437
677525
730664
409864
715294
990068
775663
721812
198758
822148
18224
326517
156345
730906
239403
752103
654582
221820
717910
864003
352660
543942
662818
286950
846913
173972
825476
842192
462120
205785
469299
325557
399662
199964
735421
631308
706384
27436
869472
905142
365937
887696
748011
38634
618602
987414
790738
789536
209234
508648
653540
561895
568942
316358
365197
932207
6682
190673
290751
468802
912810
760051
794360
828824
960015
46133
460132
666399
589922
329604
87893
472211
733653
835905
510845
352255
339671
301583
658144
548906
326583
311684
110801
411878
628042
475998
344085
634724
183023
634837
103526
612186
394888
414238
441010
871255
976724
417495
54006
82998
263451
658251
555209
997104
494156
582406
865712
350180
400342
523856
899086
726925
835540
526239
138803
463582
518589
999241
98306
701612
634078
718184
830150
545318
648775
271161
416573
625499
205008
986931
224849
468459
645182
296410
465564
655691
878816
331276
5871
279158
855132
904957
522436
207024
947548
177591
670606
466137
176832
285264
684101
327262
519800
514252
872580
168575
301765
805505
310426
506773
792436
535275
975232
953971
831685
440796
609662
226854
288424
131885
506012
659908
553194
544800
866932
500742
722392
537538
966879
415576
339154
650980
742839
858955
681584
131771
543882
983349
937277
854309
490122
246065
389584
465355
716388
737622
422503
326050
964476
710928
974287
986840
370836
527481
47993
237769
28223
770385
291659
511454
702313
147166
678787
445152
6121
360371
576924
550003
343721
30553
920664
833843
792970
310249
815550
509359
564223
238054
351761
45051
465334
326049
548243
836170
369882
596236
590291
398106
882973
398303
425912
585287
545469
104699
546791
67942
465071
640067
617945
808792
186972
538610
158987
979943
365211
974538
5654
445786
212592
873767
7189
194278
199816
555432
30448
86051
668021
137092
509
550994
51747
426421
652633
597216
531121
199425
665158
512544
839492
799455
321336
26465
854417
996675
522760
735980
971213
44766
181766
700157
918533
188955
894435
634702
260740
441236
720753
445113
94680
721262
996107
146427
147683
165093
743643
195156
880870
925153
707700
236714
724608
545388
263179
95378
542064
302291
831358
29629
347057
529477
729787
265591
718432
140574
900293
495524
98162
621046
940637
192842
858660
453097
339269
6343
618190
599264
717852
15412
524417
425552
252126
765378
970941
31658
860756
29357
333949
208466
58986
197359
737943
305125
462950
972728
445700
879595
984604
60214
16993
925242
253057
875653
894691
108678
398348
29233
224295
116200
44645
265064
58105
296771
30442
545398
328429
407550
574755
662379
132369
633741
376090
870312
938867
839040
359392
900919
234987
343997
477485
251980
269239
246894
643985
680282
355573
558685
709515
579868
191238
754160
361284
249343
50931
908079
794741
895713
315629
885848
74444
964350
519589
450534
834663
974808
805926
194055
392079
40913
54404
869565
809245
323643
116459
969582
3925
988384
528267
229792
84604
235857
983952
445889
485200
551236
353968
796293
446949
185949
682141
521393
150300
718083
971927
501315
209243
777853
211722
117675
335118
266127
503592
144363
106122
136403
630297
626400
124788
158564
856192
725744
910774
356497
171633
395974
907733
41953
708620
354682
744255
907113
392427
410907
141548
364354
912222
350792
658559
640296
468467
993677
906423
488411
654392
528898
624814
284689
671650
749602
959605
44194
991699
870379
400691
679684
782706
308424
721638
491326
179458
465893
914791
571885
876800
56340
936239
305374
407132
111150
945670
391951
104827
368446
880362
759219
413696
505176
43908
85346
771131
519866
129540
762830
390245
46584
442514
172951
355008
680504
180629
50819
662749
95421
622704
55901
151761
75296
877627
75245
186446
339650
983548
291274
224448
380262
566845
638144
401790
127106
239842
689273
646972
885734
968455
37217
932318
927322
726521
803679
607826
907150
854498
786928
518923
477202
842829
670684
68850
236809
262281
255297
576459
762181
62923
800907
142443
146120
439051
60586
789578
195245
749859
436550
80979
718315
990120
529650
645637
716641
333329
769815
140143
704179
556743
659067
697733
915925
846103
766584
152734
624737
538233
729193
386918
117508
46452
529362
263628
1855
106300
53207
197100
856159
6109
794431
574474
512581
324081
736463
229222
173762
506279
885718
877941
63022
61137
575675
495299
907240
858611
648033
531977
913196
893578
435248
30704
940030
480962
810684
941885
587262
380243
655337
443421
386353
449769
534248
898934
290202
270711
644509
980317
776990
46579
858258
356365
107716
950285
851664
531308
325248
16050
63286
238444
909628
498534
269148
849659
495848
596185
307896
83110
976428
963234
526531
362781
929355
60779
778068
735909
847843
938929
716226
141185
985508
574485
497550
609576
41122
865567
140884
882723
881617
720522
121167
307597
735408
906668
157256
231256
502853
981505
314366
479281
461091
357250
358415
390446
934381
652835
126355
782224
591764
842582
923410
93624
933419
937312
703200
490893
319231
360436
373616
200848
80959
494784
508446
332719
401452
182054
563976
904305
679911
878342
899938
141002
751944
258353
47800
686326
911188
174156
468550
19304
533090
908312
112928
982861
845625
332480
990106
164856
692917
363723
882057
290228
374859
906855
622947
292663
88909
186923
713320
285173
581618
613258
426175
333562
871612
473976
19888
299152
164484
4791
318457
697574
913103
431385
196787
275080
280218
186893
956289
973135
66968
838346
263363
441827
261553
402662
250842
866814
589586
964162
151987
687556
93773
578163
21118
481737
568491
557359
780889
732975
562150
99346
946901
991605
47084
143688
266686
327302
846933
222975
816789
913902
577673
596504
872081
839226
999166
122924
706040
105104
603438
858028
792660
697211
952543
330131
178948
521034
887490
476190
770361
965992
575536
717262
957597
138972
377302
224283
982626
740587
963610
315767
654489
541283
912271
42923
896861
427790
165847
602902
532894
769285
977282
325555
982849
446177
655686
161797
483563
59528
637987
253924
25520
729876
487538
499469
385200
381192
723753
884179
121779
203715
199946
292621
744999
628570
335544
641860
56360
17743
761114
589254
303380
254748
914809
286229
700925
86847
964379
184488
662727
118718
954764
688247
848594
442302
187717
750147
339846
427822
634326
461626
631537
834272
270599
892888
462842
122495
51101
35554
656590
328567
624809
959970
583316
55970
762552
800593
142818
726931
501434
321897
845649
456198
10145
210596
414853
714214
960743
754699
658388
111421
732677
289925
462045
3276
699166
924888
642123
750267
476794
298713
78834
101603
775036
662150
157574
537588
462744
816744
780871
480530
138641
142872
936728
665138
353468
351581
895704
830563
622633
554092
941984
355310
844018
404030
874939
59536
845270
33414
809803
322064
332128
888637
940020
107164
67140
613946
161104
46236
430690
941975
526766
85683
84847
463494
267174
954668
331428
162878
301583
954061
716971
759920
825723
77341
680302
217014
136877
525572
250429
946680
363988
582557
351669
820360
206073
418809
434306
367177
465045
864996
825504
508163
467032
426703
971658
734206
897723
819438
897084
199307
289851
614055
959227
631926
207748
639529
848941
344625
681453
99370
807657
561793
198279
159327
382154
920704
94488
816460
804233
75886
197809
629737
584049
664841
572792
72059
915399
470516
891497
812483
669823
181348
942891
145402
813275
666991
301283
178568
527969
499088
794290
335626
577233
508921
11305
475739
429625
105794
808552
750210
698032
6361
379947
282081
187554
469091
354141
619305
939607
245638
431788
125782
943339
891031
787536
272966
558023
88819
967886
85992
104259
762176
937970
681493
271097
949276
673584
217074
571422
482136
967284
269454
4849
863583
67887
192403
332674
422028
811708
788634
184019
759849
914416
643710
167232
701953
916676
241607
307124
884562
327599
927736
163090
781922
125581
434187
247550
799165
651261
335324
281302
134897
121130
286151
998480
189017
994907
331154
611046
322967
119788
795065
599168
550557
955127
766401
252510
871803
8008
75986
272717
851960
3722
435807
150234
645655
386346
397784
444821
553959
733108
242475
688856
854238
44978
687336
43255
556237
534842
170653
879205
654631
482070
478373
721540
437197
761126
490402
825352
285487
566388
98069
137447
86463
50228
287681
732118
436574
201817
693291
506885
934925
452118
195741
305515
497097
883077
348770
53334
934272
35776
448891
588903
517846
927265
826795
955044
204743
317197
296748
490230
883585
394818
144029
486400
961398
948062
734871
914325
149879
428162
421210
601156
880281
616952
906671
893730
16381
771794
947064
950653
807570
395956
55908
841768
839573
882703
313164
44316
199900
609913
50899
599838
4731
711280
602590
482481
659343
337461
396806
325574
281976
818017
926731
678609
951321
833402
572339
967702
121548
519403
434708
929118
431711
6968
770887
787636
889672
600403
831953
605924
210316
399204
722114
731399
110484
324705
213881
286179
178518
610687
611754
460494
945056
538485
139103
896377
888239
711442
864080
9788
747198
815140
455258
695261
822108
742497
482898
228132
342901
831203
834057
553217
230407
72523
800969
857243
397228
14850
143423
92099
141889
755177
552593
86946
810014
208049
983323
698253
919491
363755
708041
183041
178895
679652
394655
1004
422149
877553
229136
765050
708756
579545
834620
455515
652069
635589
829110
565649
166791
972533
174100
308680
244062
726694
911978
54076
934743
895302
268682
370586
775409
976723
69980
954305
656375
464635
471661
594877
342188
217149
359927
567296
796695
194547
539163
965116
346488
368273
47117
513279
857159
221218
821960
101221
464264
733938
155298
399007
145592
940332
285945
921002
917055
355925
391659
89783
336912
863320
201012
195452
596821
560939
279100
393516
271839
818263
874984
134679
186537
922102
647959
43696
659672
986271
661269
123936
236561
332919
39295
382154
273251
325240
819508
706659
197518
211167
796442
534430
590839
513806
729883
187660
74745
8983
97529
862936
343599
488865
513968
530136
410967
161927
90184
586991
148198
751453
710927
901111
84373
750222
283265
357624
591815
619125
64283
789333
830292
377077
323763
937483
407235
569998
641496
481981
95334
255377
861269
438933
744242
375237
485421
671562
53516
91957
258553
718066
843410
485833
619178
444135
752407
418795
318112
344222
37921
898747
133555
384565
792177
973671
322049
199412
60021
479897
197745
155355
735274
59015
110640
995868
950604
596061
667430
520473
688018
925984
238539
47781
928169
374069
8268
680576
792865
326380
24799
830786
225128
158354
215351
17305
648377
53752
216717
708399
533649
930815
380106
785275
506182
490747
781144
456786
603160
448574
493611
807531
890910
732151
855312
335431
106220
379932
16008
415437
706313
40807
246223
447793
715513
977927
465098
880243
31679
198167
588642
81681
128982
968748
866956
151516
975847
164452
608303
579008
129379
618266
902891
536641
866769
274555
872073
489342
654487
888081
904779
360800
445240
151003
808593
677105
645282
790043
557348
676961
504563
662342
758642
149897
147443
141951
301414
123290
822755
426069
218650
952134
44335
121541
488776
911105
396096
360849
400447
50584
765282
821578
927736
210522
972581
736330
403979
617863
42725
961328
811177
547288
140022
86171
213538
287465
228122
514952
927108
567230
457373
145758
519364
501708
783652
8140
929165
696100
885341
845964
263036
650623
667543
190773
377497
156476
443455
297829
774340
2532
775509
101869
66173
915531
188040
279711
202997
932515
311015
130105
499745
768388
792215
535461
786448
92219
543602
715614
788320
945295
561578
51356
112271
745473
758481
6120
901950
201936
303949
192642
720821
79458
294511
786994
994990
998903
66705
714339
931418
377720
360796
947515
662460
153011
482977
448908
761583
542931
164522
549903
488226
242453
117611
116849
987926
876093
122970
889876
594381
943271
82518
315202
22730
893381
102196
534072
892285
168901
248411
823703
62973
609207
287571
725433
278570
770548
174342
40153
829831
855216
106408
834409
614021
224020
951259
601948
100113
590581
8176
210846
533852
607047
526049
72934
500428
144597
607006
392713
829851
855417
732769
892824
980976
20340
134610
775899
307240
825304
332404
137071
196872
438813
487832
810894
179185
439091
929194
795650
546024
453722
6496
79877
60769
48897
152811
77550
193495
759818
470263
23346
131587
719384
432522
628916
256076
83484
921167
79668
908788
253571
733091
105661
208736
220924
432907
387921
176367
362101
183571
722392
332175
706420
318621
392945
755317
471432
986847
948812
747602
973462
488510
395542
692847
437385
540810
465275
520869
461977
544944
946010
231900
278035
568023
956989
498959
930
344910
191679
879383
44834
914071
211558
751254
232692
120855
506571
220476
107702
971736
968079
81165
976598
879973
290364
413983
420783
755639
934853
399112
300583
880863
147364
94971
965238
104353
110282
966168
965616
301961
361903
526802
216032
89813
278056
448724
727021
300979
185553
834723
789067
153632
432240
765666
549957
238956
179649
487092
994596
114502
886204
811531
511717
549920
906502
993307
170626
16785
475827
136242
318746
837730
663044
51131
443896
457452
16207
170917
758431
201760
521992
547499
355392
954233
313165
421701
193189
9166
908793
704137
640021
794997
32021
668090
861270
938523
661398
31896
471660
137225
168138
306759
491308
347534
357890
935204
321338
374097
106121
79769
575858
628113
143620
447602
98698
973137
869304
808240
498656
778097
28729
138677
89447
60750
806767
950717
999274
468165
498965
987286
121743
183455
294045
613051
530989
651935
548255
852327
26033
170728
448448
118243
315193
108421
565845
413892
597910
951501
738484
96566
729599
767213
235243
335398
827964
558363
802467
343590
542880
301432
330876
664623
484887
141274
277674
532228
793209
342281
900907
335594
29361
349355
453837
344555
974128
536035
274799
572039
487536
13283
184957
217135
296848
420201
68885
641164
494916
871352
501106
37796
172784
831983
702420
174023
489609
496446
706251
282818
355080
607158
618413
384441
472866
588602
245348
446994
124637
520147
535385
612174
49782
720343
345661
346631
656896
414547
504147
151812
802251
5254
189608
975036
353589
408380
149059
843198
904827
371663
126016
259907
978821
260781
160700
451687
365736
406049
415034
6725
926196
950419
135251
492331
187114
480913
355314
360362
411812
859461
512174
214063
864715
218135
705451
734656
626515
370863
577854
47694
742526
220223
823953
721347
997356
984654
689387
363092
907055
620773
369818
349603
87544
505069
841934
274659
502334
197248
151373
430498
573062
663548
644562
954129
398035
866365
688786
540902
237228
266640
588597
979754
3215
412550
217454
572
913556
906841
880016
820611
43966
249834
170215
131510
271256
528501
922521
289942
725750
73895
720441
298812
253795
365003
769293
651830
231368
458079
192732
984949
241072
297681
964703
244287
226584
182157
761211
140140
605350
641228
477104
165668
407414
647319
297179
678670
175820
219700
484965
417922
293595
205406
233086
547390
86761
2380
715572
834481
976811
908305
819430
217883
722338
300486
978523
948922
482643
256086
89063
604346
897314
566167
770014
304729
729838
583545
499751
422010
803246
984716
356285
613193
706474
589371
676936
793235
108103
392508
627717
84915
817165
963499
819150
539504
263985
314025
488426
262981
570112
93841
867327
983778
176360
153693
288507
422550
737239
304611
844561
56837
805679
200846
670030
512154
306569
346966
821741
931025
739475
449458
532292
72992
412958
351442
612496
193295
181820
617275
456276
751932
711116
323603
252062
887477
993649
56922
310027
247240
361533
670940
304077
683564
388138
974107
712070
211060
837426
533812
142085
93253
983270
674377
166245
912580
25819
778742
105876
723991
396017
562152
992275
623485
402108
244338
510962
912109
301260
337342
159349
179145
524634
463426
862709
912773
953885
574780
123833
307663
624944
265918
400916
124566
940295
83514
553499
482466
862256
659375
722810
774625
737879
715085
398110
656339
959423
425425
568448
777035
279119
244149
956180
803753
223927
335242
716526
694165
426374
356711
1828
51318
622629
919097
175884
79276
2611
729383
78095
381219
905110
800905
155844
159342
32342
70306
332033
991766
495731
416834
285153
291202
660983
241334
94956
884911
92928
327834
579076
519302
684546
97256
86972
823527
16353
779208
419156
535316
24944
497251
916535
930054
814508
72379
605748
846850
659038
937782
354968
671121
354616
640122
962324
531951
397808
57280
416862
490736
385114
512290
526390
586012
125899
129714
409540
142252
908922
828696
193921
933866
325947
110456
380273
656807
182836
986021
503657
358226
440155
858626
29347
794771
15100
991671
326723
412908
48951
259937
419996
950418
288580
946386
536430
414479
592452
945970
73083
17726
291018
267004
951593
133317
377461
848218
790124
76649
350591
293782
951227
790747
668760
980574
101870
683860
972246
944945
613120
537549
721235
33116
4319
526167
495854
57102
940646
88306
3072
530081
106032
810443
313438
573977
943760
207251
938547
733885
800252
289139
544019
751479
596238
212779
732053
214460
412991
220651
159406
26111
274553
396993
575579
278872
923160
587785
335974
380158
676091
855399
910239
298475
665842
223677
388805
609602
947280
327352
859839
747532
132843
403858
499011
729081
132989
747417
943542
545980
968068
619300
88443
758973
532645
180374
37846
455805
768159
890172
835963
960602
745571
262554
259078
927765
2584
164235
53720
949864
491587
913559
213749
624431
833770
712760
869864
966759
976529
329758
29092
460950
465410
633887
219923
998055
814262
774121
453860
98773
664294
806175
59376
926217
68730
834806
853983
587666
999041
907703
53882
6980
337614
267631
147763
171384
496744
533980
138144
473273
863738
683588
450575
329149
317475
670499
327204
648089
444620
297417
746863
625266
619944
806239
551484
205026
157397
921819
792692
672790
345874
846575
196122
683488
114206
343886
371225
610950
394218
25721
600576
257956
709309
51151
103457
26784
238002
947014
674874
198975
760783
421737
824241
380727
744328
892077
585754
418077
813896
378446
90867
159770
741373
803341
359611
855580
147227
730836
982882
57797
756557
99810
315754
465866
150962
935563
9002
905316
882577
683876
104291
643360
621965
444885
540440
882645
336962
126194
817074
150859
20992
424293
310629
762366
227635
186592
134298
891214
917428
633532
949012
190337
733343
781118
656203
400657
716681
665206
305973
599259
865434
926617
758971
3752
371502
299411
402749
708464
941957
219824
375675
962950
160469
202657
241668
388104
389249
892318
279319
823030
525850
744683
13367
775545
525801
669571
692554
242482
851129
514880
358093
232915
441497
633417
753019
329351
449180
155769
554167
391138
891945
929843
870440
52414
132500
628460
440519
521749
37130
236190
344779
79332
980873
874499
854878
23026
60422
63784
781860
911551
578664
139954
660818
536513
289723
413838
382216
738903
85959
936384
646393
977904
866227
33185
546670
515079
177997
987189
553180
215127
739731
414312
294460
236956
288811
665690
259982
349233
729474
41843
777136
824491
698149
437954
361004
987872
368144
743221
243127
970455
195957
405873
948359
62184
955410
11382
577263
133408
514923
646795
348535
254655
61107
642995
7963
349918
308685
784298
699151
554512
826141
476287
379003
40642
430594
740007
544866
315090
999580
304345
285546
195537
710218
750257
774073
665629
761639
867688
315389
276563
514484
663924
47570
575591
823272
55533
441862
648309
839831
141013
202821
182324
133653
98176
739318
564247
354536
284184
879337
354116
104882
681235
66006
331452
431493
840079
997081
193132
224120
828822
986047
738604
492747
33617
830547
832371
605503
272409
480680
961686
413423
199854
144011
63428
814382
399681
144027
168918
200218
539716
523035
305100
220952
105393
636552
652445
461824
149986
361929
685944
978808
347977
940900
987907
897946
771448
820278
503449
560209
817311
465136
489984
533517
125499
553412
347899
525180
697439
516818
241750
237156
556205
546850
974460
177950
699755
626905
639774
849741
505186
842071
344901
853163
782971
332809
751110
70771
669439
770911
630981
3102
752399
120965
536619
394250
674378
400871
435783
888169
917689
677533
641677
990246
740736
616137
168196
440491
759394
324322
806584
264581
166393
151485
634096
949365
646
901558
536488
670086
188822
167469
673188
941221
804787
726160
335472
995517
127031
771255
883686
561072
448788
41716
67670
189524
174205
752218
146367
933600
76540
952951
714533
242934
620789
864981
708651
621435
766540
245139
807873
955362
928961
481062
896583
733748
723574
748407
245617
366957
519662
645655
928029
484803
687371
512051
190679
377929
264269
337047
311529
340809
289998
542414
100095
910787
407395
808746
48575
690287
570238
856448
645649
15551
853862
58585
265651
577436
806992
511268
944393
843007
156923
388774
844162
360647
900825
34841
738576
681446
371888
566457
22256
178239
108871
122351
605378
32618
447450
653953
722906
17688
510402
368555
549591
364264
943492
815242
941701
266837
326510
402446
109844
483433
791221
954006
844080
208398
505199
99008
889845
877088
665465
428453
571679
774336
67156
177057
806955
514606
831011
46213
48646
341413
414768
598237
705677
874613
413479
163730
141450
256341
566177
767646
739775
873750
238004
100207
598500
743203
715568
4697
136643
381033
433150
708322
671722
16659
885380
478677
531265
716391
41242
96264
574156
456010
210853
279833
846975
140685
959916
988425
397026
42445
756071
653153
916195
994075
269713
31047
737279
985281
35745
390274
366314
985247
98597
38036
1906
983977
33065
49524
700368
74307
662140
274524
46670
872993
70709
893645
13678
30625
882071
410705
73070
154494
63858
505617
664922
849923
536665
918553
835204
88762
308827
201519
590361
407424
755907
592268
391401
788973
158144
608121
379632
336636
398997
426302
209629
986059
836300
739660
533036
234723
150365
122459
389217
730575
628076
570491
580499
681093
489044
932055
286207
797872
133574
876569
721648
405834
985189
629402
711159
143333
237523
90791
479969
152873
33446
205950
138932
869746
945610
188320
620821
612327
310779
526390
859255
938856
96882
956106
136301
102278
888161
422509
416502
538088
299078
138151
943922
284267
767553
655081
943952
521428
262224
940273
190653
295670
662575
845937
681768
608186
34258
302589
736865
345037
828980
596120
800245
442214
68578
936547
544492
956740
875408
960995
494828
690838
99146
955102
491457
383051
610183
435409
420831
872407
892034
611485
684430
554609
457422
366198
679147
491680
668788
416013
353070
14120
528485
153315
456334
597064
606214
826
70156
481622
961821
564984
172460
577319
520086
663917
960370
646621
615678
381202
519028
24064
992687
719810
578674
966461
86009
774173
974494
271149
706538
327564
285269
235024
480879
257955
348440
603446
775133
418596
85068
736955
499932
773881
314274
536370
954150
790997
182991
569829
688551
218371
110245
197590
938182
688919
164051
540543
979445
138545
811692
685983
982461
613313
921007
463341
871268
785799
66787
162753
720747
668207
899708
220679
442088
730335
273401
912591
37684
456392
998772
726235
191116
109017
923825
645650
314289
87876
186193
293734
742774
997885
979717
725235
127550
417077
704928
515170
202876
288067
677923
439976
956275
93984
660655
914715
824319
934057
827306
862003
906801
342430
104590
97917
451448
28415
743567
765737
632643
446112
59471
375417
443997
39188
617005
87899
972617
321933
603069
691846
126353
280993
131822
82628
374977
792477
513695
715648
242886
857354
94003
666040
199784
198593
280309
167584
743360
23877
933321
376003
986341
509144
267773
946691
64685
401130
34590
37302
723063
154012
729148
365768
951357
860970
448396
842686
169800
478444
558334
412686
852150
168689
78726
51934
883634
359036
219519
626994
899265
669192
519349
401958
178337
303474
348649
243022
704604
383240
796676
944020
537252
525825
309788
488609
903147
274537
847647
72947
752981
405981
1986
605131
91022
80712
173417
974656
956100
909288
601650
371717
94833
637351
290028
789522
940826
638677
548896
645430
538269
345572
589450
75521
387749
899239
80482
290897
173776
928129
363844
443109
850462
365830
564592
457836
962895
254361
432492
435347
680002
550494
323417
774835
187846
613445
80709
128672
252122
629605
774102
790392
975177
879905
382265
362927
295496
979100
170176
469272
423581
534020
428733
790396
416203
509677
248232
379098
280390
680725
330797
960392
747571
654214
251579
935417
267659
332288
64089
36134
961893
354544
342878
453423
750801
241495
332702
46297
220595
502878
31921
160529
36898
460654
950925
969453
486683
715509
348551
767073
912586
679349
727466
660158
849915
495397
111927
117575
827686
692369
670061
305931
46913
12939
275706
797714
254434
608408
844011
991382
627638
392284
151911
180889
852938
619188
150342
855973
851049
498894
623046
763636
694595
866864
940146
544510
878614
52073
178437
222652
744442
848498
528583
307707
377789
320642
621773
148576
929050
982136
139958
556689
374420
808221
737578
743710
943761
887920
599683
311162
903166
739082
591150
114113
605946
531296
658624
484560
99722
353413
707212
844164
718264
752148
151872
612405
72790
773645
760981
518192
272134
417291
591233
646554
741864
328811
390265
201977
733084
989948
513140
152602
245382
104290
266716
851329
151939
441692
852241
251661
795105
75806
612177
29721
344306
280401
642127
417096
570399
403108
935288
842533
336752
42874
489087
78616
371685
879352
796946
621121
385653
310086
773724
631035
930728
556792
998716
599019
998484
367310
367032
309941
443116
979210
856015
787422
259611
498142
720870
830010
417602
172510
672543
754354
215384
161631
349323
103422
557335
146269
724543
459340
972707
14619
606728
419787
571411
605444
535159
86247
489106
902191
912541
932222
881401
284908
235996
657365
783050
956866
487375
200652
129377
676271
471359
344761
354254
337034
448183
911589
999655
689079
887282
972362
703698
494010
908501
791462
615806
443660
394061
104913
862204
822954
553487
743605
107862
789484
917322
407264
262702
404698
124269
392079
80969
595628
253193
951575
449014
217728
379516
448669
423159
266798
421031
643210
277160
845884
434672
409319
805897
345085
30584
668101
684392
584071
928058
308606
889907
845381
715871
152610
250079
840140
61041
847400
952120
314234
315327
401134
48315
694843
849803
471474
961642
787186
114684
755154
633070
65708
164473
955319
927146
195057
623420
611538
295481
551479
920144
185388
396860
152367
854350
163291
508859
915392
527043
460979
229626
842370
378465
794293
537213
228268
265768
15207
531806
896804
770362
164877
962513
451187
120196
889659
162597
259969
17549
974430
811448
454045
676170
208308
606413
530521
887951
115272
445913
414994
92604
675539
257364
471069
469833
310929
699338
251953
326137
231144
148757
612851
912373
627622
580390
548922
517281
742987
808891
51182
233769
136691
505228
909940
861351
627993
440461
749302
743265
886374
164296
835869
78265
938012
823291
64450
765293
522629
316403
91430
270125
981513
220633
698851
609135
801024
247773
126417
60363
573016
177599
294133
709707
199179
204073
571058
827172
160886
320360
86790
47260
1008
439011
125525
455372
262302
189976
220665
784931
22731
828448
571409
4244
49081
270260
613380
366457
34385
256149
426821
607401
433748
237306
833460
149280
957731
404518
976452
118617
241230
63242
165877
758590
502254
807754
213962
764556
997730
950979
65840
20462
779427
153601
541058
344861
423861
154438
711318
974598
410587
138139
98351
360688
375445
931811
509968
849528
336329
2772
968145
93911
582367
134022
852501
600973
458129
582815
881881
455859
533794
947721
992673
829574
617674
533732
174435
557887
204522
885753
532485
615110
540245
630836
975798
432042
562647
2118
281571
415328
4890
249716
509239
587257
900091
878092
188230
358220
460907
70112
330431
511054
534185
839457
340628
668212
889541
515063
226099
94063
400816
758585
225525
941061
905773
717675
373104
984773
719793
654675
400101
241036
420743
425693
344645
320834
820137
49228
195406
281045
635692
525838
308451
686229
365295
649079
354441
771188
164142
580541
865251
81310
855478
607129
538724
277603
324804
911828
262376
44598
82855
178830
801986
503598
120875
146631
340785
941012
195859
536191
738409
347903
578381
46860
34133
943676
695939
388574
231216
376433
485467
96468
457744
857297
703597
996468
134901
544753
424648
397277
589351
507503
92459
907689
527453
213334
54321
384590
154347
766532
920782
409108
114436
499163
455969
664921
959192
668260
569847
190408
44694
55315
803228
502438
428964
23177
15258
563865
567931
439906
477495
673634
463761
569954
581324
507566
299641
151997
892157
970340
918529
329291
379448
549317
344806
351769
730590
820350
20030
300438
527111
581076
872105
330339
599866
301069
869869
615124
381287
954152
571382
858782
627786
35143
945088
725462
59061
244729
877459
951218
731421
312341
796861
110870
861658
141668
978991
592249
478370
515373
409039
5481
96449
281144
852173
212667
98565
238394
827791
479852
192546
915525
338634
336684
467020
800075
62147
526082
561156
939606
993652
292578
251947
790514
919800
629958
448534
898791
222207
926904
930517
631246
448738
26966
428742
300911
755986
527307
539305
100129
7160
731851
15655
862146
68535
482675
178573
647034
8757
739730
586641
2410
548660
354940
309276
468460
984898
757810
883603
207105
201066
814120
354703
649804
357439
299797
950715
113425
827105
6372
213554
350617
254575
229209
729115
839463
228237
907689
486497
753346
647419
73138
272108
196079
944431
581384
180891
929329
855546
64494
652787
56613
394967
523842
706417
752406
823640
173485
382183
167097
696209
595737
517714
950785
341299
246829
790248
85888
154518
793097
839234
318289
382588
111343
30720
327019
209079
211611
256348
64626
792458
909135
637591
187425
432978
860360
456183
772970
550197
838366
940067
246407
950455
457781
713544
808106
220962
20144
893994
891833
813241
733229
210122
195829
360924
240843
39200
570003
968806
295549
150981
277616
721036
788572
981393
670366
165285
437576
443336
715482
792294
899755
961889
259102
873888
675433
67208
94851
695577
961203
986684
25171
694432
713158
737352
571708
470353
776553
141711
955512
588454
809045
233128
825842
597617
214522
496209
762902
168450
455897
994737
477097
872005
956626
736199
745893
148412
803407
357096
360341
764610
860132
901864
975394
573291
639217
547102
559996
415770
205166
515508
520576
14211
748637
346418
128180
479511
358979
407435
647961
814877
402172
641410
686882
875150
377609
949127
23562
181017
306224
900256
461979
166356
802120
953726
255999
957689
500828
815996
373459
222346
331504
410387
236557
596493
756806
364738
76004
115785
772173
240318
447014
690697
881728
650248
565847
259338
599376
105762
956707
421952
6018
935038
104660
324490
888764
360660
282180
905945
693008
171991
128291
540864
98731
881201
137358
855537
245939
213362
971322
534464
453680
934689
225161
851761
584937
791008
111099
700665
413122
584158
122617
935492
519196
227278
259983
924313
104290
58515
830258
797298
746858
474901
338162
845589
356102
475520
217478
118393
205235
705153
169209
175267
639842
394370
27028
224779
701731
654479
925445
114853
238637
564414
566698
274186
791692
343033
198499
895982
917900
28757
209632
664758
20010
547795
26700
376113
539667
244178
10858
261254
949331
180068
436522
105525
574438
979902
846657
792521
634382
288454
423727
389371
852868
990425
663557
160913
849810
378408
573247
767710
407165
782880
432468
943528
847027
975520
319641
903046
736051
846851
164301
201734
26919
117175
307260
117710
97077
670269
910231
247811
958723
850310
153535
327943
357087
817092
488856
206897
711853
62104
974607
119018
361336
923428
578898
208363
898948
414891
111409
634999
261743
275710
836734
288662
909237
660346
406372
522667
330615
316604
770478
805690
683266
924013
133633
40354
257458
622490
247251
969311
200946
221859
604681
562282
145287
699932
770645
560587
114823
398406
711939
376566
190469
65025
665229
99706
725371
71601
622373
572338
904557
909204
378028
587824
349569
511661
144530
123379
650503
391781
92690
851449
129992
213724
413731
791631
913656
184376
352219
544831
99135
580510
921398
289604
645535
586627
389310
887258
174580
528036
459596
595490
437240
353976
699666
786809
865637
844196
910189
516141
752329
519231
883942
882322
249307
297674
190305
679315
998402
542524
224147
97537
123034
145545
387141
284921
248524
292804
172179
423104
820840
148127
534946
258080
502103
234612
44889
884093
595160
955078
916586
347490
990662
800528
746164
239969
98202
936469
919285
96605
995346
143432
710494
634732
288977
97636
919654
53853
390440
91833
476957
211280
756313
528256
985712
258416
762868
30601
142509
358029
502032
575447
221871
492694
375976
968035
249015
990530
904504
168300
603487
899850
311732
313982
534583
117061
411618
454237
170914
318410
62422
164224
46042
335087
692480
548106
593504
971700
578707
252365
329729
597091
827813
67952
606137
720141
35987
855153
227023
940492
23453
830511
356694
851538
144493
891277
968599
72463
861866
655866
907225
440641
820090
953267
775728
512570
501373
885584
622
596432
654302
846704
709876
998467
914656
316013
718608
950644
687518
945631
407488
227324
776142
764182
78862
436987
171812
563813
509450
33678
219679
416675
990671
39769
886294
282752
68691
904019
168336
69314
16804
822638
916018
726680
821105
830674
559045
56065
297670
246564
518049
705158
990240
810543
469341
69102
247531
641153
632915
273333
191183
852595
206361
181855
408716
609007
464607
477408
513027
149295
63074
46183
971934
495444
772863
309391
326118
848260
881809
140141
611176
399858
845299
601416
210401
314640
670518
974284
955793
819786
247618
663329
188733
970331
845184
597449
579338
826143
591209
608717
975438
170635
654900
463724
666079
944115
289468
508550
792376
171277
648691
403552
571135
493990
4969
297888
808631
191839
272173
280776
527977
36143
460457
716710
6474
305641
830512
102164
648136
421721
710882
623575
108709
882134
603651
774788
826250
893119
283338
618626
64396
932029
538530
151883
942372
59851
449772
267355
251691
721945
64483
779668
274440
524941
12731
280914
346934
843243
899430
995071
781316
126664
134998
890025
8799
738649
664814
351401
148121
464504
486379
212517
912886
24909
880753
855258
84761
330525
638965
852804
568822
703448
148824
359614
228389
161555
640528
575324
4798
56310
86747
786115
182975
221745
676140
191774
960394
857306
543175
108515
838163
29554
837385
751049
570815
718138
122659
171928
565015
761624
24732
650189
981424
173557
9803
726166
335112
166683
817842
856263
222993
904589
642378
405968
126334
834870
114094
86728
208529
173621
711596
46692
719527
65333
314093
806695
783471
436752
978623
864838
714728
3356
31379
212504
693265
41182
938670
544729
724217
756512
400992
947210
661101
43370
869531
303787
394593
499977
906868
603122
189951
618464
649814
909478
683797
963907
716173
983620
917011
211149
364810
631739
214505
396189
360595
424122
953723
299266
968851
677940
572130
369844
141502
749584
413214
527385
53371
807807
543715
960239
410929
733666
95055
577095
159496
295204
541002
392022
795176
974365
603171
159986
122456
817676
72527
483052
758150
26250
782318
727001
220542
354448
96845
878397
104032
26412
922134
673756
350571
465849
633995
277853
715867
245403
854948
875364
540607
912303
267386
335784
886668
870557
12122
9125
204585
84650
492177
962735
627252
790847
689736
364147
145295
302934
242544
765680
329346
681030
439436
679917
146880
589783
957770
862747
835186
812719
738111
892146
241374
521849
227930
128042
392406
756404
653519
596991
357406
145696
76078
984659
936543
765815
865158
598191
68749
624054
363871
914447
305084
319659
594364
451964
425794
68487
831064
260981
397558
85527
153127
638932
607377
897409
283326
516135
170165
936846
629479
527572
82542
705557
28583
535438
987724
893741
649981
572825
517795
530204
487272
339231
849863
597989
791196
275657
666476
138612
52990
64034
224139
722469
219318
347868
619878
502644
864004
790044
439490
493483
833968
38385
715392
862551
90175
703117
756292
740156
275942
790439
270360
279567
129670
120223
877556
437218
912232
60384
575830
965223
124418
316322
204044
860088
664190
823923
362732
44546
130319
318575
54381
964287
356960
769774
826838
447135
472891
99482
187291
265185
406273
974003
544752
535943
610578
938660
973162
522810
999044
65344
4385
639814
381666
208430
499902
562209
548705
862635
606755
195376
181210
661137
159663
54522
430911
502853
18009
420154
118687
721652
201691
524960
695655
746444
60903
306233
685104
550417
345395
684149
615762
866133
840315
513780
74563
340218
75989
139620
719205
199097
334996
416767
376586
494659
471289
323849
513864
5650
744003
632551
727302
462046
157511
939309
208490
734766
245542
409947
801536
107289
610448
933650
973422
450763
447430
564337
790981
39772
703957
510186
755221
38953
443305
131807
49964
914594
455656
563828
920244
716011
712731
163898
178057
386594
103207
902900
637713
865101
312847
439249
972391
439647
372899
462165
890410
336681
26503
197744
892805
730460
224282
648026
285766
667588
779833
335730
98534
751841
415911
535131
467852
644994
699029
162262
31589
318589
65162
669302
183690
894361
624903
672433
334008
997802
134599
740770
850835
677454
454866
743641
407914
679149
391667
210032
863089
687853
545763
961623
439694
478026
496754
423899
123020
712136
586161
154609
30725
167675
340263
214415
62036
965166
403201
912396
479320
537800
169518
330156
731606
624385
590149
139520
819886
981816
349553
682975
186021
411668
644598
625716
889694
657705
565967
12714
369841
668480
683676
400566
836155
23939
131333
414543
505458
50886
843291
501130
105038
12809
347638
836644
153546
937787
492517
973432
435956
358422
172759
621977
770090
333710
764045
176136
991415
330012
188850
877608
514844
388878
794526
350999
412818
925859
281894
434628
493098
641537
935758
598136
170699
283397
434781
324245
221184
927298
814030
173492
285720
986789
795470
572162
320499
75867
748298
828266
922232
453500
705874
437076
842379
500400
304428
771549
942612
102674
206177
435710
744212
658287
33846
914911
941684
468627
239156
679221
912277
569538
852713
714349
556328
164535
286511
393179
240403
551161
221446
162635
521014
927320
599711
363393
944073
420491
651294
886685
523166
373823
322395
267378
32110
356241
182289
490147
341221
937797
685720
769850
507336
54785
484200
580016
219321
287063
489547
459724
838225
710993
138711
875591
154666
738422
238984
98739
158914
406630
985424
682080
780453
824171
465810
328915
696764
648099
335414
37985
102248
21134
324188
125936
75920
324740
222304
811593
611803
711852
271317
966380
939197
926380
841971
93863
664802
597307
192602
340068
3937
694378
538500
300742
518549
520662
146010
215314
685113
481424
769651
787362
18911
93839
429650
611183
934931
651955
422776
546735
363807
210445
29467
303004
136825
387791
913220
317979
985098
622174
174400
505388
316553
229252
806130
351454
749915
468492
566768
435028
949917
852772
222390
485180
462963
652041
96363
397895
820348
35491
460982
700507
245936
490449
3511
899113
878240
433083
733444
379691
55258
907844
885079
888163
137097
207561
239617
887012
676054
322738
838392
142323
175510
60783
627503
154825
229176
240218
552720
565876
275709
530054
266383
37997
20504
786246
453462
415096
219330
186906
794787
274588
94751
196218
162751
748200
403780
918720
635212
79834
241458
473604
222157
933320
50739
849660
88146
796267
89878
157218
362143
881939
687273
628526
919936
224129
931125
373398
155577
150455
560304
950365
941395
171407
662935
104146
919607
66715
539218
71171
146549
297029
61128
885058
230349
111867
251070
834847
424487
340948
508418
302982
739239
712043
447861
175527
936172
378986
548925
608101
529441
625582
74818
470836
313341
737754
91334
232949
804469
146904
304120
467371
443933
365248
352429
674283
993468
603500
25482
934307
460800
533900
237289
716392
245943
685150
891919
698467
580488
957197
306569
109929
582779
897739
97117
412472
635493
704803
645421
439963
851708
465894
423686
295641
347494
776115
486276
857314
895967
511759
791621
873120
562011
545263
589512
807955
230413
481431
22774
327254
438628
845695
953535
537759
743435
50653
466584
378928
755456
112005
335243
123516
94251
758929
419158
958098
51397
905434
815412
463716
933545
607034
853188
495557
152297
442700
819864
899062
440484
842638
742668
395464
204686
696204
449576
948121
746857
916160
843401
18665
544517
694997
142182
638769
970278
77692
596867
538027
983126
928631
1744
916672
535665
854932
412229
204314
813985
748445
619729
254469
591083
362397
649933
795769
58601
99509
260242
321810
532021
103644
856828
76539
314993
999010
715308
285271
593054
828527
823299
576180
757158
825043
9204
809176
196327
937785
529842
10312
686230
149571
781133
793666
28321
947419
105787
603274
563280
366030
441437
95302
986026
298265
171841
301019
813627
403501
586290
406681
748380
925941
982861
21890
750984
508418
831066
463664
446203
877261
990328
648786
26832
771462
442452
571505
235233
548239
174780
798513
430621
132569
410167
416647
430834
582008
234018
244461
501861
336661
651142
766593
262602
150355
788484
529939
175125
619550
993603
137681
496811
500283
786467
39996
271745
745271
127853
23330
809862
818985
821844
240484
951554
232011
173483
382388
330372
407502
143201
348585
744163
310695
115179
6765
461051
903663
536704
636176
39565
46659
290209
52729
546943
76676
609077
335040
821947
736930
358371
631810
555916
696567
388646
23822
444930
562129
922563
291654
969631
65764
640240
230146
376460
271771
753264
353863
175434
806320
990039
731351
852980
796601
784080
916275
873277
909509
251315
211577
162792
126038
359739
235060
338957
748385
258882
783888
310514
181445
591894
796498
247210
232134
26644
140022
20257
296260
493885
712043
102581
276
443395
955561
796877
743827
388188
670155
169689
639503
398084
332481
281894
757823
567541
620851
