21467
295438
623496
586927
583375
194538
550016
35510
758524
700312
507295
194603
630810
54405
91332
31877
785177
106310
551115
231919
686788
469583
665739
20150
490870
377621
89210
13760
518470
977325
195534
539937
789115
819030
643217
372490
529920
193233
924352
804797
409898
431648
999400
40708
2405
90732
588937
303935
197042
656404
535854
400183
642339
717946
420333
649561
611919
25895
663321
130389
3220
858855
186679
792335
194237
829896
681178
724158
23129
605530
528955
433027
37178
528355
990087
555936
135439
579025
859871
848833
751781
395725
249016
394121
630023
185701
43682
241943
211597
707004
372332
731169
82211
75363
523505
276449
905259
721035
607
444741
326565
529562
394120
880096
574269
384208
436032
709708
479585
295903
558541
747718
207980
323910
141839
838004
509611
185522
79947
721208
408878
968631
452378
491089
43995
492235
283890
465606
213270
284497
426699
539835
330411
820820
936283
421032
721380
372315
647092
717317
668218
721986
465035
876199
45896
123227
230555
555507
308749
310502
276716
233979
795485
245446
241420
355832
254033
525311
337791
983655
326160
764490
39842
656572
101662
976126
593956
339394
348441
241049
573063
16660
963035
38099
409211
8931
161326
156118
564438
986427
466620
357506
220406
778457
119304
461826
134290
373337
503489
472081
356992
829650
752923
396835
2574
854586
372961
596530
710332
721402
837579
283396
254414
316966
321495
179977
325897
999173
336095
406688
985600
319067
280546
722358
97525
399851
700536
231815
773188
204026
220248
646533
33676
973171
43368
552602
344109
416329
149132
54442
654083
503064
337838
424850
820030
659333
121179
662280
174858
457275
585320
676810
292694
865866
915520
390219
782069
616056
138386
71610
336434
358634
718143
886462
331806
761511
439064
675915
694192
588197
246709
864627
91261
584547
289477
427643
760232
410657
606275
935090
384284
191595
611900
676978
573814
43772
583550
355883
659829
721936
427493
996263
80571
145636
882726
928729
423499
321790
120996
634043
426339
367706
498671
33952
952253
304500
461596
712486
231509
584223
163928
615793
775819
292181
809124
865985
335953
392674
221868
512134
114610
165714
508398
711533
311350
907476
640262
251202
745618
277611
885245
171958
645317
900268
722262
113922
204769
700210
342760
436278
284434
506689
568424
60253
315222
893900
926238
167527
286574
664458
679662
917536
830172
704412
629070
657875
611888
785684
909077
873858
63295
310674
562168
708612
210943
284431
338887
932064
984641
681647
884694
269075
704688
453118
845680
19910
863370
288270
187438
149944
469081
867100
67481
815605
87864
212903
473480
216104
998587
898909
89962
61883
725936
652131
286847
936879
452914
625734
385295
953907
307382
269989
222983
12070
239460
585015
548333
102830
389638
252123
769127
858719
635575
352960
674324
723439
565863
664157
939543
80802
563066
545857
142685
805354
714340
945885
742233
167254
571619
643880
121162
395353
913870
860497
923776
669682
961864
988461
772512
351502
240584
541639
726573
876159
410951
400898
115950
493166
581407
571845
573969
660825
117702
233006
466180
832043
178891
724765
515649
266863
368646
636811
178568
282516
13660
102344
468550
975525
607157
241062
843379
847741
299054
569953
240252
710005
487203
356202
719524
68610
928047
293493
729435
562102
526499
195615
394145
221743
436733
909794
488606
805379
62958
183526
604247
76618
285871
72797
568495
893028
830211
411875
257122
129265
981828
497374
355623
985383
369929
75147
53993
814328
884992
299780
376430
411491
11748
286927
149586
448481
713074
154544
253860
776032
338071
374459
852650
140294
447256
937498
549674
793819
349373
806796
923085
847553
820523
795060
832936
706804
386559
403281
37484
271551
703061
413915
683042
231161
217194
832629
679642
930268
987173
449854
706300
841596
824313
75303
981890
787921
529153
531565
581741
878526
854713
21178
242431
675236
332590
75367
898392
719149
478648
935877
990700
698061
866144
190094
929223
83338
539075
125217
529959
526249
91424
752611
884197
915737
827914
866088
220011
357067
397653
318104
751945
252366
855634
994376
443955
188224
586095
342347
907373
581095
794576
414425
279157
660720
604519
724732
260411
143595
366301
790370
186196
457725
542981
70393
889815
887248
936481
626178
760667
850486
944282
512613
619205
316268
23341
63160
504492
609437
921859
928217
190532
716436
342642
986041
377156
947161
227125
153919
90756
593427
944289
793304
567504
487271
863698
457319
374519
316531
83497
651538
167018
544131
680503
302575
860399
703845
365735
364891
313282
803946
293108
20166
36734
152102
522560
930243
99264
749685
84162
706372
859464
28452
499677
943321
32075
879727
400640
406594
196258
490
574484
879628
60973
254988
182203
921373
958833
64290
802616
788467
868237
612077
324985
904971
764179
847545
835214
863443
113583
919377
86168
489399
947829
585845
949072
979904
465572
349713
902850
661830
866555
993686
57811
927528
248674
240014
365253
723859
304305
167870
512326
172542
296299
353664
593865
60478
717561
429080
440274
831144
864809
42794
836896
328990
628639
785968
825246
610563
652033
244448
272393
34940
238134
846556
478821
3161
86571
844074
727020
390876
528296
239347
79770
824595
109363
189987
401426
826924
135419
358052
174421
228
400846
11317
845570
545837
313637
670816
156400
482023
431616
945145
516963
669751
791702
995784
672912
878273
839859
916284
785501
884507
155631
381623
225455
781346
571610
626881
608271
707030
501285
782692
223610
418483
310361
69181
964320
623998
256349
637072
106021
687966
582217
622985
874069
373919
135121
63333
768544
974980
979617
70397
375840
651601
452020
601295
432947
539983
744528
557570
763365
245813
340262
986975
180648
650623
572508
144968
790974
345210
298392
896995
549528
880609
36332
939949
770881
171454
3282
55777
662786
499251
126175
38626
667204
94547
156273
616504
634530
900801
174074
397895
146614
514337
901223
327262
681312
990083
988582
472286
335293
286974
369282
884821
683936
921966
341122
454817
609772
344404
510594
272559
360008
153121
827537
27212
247669
983811
160068
398551
884612
334143
312799
547579
848480
214022
391193
46144
720457
896128
518431
55751
699454
404065
456924
383390
326031
798047
354559
935804
658803
381506
724715
535163
534627
552252
78728
298648
52415
238796
697200
937028
572939
9999
959
937771
740373
392152
983916
460830
288280
502347
32933
987735
906412
6210
887477
748795
804257
242037
684599
979412
623543
409314
514576
674522
477919
109656
973171
530334
348452
186723
983714
921392
196722
984673
859163
453447
893178
359431
430629
697810
861778
463563
685545
284542
469773
89375
33338
790382
331412
234289
769794
471307
643604
800722
145829
121523
910378
635352
168209
258831
822075
668276
696575
535149
652949
72090
504948
62479
431522
935578
760290
809652
399141
445835
94195
385266
51562
643885
175648
382974
878174
461794
370633
38130
778869
32815
676005
205599
668167
844215
980782
6595
512491
677357
58096
681792
265800
563045
744272
697322
14975
504562
23326
930468
466749
633873
315734
518312
277758
7734
417638
155933
469528
788272
194063
764749
821087
870069
970349
5606
230636
951131
528553
259479
144841
586650
941271
410641
666047
685543
624315
681022
706457
647641
127842
173207
281515
443576
207871
75625
451310
625509
747910
437190
930133
458326
201940
267572
328395
688641
789531
75383
156124
318084
334862
300965
421086
792485
227958
603485
994381
368625
800859
700838
532619
928701
390397
330486
372277
598268
406111
339939
740130
154022
777130
186615
128700
495422
454188
973447
700415
243719
48830
856539
78155
900044
673857
499242
692529
418167
102727
686910
303145
903587
387749
835764
348640
294498
166250
720918
409119
88713
60857
149249
759087
354339
852216
887787
366113
306404
861234
582880
66475
426416
955772
144631
326460
629629
160225
18990
564148
779304
222252
867293
199243
610001
703057
547884
904500
385659
268802
829971
990725
846011
979220
266164
716703
831436
153952
599168
654193
531538
182049
720668
957955
137821
381651
800767
283802
541876
336109
847950
321181
558362
231596
520424
168363
934653
68308
589215
836665
853462
419186
343742
215826
914758
609906
932529
262547
280210
531697
433092
328101
230098
153760
802408
367919
51764
603175
168073
593640
939285
16024
431173
497647
247620
467950
182362
698625
52610
287930
51642
422425
223468
395384
638251
654579
521643
570780
917126
801853
618829
350218
129954
848928
20330
932362
733199
72094
51890
901273
182087
991175
433649
129612
5174
197621
113914
703888
412598
166525
991818
464241
105302
215287
375977
743553
386218
897620
830685
303344
215826
449514
169914
862132
814794
706596
310847
64346
295043
362737
481971
477130
870264
431972
123094
391790
629593
237009
95678
42191
919886
87497
22784
25188
819136
915114
285093
205354
812734
115778
25050
544912
81644
194964
407045
412791
901560
717892
477137
196603
596981
475460
190085
467245
907432
829532
859035
537025
66541
954713
95568
502779
558562
634705
44319
377698
549819
329412
99404
878905
961542
124454
423818
43186
835770
347215
455977
253683
65107
449466
966638
178440
924926
156724
162037
348710
502608
537424
402087
85501
8489
497656
588280
567052
648713
632599
461102
198532
478363
560507
593789
439905
684961
17607
483091
520732
881174
455421
290767
462633
421239
257405
641073
862518
930481
803110
211228
433089
340534
613316
518590
865376
627324
106870
432428
276037
255821
893530
990921
734184
970389
584710
690441
171703
602318
689885
208787
999844
661658
499554
462478
82897
756959
103551
945415
687441
423014
156644
120530
279900
286312
639121
145276
913636
262343
577704
189673
518165
987587
180594
768701
957976
765304
975495
129679
883974
665380
338466
883819
327038
838020
346297
409935
111332
966200
871703
798773
389214
544699
919303
669115
831011
74776
814391
744647
337120
908448
934320
855285
896035
631266
140338
370363
912922
115833
16395
796897
781213
354861
197068
624603
709234
543365
550891
820566
509565
422594
135691
415132
967293
54994
84247
314656
129771
898638
59303
983243
323438
509975
838528
219473
657593
495218
589837
570515
611052
606232
367412
908617
477445
564480
533221
703031
624197
84112
39949
650115
23058
175640
65247
506703
746987
665846
821359
393110
564484
880662
376353
404275
906989
731233
623748
564582
226451
729937
135097
353855
852521
502510
262473
846319
583342
312046
549350
723892
912510
105652
374007
935568
281292
955606
442271
28279
621452
263630
937741
702288
660644
314094
106563
567633
45327
246664
132215
788131
976601
267312
141986
345475
286174
920811
191794
385869
232857
257496
626113
661719
363148
516472
597287
644441
472078
555910
189072
609882
819540
126814
312170
480184
957260
935086
564169
518940
181750
696384
823423
674703
480049
965409
20178
282575
402573
211972
184796
151782
469469
810909
813502
348969
327381
410789
993410
315811
966700
698835
925693
302592
342001
754216
299129
299261
689302
863298
334553
387404
76035
157976
62107
72436
639738
82286
871363
558663
810610
56160
710445
796431
383421
523947
145401
227155
451089
655163
542966
417789
353998
985012
236733
695999
255580
535862
511613
944882
915513
362518
848638
991548
36847
910745
63984
676585
509383
935347
235248
836346
507859
462045
149129
891281
985993
294530
118436
437082
466046
177754
371223
820044
679118
124308
32396
934698
660171
60361
395932
575684
939231
244570
83584
976078
671668
663920
169015
697403
599267
404263
533749
623479
382661
199231
31112
368654
10113
665900
322088
476159
843654
209663
812556
39125
333971
844952
973823
994142
421665
369756
86178
360896
614326
169762
336975
802346
833682
22342
499750
949302
942958
549851
89133
325619
749082
120245
694273
759196
786145
532713
235355
146151
742376
564263
185276
76347
409215
159100
70490
347232
528856
673020
224481
659534
359135
77808
978233
192817
100150
477983
658471
43108
544186
747604
368727
809621
384201
579352
568817
170346
112065
320524
316498
854441
884788
18126
930789
810355
177226
517631
673940
222434
707003
898421
398321
66138
976229
376554
775308
592731
370889
433779
635840
915075
697736
520919
724696
81937
100272
809865
768636
728689
646742
601486
583131
47882
619612
30272
858237
796839
64255
48529
535625
771258
946950
450298
837397
439531
826852
129057
32263
714093
562836
668103
145521
776924
189022
386569
858862
805646
712787
143850
534336
359529
745336
633819
407411
364948
180443
782000
678139
244698
830530
730117
532308
293832
180415
886057
733364
523620
15114
765627
237713
94303
950082
383234
871227
655456
286156
246441
461103
998943
906643
511791
874824
651979
145610
282235
533280
326053
580587
211419
87103
411117
457888
135763
704950
638304
538173
954666
161924
553287
720293
399637
163942
186727
299224
551522
842183
101732
314315
303286
100675
220959
815077
975499
872938
477039
774086
922570
319444
354673
133990
406547
282143
591878
58663
503445
746534
596836
458111
908458
666475
694756
824448
346770
881483
640024
898292
723666
741756
212607
543305
358783
433566
358382
850634
822857
351774
624720
745427
671218
979393
395769
594118
777888
504000
652781
281333
250534
765969
255796
675345
432444
950552
16145
779214
348387
656169
193858
72054
914277
406466
131711
273060
356384
6445
123694
695593
358219
264766
441021
29438
760511
353142
623556
538400
857142
792689
336085
624029
558658
108234
299374
991102
575138
831871
286669
923526
488040
480527
511932
918669
403345
643643
708081
759730
650088
348127
455323
8308
612893
412696
554098
373404
765839
177654
428156
622981
970343
280594
763362
45353
388828
62736
36455
963966
410959
839476
887492
898999
320004
915776
334020
723349
559419
42101
999431
725860
906580
454755
250520
519473
867451
804618
409230
633290
498624
353738
772624
985319
634332
535986
30672
539512
115075
583479
503479
526034
422956
907323
941386
259312
339452
275406
982661
415223
833860
982093
141083
740440
953200
391603
776266
337003
712573
701848
970294
211197
571938
259270
196516
722623
311608
743540
262135
426683
327020
281966
469070
266328
705642
410456
525640
45094
202214
508301
976669
552426
6746
117753
809219
476298
25708
101837
813302
254634
803685
299948
465831
891975
559218
178700
614598
870826
438592
876734
813862
765612
675052
799284
31940
897046
726092
557580
942140
444658
582234
435162
997085
105332
552915
806304
97983
94975
424493
911285
349609
228178
211233
331793
120153
286803
510493
251104
673981
949085
644190
4195
231050
319242
803479
779342
216289
529571
336923
674781
974230
435509
109943
487667
57193
179210
810323
155176
274186
234816
582813
140147
979346
310398
471940
615851
597201
498785
866955
787535
964223
511145
791730
195273
346740
111562
974615
563029
157485
827890
754162
131715
779751
380458
135734
353297
559668
946057
508473
350206
180873
607639
6706
676571
918037
994998
292423
515239
493784
159378
819126
458007
670524
610856
169632
533616
238770
660599
96645
396256
4842
367159
44323
784593
263969
180058
654242
823638
642467
679068
690196
339693
286707
213254
16264
204744
208253
308687
236335
702037
468066
55461
676396
654942
666318
846028
188558
905088
22979
801555
817696
27821
685066
862020
328767
949036
42078
983009
289026
684545
662077
495574
24238
948784
708829
556855
153529
917082
865542
389864
135471
849960
445326
328219
504902
627996
690599
209812
49436
713578
527719
867133
741400
212786
245505
70167
161822
287583
53176
967200
488480
715254
462774
29071
180390
171603
585926
333919
605037
451468
240136
256860
817781
201814
585079
839035
346162
275678
48848
911950
989257
92919
295435
247009
305705
540940
317176
983879
344875
886704
951079
833356
601958
413854
378779
298701
101809
964705
632620
223199
932525
389108
480059
266658
590922
65139
105694
937084
857169
670894
365387
846426
763813
660822
93435
585871
201763
926963
86102
546638
813668
553534
896346
931978
483740
275125
230679
585549
756182
379652
808748
205060
768760
805160
471718
876035
870299
93764
813119
727468
764658
694858
90247
528472
355681
700034
630695
557444
626998
716797
620434
440666
270331
516781
888996
754071
308258
119676
855973
580793
15680
181073
302205
784440
986233
290275
660475
372884
384040
989947
616705
148698
684805
223304
193522
40486
923338
340569
114282
550336
57367
734717
507354
844050
767850
396351
114474
592460
32379
486799
689605
48059
667872
991810
348851
170458
798438
525679
543342
182478
515626
676399
847528
716783
899703
41051
273622
823042
897972
387904
889730
955339
638973
913437
315742
923175
826140
946568
31988
858519
433367
721593
422930
101239
229756
288133
788049
28194
813812
331392
727024
329438
524143
574552
562574
423847
131955
836196
763241
29928
740452
169323
501619
379426
82760
817361
818953
908900
280281
850941
283771
713648
88887
223053
331240
318643
511187
119289
863189
324999
967033
590213
170790
7529
681117
249716
431376
813073
85912
710969
843001
826364
880292
344620
722142
479405
678334
541096
904657
958615
908389
188429
188616
997276
927834
519856
832271
439021
155497
695460
280373
638883
802025
967515
646412
483143
217231
594140
296216
819495
821461
655569
645859
701753
189
368002
697510
194875
425450
602168
153491
333839
306949
858459
331116
234783
378315
163387
190157
50164
375200
470530
205399
693577
954397
851811
693072
687980
445951
989288
507475
267412
644857
153334
485518
161399
37688
699380
356274
463138
301548
26117
796978
124849
884576
644446
359633
779243
324185
66142
345760
215737
536672
551159
909315
7421
402971
602387
695401
365274
108028
202876
149039
269237
872562
150909
946988
910251
850289
303263
889741
668190
845732
203071
309391
730309
847517
669024
25904
688055
251518
371664
420144
788190
922824
329459
311963
325795
448199
7364
207421
72579
726592
872812
858168
599155
23721
805157
25758
390363
624772
915499
574905
470504
634923
884296
717165
998792
69673
743070
686847
321191
114734
106992
625734
37558
952803
937697
879705
917354
461414
603479
506285
704358
476291
364454
303513
16365
685963
845623
406728
827087
277475
981633
297591
912398
382281
531109
911190
451954
790531
114390
289498
905265
737734
915232
459176
206889
369281
855233
640596
830695
458712
146881
535054
451356
27687
354919
467721
230002
716895
390801
57089
994370
888786
871033
423120
271067
402142
850662
239374
192673
965052
528872
614290
219138
960456
73466
942380
329737
445052
582976
676785
420116
246209
728191
871472
273897
599462
855545
503899
316357
246346
560989
827079
651484
432022
250199
438904
350516
100862
678278
543189
582266
723502
673831
801405
683958
747298
743785
530047
192350
843113
723184
612466
89322
451375
291
363219
50838
855836
383471
883547
618535
944460
710627
270019
892834
960826
225275
243350
578040
903553
302891
160307
143407
976722
478064
343717
240372
221849
390117
949074
64962
113301
77893
670636
564677
594536
33856
131867
450372
417327
15414
585259
878139
242393
371631
287325
203220
596906
47027
297612
16812
349918
457919
676571
842992
935983
20289
599717
674184
410406
548791
255498
523707
143036
926135
604736
737572
959991
736603
704297
893670
268370
805908
288161
27115
177539
575486
746687
290798
138865
44300
823962
5135
502219
500533
848127
438203
520822
964196
628739
447580
29340
884238
971288
172376
810373
92376
909949
286716
345332
130598
696738
613702
936506
501251
640817
114046
76737
903857
921196
731954
948157
745158
737089
450376
245691
585216
404931
766514
65765
33671
730446
95105
434261
701734
267481
760986
310463
693782
47702
655795
824380
260792
785849
760887
762043
943018
391285
355132
846875
312481
87086
795032
57639
824175
245409
303330
925743
166692
586196
991508
716715
832995
86613
150976
51081
354095
911962
361544
564229
476016
17339
388610
736808
803188
149497
15203
262559
540782
370335
109434
853263
457421
904467
427254
797948
666228
246936
723692
349272
349485
231552
65988
182480
318166
216964
233561
188613
645279
595106
752842
121295
128797
141452
374456
931986
807301
389659
194545
348083
759995
820331
717698
733768
241150
661304
531717
907378
908241
771761
256651
774078
3313
838991
956558
837831
55955
190119
26444
701234
301577
295639
338882
430375
437091
713338
878713
760745
102997
589610
625180
379344
409941
342879
113113
651092
520535
161182
74822
945128
449295
847825
719206
968960
686816
192116
806792
259124
898588
349588
476710
200165
645227
815592
146892
598671
528930
25605
359416
148280
131567
984596
527624
57861
843827
157089
225305
364363
834623
816479
825843
283918
664305
545050
252879
351121
737166
576023
126597
635754
925611
603308
352272
87191
418900
15516
685862
464183
41122
45278
128815
689041
546226
656439
263254
390054
329881
488559
270769
680856
305039
96612
964775
969344
158014
734006
836817
411533
826381
963415
563639
268344
83075
915911
355535
501975
931428
41397
482510
488902
603027
611325
694295
149254
784117
957550
55660
113998
446109
842781
311206
267500
939393
275981
753196
613760
526339
106366
25293
869072
586133
588932
137417
669208
21196
492952
171183
468976
50702
653694
474230
653729
781371
168525
319335
565488
642427
374995
195838
604889
217776
507045
872389
673522
299378
625586
287282
342070
248304
828927
211142
834437
417859
348559
503645
955407
357864
191180
424383
408566
361226
898613
62295
142598
583491
897983
708086
225918
789330
420277
830807
523459
927322
219549
196981
743052
361487
615
85122
609791
829542
296265
444228
763753
161176
947873
719161
519040
139053
143544
927606
16632
558510
506254
159230
658353
920589
383668
884271
709919
803945
231431
233378
247619
450980
946711
990672
812467
947326
75794
422258
293220
372059
382838
56974
49588
330711
292487
568628
986116
952383
12587
2748
510893
35193
678330
169246
955782
61999
569870
665701
865944
801301
415432
113564
768633
362143
620588
97452
825822
696382
519710
635394
584794
418900
692368
634382
749611
984855
719362
252079
937239
731949
771180
964484
767142
449510
650083
239276
511509
219953
904978
893806
537606
836762
523722
822591
198905
144310
920043
541079
357044
956105
176474
941838
375005
385194
92572
640968
370050
811935
409399
823641
60236
180579
304477
827379
630090
954560
583007
657951
690865
487985
68109
744823
841099
591831
83766
40005
252493
3809
581084
609538
476266
273910
67728
367623
659105
160301
8591
545507
972236
417991
885500
32472
114922
189977
376203
745012
660890
959211
919316
868107
963548
987425
129283
804648
95609
213049
361005
864454
733211
458441
990344
209477
732352
58073
577101
391457
218374
102044
453316
706962
36387
338816
255786
151310
528793
631990
412674
706035
107553
331990
90495
587453
835768
219778
908453
447729
432827
269458
312183
166038
244252
302528
891868
976604
876953
985321
884413
611679
87365
337729
318641
123753
192897
574427
275063
238042
722769
687737
944078
830322
536080
34573
934128
371848
770703
842581
819577
203530
628392
648112
885921
872644
466992
777789
365600
343945
279462
766365
471976
366827
104094
790617
6932
296991
881397
798347
51385
604166
2437
995463
950841
538517
546388
884969
426717
317091
243902
762646
36974
872294
410758
439247
744938
394103
733388
626890
254400
12850
393255
726377
379677
13701
33346
902962
310692
914743
701309
878430
35262
703746
873893
986103
758615
936634
387424
185332
770077
147678
464330
807051
19973
391441
246298
281263
785544
496038
908154
556296
508888
301409
282673
404918
315111
316020
307880
142155
747115
525541
20585
782377
745640
410831
284832
504255
347465
188608
205940
633894
336287
670270
957298
356260
578063
719948
153875
879959
215987
62029
436256
724875
879791
718929
129793
194902
551301
437673
853409
298417
479567
873995
80794
225207
801178
881979
729462
664995
70587
451754
298889
406874
638377
256187
279486
216440
976136
433362
96400
192123
11743
532656
433350
891534
767937
563144
602788
319239
517169
456198
617656
996736
846545
214802
221943
647723
96781
467758
829070
167369
919512
127959
90595
557889
900499
886434
774330
392987
319796
387082
101462
847891
919738
534812
255778
687675
97956
858566
523266
615126
831116
140922
128214
677661
872077
350158
841736
968858
817916
187158
652579
253780
315118
259527
811670
731969
145961
102352
124956
982109
5786
226418
830000
441876
761230
85778
129551
375539
460697
169170
507017
291813
826444
635231
485827
698521
501741
327563
183732
836009
514722
352663
89790
346192
612190
417812
594513
758151
36516
235821
740260
42302
978591
86613
484178
256173
688743
130081
631712
149440
815603
138729
441254
642048
290313
927081
340569
792054
770996
524301
628064
802070
876965
234206
664614
5507
168370
259127
763659
204886
494948
20271
763540
989891
623236
764070
246065
311980
894151
877777
461420
709755
532859
902674
351803
339524
346107
208724
131578
117104
249378
275994
919174
642695
510200
583789
648202
194922
359268
411861
399808
854217
948485
163348
360460
571721
927418
606525
883701
337922
655
345122
564029
533514
764148
432184
873038
110256
157260
520968
743712
406638
796963
662886
49333
823515
763027
697536
18438
122296
625749
934598
492865
574234
614299
853325
145956
58069
459851
546009
395991
976858
407483
476372
510372
171632
908556
899762
798240
65817
420730
541952
988807
734045
721190
38141
73913
570
735677
608703
122866
877778
543301
132083
452013
157600
501760
114321
215670
477963
176682
128013
454821
584166
604386
481545
272150
29294
381307
70390
611463
318390
128694
600271
52435
366236
154764
126348
366806
406793
735051
6024
284571
794705
138107
736584
952305
639868
367257
684327
634183
543940
328693
89005
644458
933079
570550
916608
478725
951858
503350
606541
786600
632044
723164
839035
998280
877928
481736
365087
284721
733139
371111
569292
527844
25571
822229
996502
181791
705838
197181
815974
766130
525874
421331
410588
975305
991882
327196
454031
460092
830546
576924
246692
978942
300088
602079
977223
178016
83815
858662
979089
333307
746125
64733
377503
771696
403314
374005
469839
109153
571187
802166
391635
613413
223497
802224
588719
731731
129420
559102
708175
476319
136026
471219
455261
952466
73299
948836
130482
673466
323850
625923
6773
69976
690656
384277
358024
610323
274634
344216
235828
362173
146382
627463
975587
369879
429687
80658
617963
75460
156112
326138
68131
292138
797358
523392
244604
870657
988581
891438
60475
312431
33713
583601
898759
240721
484230
773136
851044
758864
117352
86872
637390
780086
714336
129329
149965
144023
209987
284280
735835
366099
610419
803966
174589
407777
843711
935545
794786
832292
343335
855261
661075
377048
438862
76187
134121
923092
849323
985166
198309
483027
72038
835699
263113
786374
481380
929430
446750
207719
213711
698937
573818
824130
502904
264759
748259
346615
716656
543045
695259
576343
398306
356334
469743
353521
948873
603864
792965
798196
589030
991274
797575
177421
343325
60688
480147
824705
506471
926897
32424
720182
625835
122594
60664
645091
903705
808923
508058
620361
351968
203317
713056
266626
76003
182799
620147
24877
786664
413113
339425
892046
920739
137001
69467
264065
714041
549615
605122
220512
992864
637547
940694
135051
276493
517710
780142
180199
326633
804552
316912
678601
7869
29969
461580
83873
729120
81727
625102
32136
11192
964527
924183
931932
617880
510002
712349
331922
59617
317471
68786
568834
955018
525833
220237
747864
43543
516732
444415
370177
321284
761327
565130
329154
307648
26710
929379
553121
624790
554481
585257
635982
35360
25792
84266
653241
535795
796615
501515
111764
114087
570301
680598
585457
96134
900836
333321
139678
933920
777736
509855
255204
55416
591337
584358
879416
134400
513737
948889
759190
584570
534147
911524
619931
559939
995791
273172
612086
792406
774687
723851
422845
344988
920801
8303
957475
337989
857976
97153
271909
152065
123360
527114
207481
714697
627824
603249
365449
141562
552139
124639
242484
602638
552516
862415
678929
548307
651939
291016
857065
942978
14867
279911
804319
452020
288214
761794
790010
146190
858947
578271
298255
498659
105385
22088
729708
733210
141690
95158
391124
210181
736149
633608
812819
288665
12376
491748
836972
664315
782764
210390
607294
313983
490301
411613
766004
294867
689759
72366
957409
65058
650637
772017
563717
756023
310457
293425
5585
452147
388583
396709
662328
124733
546669
991499
929750
559045
483248
283075
223361
266012
493465
347007
96348
500118
274972
862352
794985
964731
934718
268746
29789
101707
557115
109858
374082
867573
403283
379667
836072
308219
292728
14753
432952
839398
6252
362702
398443
5852
162129
138156
788217
655594
1515
884565
155712
276487
263269
467049
757570
714339
252148
787359
816046
809263
413569
190129
193188
816853
569796
29261
125072
378877
560366
74376
218275
82970
953430
133070
88823
115560
787579
877040
287506
789094
761605
443219
65582
24874
426620
339504
739213
678768
643216
71611
4384
56785
261740
197572
873638
347889
743185
515062
726766
819903
589438
461393
902874
59221
594463
991697
691133
898394
385089
978639
687489
146694
421858
269423
687920
364831
608927
943485
559951
252143
15096
564335
308929
276837
278260
698919
141078
21445
213982
867844
841349
319772
329237
744223
378993
440052
252272
70126
338447
637361
48766
542288
300407
986976
811711
504679
868159
936990
964516
428111
189134
979612
508798
498063
772801
787058
196982
913879
808504
927316
298075
166205
247089
143664
426780
626082
583717
195404
212561
438516
832765
777679
980804
649524
281007
308867
670555
149167
245857
635071
93630
434991
614683
602428
449406
903837
389487
162741
334068
714343
90057
632144
880548
853498
292160
823680
995933
392229
19084
208494
830745
851849
502525
327901
17725
299884
153120
688280
965403
398978
323351
59033
350321
454386
177814
316080
874575
567301
995173
208644
281644
601582
357140
678544
455081
649300
502224
451014
557882
521308
175860
388627
889509
678385
232881
423586
978269
386001
111866
943673
301331
951569
519058
168005
922307
696872
484085
313235
780525
479258
521879
62169
80840
395371
257065
535921
561023
275641
503287
118905
796949
679147
23885
202810
357532
256766
626396
852154
159119
254614
312179
460451
722535
831237
628456
644843
44462
628893
958078
824987
624503
996309
403509
705343
908032
660574
757617
469055
936216
777256
104313
249517
456404
644550
452328
330288
417668
595076
698794
576787
849691
10973
553590
572226
358563
698398
733421
403025
327291
691499
228012
468146
204160
631521
173490
112192
808448
447459
97600
261016
224715
718265
510533
197471
362815
479213
527760
780483
74290
226554
357270
440333
753880
427213
12559
112443
125611
745981
31820
969255
953832
776184
437401
157993
407706
127243
786537
732506
91054
400489
993522
832122
118754
20407
29593
481569
499621
73705
262052
90263
816612
135675
530596
570492
562888
543155
199287
204851
805488
231107
174106
275673
523643
127860
433666
447701
255103
736555
180207
346158
137045
690081
178280
255799
710489
724225
253721
210110
797931
515773
816725
614543
167800
347321
701387
730688
406828
900674
935540
212317
648133
625998
487990
171776
753858
438008
619478
525314
690915
316037
387824
827960
6119
82456
600112
716608
806681
853833
443070
120964
885958
259795
735507
53759
607116
953246
300799
530296
370272
752691
742613
18405
378690
746955
706534
648900
701315
842364
690566
392231
674753
78390
736543
680872
160846
336655
913832
483880
706840
356902
604844
592799
133049
856704
162910
256517
326302
463709
786814
696575
216401
45779
231332
111443
309087
937866
276695
10402
296582
967262
402633
971336
562004
139177
168560
239203
992184
82393
723083
699025
955647
844279
808176
88697
217335
971086
345214
543638
951147
648380
240213
167548
694160
471545
795343
3247
925764
72039
530001
738698
39301
932635
226386
117657
588164
394947
356860
96700
477340
79943
312077
949339
440575
120253
38036
174262
607691
899603
717900
558839
64335
474465
242739
758495
462363
38083
278094
904479
110122
808096
643177
665775
257083
869564
783432
361599
780863
656645
458299
774555
252940
770377
723894
693515
406982
278283
867778
14674
694238
102030
89865
758573
92848
332604
33421
555211
887039
827867
976042
513513
635963
619219
179288
409398
5135
479073
770997
785998
135718
745649
76905
388658
516026
800800
598526
923008
79083
982656
454034
289673
84686
543899
48246
177534
392856
81667
249097
279895
909535
225139
793409
61850
360711
489049
987601
365846
484474
758598
668197
136544
504247
745102
525203
536625
62254
640081
975986
657689
622737
430020
947362
223775
490272
995609
917662
883128
593628
683111
163023
19515
908251
472784
597718
785314
961834
585319
667512
446308
860269
335709
582853
880869
597164
624408
933846
659418
780841
909832
833460
919930
339853
780822
143705
830125
292783
61367
229605
402764
260831
392628
422279
169082
381765
536349
954396
343599
638020
621908
306259
14642
473970
405464
411863
587486
546224
345709
246904
327065
255542
80364
246995
111747
377539
907053
458224
670322
484772
687829
73086
745603
596809
11718
914685
978574
548067
385433
838525
702440
523694
144785
717082
997664
66601
128945
585150
612826
991006
348406
939891
246548
945123
703239
874647
322662
610292
332871
509336
95064
537052
582423
840668
133862
110493
271705
628788
174912
173491
467314
877352
697185
128451
110786
211201
195052
239731
312703
807878
230738
177461
264122
993638
638936
483713
868286
961598
94005
717509
987287
705421
254562
569710
546089
388424
196555
334147
17212
371467
507638
878
248820
721175
129329
359606
448728
324382
115690
761431
648612
862780
455244
912734
856418
94181
396447
241056
55779
6804
958566
43066
712226
729480
129128
774667
634256
325683
625166
651468
213503
649156
168699
462323
370331
298028
338281
819059
138762
453971
96842
787375
833103
552087
216461
689522
646268
129261
446930
218399
136065
921848
777818
364643
651328
423298
139311
285584
748982
280829
453405
478837
929986
622104
941160
300317
920132
795793
635729
58895
766117
732571
362622
599220
801010
579083
805094
447278
708344
252025
182030
360762
173873
959848
725405
825202
383146
381068
110786
648480
661898
80543
127317
591884
702647
584829
408553
139132
380623
44282
714379
146740
293206
77001
745960
94216
172436
551055
541495
880781
319432
239877
757895
493305
199725
483300
834859
99223
864369
461998
747704
42619
542541
391373
150855
245189
976203
559408
900673
873178
120043
615052
19918
413249
692053
282230
23817
380841
349637
81664
261622
669069
321541
19517
678727
521266
19170
513586
620490
399891
975584
884546
442510
34478
792271
109717
796019
768474
669125
696692
158004
305520
311744
177922
235121
520149
976505
258939
900990
326142
340603
678965
995212
662145
214834
190291
699763
234004
703877
320253
150247
195814
721151
109109
230292
513423
218826
542663
798249
404304
239355
956254
709824
551099
650528
944946
587600
627033
720237
488590
953176
60840
683907
464740
239337
898742
655031
939101
649098
875260
775706
315698
587426
496858
424807
334070
10281
643634
876733
324882
564290
116088
281136
790466
183539
931665
251764
771139
75050
972001
776082
544578
549194
976341
525670
788531
391435
697053
727632
40534
572314
19691
356232
676092
516549
297391
10163
43182
457377
886896
368064
21667
519337
165553
812134
702876
97218
63898
990368
688620
35900
282802
233199
101446
259143
758869
889977
166931
455923
133962
207465
544589
153653
80049
220681
670202
893792
230844
229736
351170
634093
114152
372837
153430
279705
701323
372658
893275
765222
879378
581896
317474
162180
815095
418920
937676
573964
825249
104607
546239
959211
828424
90828
112864
424825
311510
299418
318617
542354
45506
186139
176447
159659
75329
846229
439364
776652
218888
848992
58226
98266
430888
892052
776799
762335
827324
230827
852651
652574
851786
398891
611785
680210
6071
241002
621387
317581
56772
456356
376288
102279
642496
69087
778290
717825
915317
734006
10829
134205
582998
69056
748823
530238
477460
41974
292573
304785
272801
145225
957359
124587
60468
85496
321149
66539
842850
942536
900473
415975
915245
276761
34606
74093
345848
812896
791918
261165
546902
319099
911722
646253
904507
660546
176491
381968
702520
985417
686753
491674
646994
160464
616261
707462
762312
453763
290353
121515
396299
190826
537490
827896
467587
572096
901989
813436
901344
210259
590953
964598
529359
502676
610851
950218
679574
303695
332186
898446
289112
535291
390120
452458
212107
522734
159920
974420
976497
966625
612287
889148
157452
149777
717045
141391
238225
135386
471179
139569
345646
62133
620519
391357
81161
747723
341575
277087
51418
673762
691885
856882
725405
82006
309340
453865
121092
985612
944637
97589
952237
556924
503089
626041
706701
220134
767433
461278
871873
238612
117199
217519
817097
737718
608876
898258
485441
466803
691697
53211
140565
383583
426445
382323
981941
252137
836188
103033
237749
780825
716974
706339
854101
220063
332380
77154
956550
99813
538432
828423
338426
655631
562294
155523
909701
171170
570134
911495
637973
261831
481058
294891
161766
907504
193566
143707
159641
546106
246740
913743
843283
963714
620082
697384
700130
952462
774538
656680
568628
312970
1455
423406
484953
563749
95281
911006
251271
665415
822501
405596
443599
303560
700487
121717
727416
410405
265425
887057
956511
512165
800800
799794
992232
937234
497178
208714
406049
788068
865394
974677
617390
866849
398083
618695
946950
493364
529702
198221
675132
868555
603817
635083
172115
820657
756800
415883
231062
538577
302941
703926
50743
620093
503720
559327
73680
517251
768041
479729
305319
149787
454406
439062
532988
368841
57757
479938
378557
587459
194511
570041
456015
798328
205124
144482
135337
478277
560366
366400
16854
379659
70326
583949
516104
90398
659628
589784
124001
944021
585865
945673
93808
40271
384735
143148
925464
442492
139438
304022
546304
333949
874063
518671
648630
595540
179505
783967
73817
256223
666719
607023
152234
253397
190973
668339
343796
850601
774475
984149
310975
360341
929822
404783
916964
314557
64284
842429
273402
203722
662803
336058
54024
536866
854729
219006
132406
550586
2973
722575
806810
186045
329599
959044
439442
36924
143735
299590
403877
434563
283740
714852
311256
213562
635988
228220
44472
700272
587001
834226
420346
249804
170284
990722
303023
541365
209728
951781
91951
729054
674357
898761
915099
520308
374158
870893
73584
517893
686836
477461
468808
970576
192314
780064
700490
344654
8285
261314
561278
111638
95540
981624
877795
782176
488699
180818
323541
698427
648951
415493
943833
839660
830606
858932
359968
204764
246178
433552
239010
933014
427366
707818
419942
136032
487883
120432
480686
12520
898099
41964
640510
993639
539940
518305
775816
28639
215475
615709
243419
380779
547554
187252
220439
378161
562537
96760
99277
325067
46664
854639
258081
474030
562458
194375
610062
566693
314807
607100
95565
212906
165416
252427
722898
221709
287085
15066
766700
502560
630775
526471
883339
178330
713724
620131
72843
792613
716891
172120
117680
763555
26760
892113
237586
105570
86488
364000
188615
917647
487453
800532
646906
169221
52959
369804
390930
340044
901222
673983
358957
531997
200454
758648
226679
914178
378779
299522
223143
612022
987995
857175
375578
531107
749288
129516
153029
352128
493516
857996
269776
497321
658528
916682
666543
227839
802838
57473
84236
704060
731456
959545
752409
931911
718193
979089
362441
613325
794963
101937
225347
299310
959112
600925
830417
224753
246793
499798
576881
740310
357794
846657
237631
16322
279691
904174
760514
82529
478000
844750
786589
725808
804295
538999
174071
38840
34440
536513
168517
829403
154802
393865
645066
113914
511142
475483
338667
757936
975282
915549
14598
849428
278558
768581
382103
558250
189108
142617
157131
667108
503719
460073
392916
824366
515424
566988
863206
549864
619853
31724
895619
774655
941941
540685
404921
969435
532521
743589
727371
24155
175490
258321
873583
454048
26903
255686
528650
216011
914655
202134
399471
418374
662207
792387
242740
177631
875727
622299
243847
11932
170375
655818
786587
112316
712856
191509
81751
245377
451450
325475
785884
626940
100148
175819
597340
127051
431506
642343
859414
862513
844477
258885
797240
23036
567625
556332
717019
959704
178631
477218
971637
865358
133036
274576
977674
845892
466085
575778
607621
433887
417605
393505
577179
517753
569325
174520
161157
517183
333215
20571
896048
694044
795809
693288
717080
879786
765973
434099
839490
944604
911317
811127
326315
560705
85704
303989
922950
68141
396119
530571
502029
813724
440429
595560
847830
526106
770080
8987
559641
619647
545910
455689
313691
858071
665330
547123
737857
431303
981222
93700
892259
408891
904827
218574
485949
506883
38916
408899
91377
435035
455822
593406
765112
896251
705318
612942
938709
475399
138281
498350
611398
200543
954040
925090
574967
135722
472213
829176
567025
969788
922876
459284
895031
827704
194211
380980
850939
233127
306231
942316
184514
762054
52074
949626
658305
757393
78920
597015
749144
733553
611717
360542
450449
565757
285632
541768
701479
274198
370944
784856
760338
293821
760493
655369
121525
954704
552702
488816
704183
858933
431133
405049
620987
483207
354676
795645
240600
949948
909012
989744
199854
520729
350287
166655
602839
152271
708423
820670
942821
79367
605527
703159
373188
882372
874881
11065
353428
427583
499882
57611
802868
931015
462660
423856
930574
333688
735853
171175
799989
644865
677271
516195
165594
543910
682850
768433
696182
391273
589104
155355
986992
710983
858515
360181
593355
733396
887598
946783
677331
387480
520746
480199
834847
983406
420407
765422
833447
156260
452949
633436
801125
130220
149631
483072
674131
348833
251505
886665
256458
356961
42020
243450
67944
900535
603631
177651
150283
7582
124434
827614
395062
645180
824166
229910
144939
244573
511684
978386
400834
964633
128174
718311
94853
794157
201383
768984
659342
969241
655649
915800
326202
697670
159250
910499
114557
279234
88150
264841
286816
728937
608807
198230
890469
432973
944492
35408
677547
456176
530146
594733
420809
174672
313044
32015
968829
514428
317351
628171
483669
973001
60323
326223
187023
219574
236722
817932
15160
841225
599125
301976
570162
207933
500206
460631
157258
961051
12392
351157
417227
58890
945890
354389
233563
775287
386404
718744
806067
703755
863268
289736
193108
923591
132311
896483
143165
885386
714416
674677
726611
829893
976653
813125
554178
993212
790108
711437
470615
318852
62594
887842
377743
524837
242231
611306
816476
628635
330050
622543
848743
193318
428631
41851
633262
560942
454687
292779
446328
169103
967457
689291
515348
460462
18768
69527
970026
808877
780964
440641
644081
359910
328484
21824
401099
87067
633130
217575
232055
479533
840118
80798
189203
268749
639001
822465
346044
93688
115245
792372
779143
599054
998016
294492
59516
16784
880371
29543
342013
661335
986536
986095
537597
315020
7919
455049
918440
157402
672624
150495
153287
29095
747645
342490
814196
386646
681308
160240
996687
312905
468965
292182
911959
466981
103026
971475
117
983397
517370
858483
161084
503907
844578
698682
335279
368849
670083
253719
42603
342707
920566
195890
888154
668211
54733
702351
571210
736041
378943
84249
48946
847908
376431
477257
831241
479458
448732
347711
979207
482455
206194
140292
502714
567124
355326
837993
935973
25409
608065
494929
884468
528631
690819
288975
713195
745552
991326
284405
997945
370269
368654
563243
734530
261437
40500
82123
257247
5585
429834
236455
488040
152380
376747
990754
719504
248425
345099
171830
273834
953164
666759
674654
998148
357578
963629
711343
619483
471307
995748
133780
357929
880754
697024
92459
142191
737524
690934
399439
259461
120769
152246
747501
273149
45345
254607
509006
293770
599707
680836
83956
69223
347595
758610
67371
221525
238592
778714
357360
709899
290814
491141
584180
687920
188165
192991
830112
442041
883926
745903
701503
521047
898149
965356
310548
943494
736316
819554
753616
852375
500390
837572
921598
364337
112534
505322
102215
867478
800388
459575
93730
91203
950716
677910
779123
655233
870902
125587
613627
271180
871490
831482
792227
285991
313190
102775
745837
49506
922330
499453
901881
939072
853377
339832
819762
965912
845154
921977
833390
645542
381552
443472
253097
848621
121383
548573
20206
508637
674160
150185
779817
62003
981667
572044
864346
811210
191171
610184
860716
629853
625989
278950
85278
479367
618782
905040
961631
980288
827017
311373
142182
724921
754846
395280
573542
876229
943853
110101
384866
134365
776638
164683
196368
274658
253079
60715
85868
444250
187251
946584
590456
813240
741886
675734
292607
877020
580774
770590
857308
924143
81964
515843
649064
836810
427475
738959
713039
887680
849060
614257
22045
142050
295292
218414
416708
548371
795481
502576
508973
982732
965513
99429
312324
707399
775163
121284
584420
872289
891874
958080
796432
973838
990275
445497
810648
417750
700808
40039
305430
549868
654296
327476
691918
949588
62242
624979
14311
374075
127555
39637
873159
93068
655418
185483
316820
946934
306767
417592
819223
714994
892024
615656
688832
882300
577505
15833
300050
278313
55872
121833
344533
226521
449309
552803
692461
27903
177782
706773
401978
305338
262762
791489
914758
918180
976972
231578
865114
800092
649170
684338
515086
541195
816346
720270
939847
910203
736103
239897
188516
791976
361730
49401
18497
327391
118556
710958
871646
296339
934083
789976
118029
196845
581465
549139
631378
558438
780718
496492
874882
946240
697182
906320
3787
513528
626590
943634
940083
362694
699884
644951
154670
577966
694352
689519
421710
812909
400477
293356
625600
850913
83333
259981
564110
664798
809120
195488
739588
106190
208333
130822
568783
905515
37142
572570
935396
663733
32557
875479
26427
732441
520431
181097
826759
731135
386968
248469
60396
303797
58178
685996
154710
657863
462329
235173
839013
271450
430661
578602
893992
155346
225776
462775
60862
262919
551698
996258
926652
584255
388089
953079
833048
424872
650528
176159
156008
37496
424629
216404
341293
999159
418753
12356
657022
881082
247529
12387
668884
194542
590989
79229
349889
333118
542004
410751
596037
93702
923361
522689
194309
827802
992120
27357
252675
642648
203517
925035
196496
144498
657791
54141
660009
76544
66497
833383
473979
314026
845770
659215
24921
953112
738444
374810
286230
796801
301913
882267
406855
741626
921308
601165
85780
913428
144874
338455
72428
864743
779842
268924
525593
437634
323065
185602
30530
905915
18985
20861
736293
381108
196429
761214
334220
934873
652376
620450
248026
954289
19069
171234
212267
940377
772399
298048
853805
433625
152855
926233
814721
932698
711509
340314
370332
550926
525917
917214
456841
61254
938076
193135
442362
134505
470701
292934
585730
123078
913384
350109
77367
932453
521343
805987
389182
810094
104035
242987
760071
256890
685572
574792
705940
913433
915107
592624
464360
957376
509839
437553
534982
964267
147040
977345
98772
617742
786631
200854
740820
700016
550963
334539
148821
72306
140526
538004
398752
760913
297343
158824
534156
499268
733616
240096
412701
165075
349073
393413
122451
858912
830967
657434
823179
978007
151131
438303
595749
937762
639157
852921
154130
706473
187461
819304
295131
844339
357308
693884
605253
171003
369060
655761
670271
102676
412209
599325
267752
761282
992738
906555
620194
823705
80341
959725
318065
231472
398028
430166
685587
553538
283088
356069
260011
986901
175373
555142
831240
49033
765378
952845
220037
134438
608606
406660
753467
20816
5985
21219
782098
998724
444126
918645
338781
524468
878370
173198
755940
276399
603365
957879
346289
886453
313949
606300
389706
5674
677794
220946
54708
959525
173792
791097
93963
298750
197757
847430
319566
203743
385001
618017
718819
829128
536662
57600
353596
415032
747151
625888
207783
350516
100120
554072
753321
414069
676724
143027
936095
354519
880325
990803
314044
54117
298252
924359
352868
496010
771790
188786
216105
673143
806803
451276
502271
343465
25228
372219
274850
772379
998108
482633
122895
98228
36706
876216
28649
229782
535595
964744
584301
415921
471900
414697
986390
770152
339057
855610
782514
627199
44397
514971
816694
367552
966247
318966
711018
991476
207537
985868
763855
205645
984853
403103
820225
537911
795671
365226
767694
331267
846323
868347
263540
834575
283045
249930
121079
138454
105541
903594
282005
666290
934917
98699
33842
901165
934017
261212
892641
141555
763432
172848
863552
748286
575951
200130
802549
371623
565356
570243
219242
928031
438591
482782
762606
237988
249064
883686
892794
354605
303632
691151
537247
238549
306202
571090
139714
756572
348654
548707
414479
112087
237908
278031
376725
330211
994513
179274
701834
76222
749518
437428
4253
704461
920210
283212
458801
169275
166898
867947
40232
986882
75450
93832
225431
381652
664922
881498
138224
529928
946557
552703
642015
184465
347087
535092
514677
857952
714367
732863
934174
980237
170292
454780
201050
606854
737992
176203
292481
904890
560502
849066
408124
635952
942898
633555
533956
124172
31405
188533
654100
977963
257588
812468
678780
121027
347560
709809
978980
61927
959025
913154
558516
645669
367934
759566
252523
105926
452121
61357
527168
12623
910423
935292
648575
369673
85200
182532
493845
632957
887417
664297
127272
145005
993117
806053
266033
340678
32214
245013
918957
991239
674519
477474
153260
42454
753392
922136
664732
205514
983493
708253
218137
410268
159897
383065
296293
761449
81949
306490
394407
969366
970787
521679
114371
963905
844084
896756
820935
876299
141769
256244
383890
332641
250070
537151
891447
3463
459287
72531
725329
959132
780784
459818
369400
457034
842883
182045
218483
924832
488535
129242
410550
459322
650922
41274
939579
11358
938030
276866
887657
596152
533111
787900
928793
783181
841403
820240
302996
817042
892771
28325
776174
189908
488144
661926
646942
847379
843971
381777
288564
332506
511020
699114
308180
678294
740388
247760
689652
194771
40978
93662
790923
574089
881562
719716
357271
239317
56308
176619
56359
465431
204945
832533
655339
209441
10811
818633
573172
854782
716763
861736
703640
744135
560851
11820
422429
817591
775932
628433
12362
816911
722095
319637
907352
120009
555705
780975
875678
612013
957595
932037
77445
678892
280922
249136
888333
291733
584122
977857
662867
300885
839594
366507
45020
916797
894680
467449
734388
186964
612234
263103
520227
334330
582740
427580
970691
138446
724907
846370
266811
682502
294759
860608
361394
575682
109745
766079
867415
693867
743937
46635
994752
99883
929494
556124
16680
824174
23573
267420
527491
635807
46875
47718
486489
145968
991650
973533
800766
716558
336255
67577
399060
631014
928186
276807
206696
554283
559238
590464
764502
819527
637099
275606
435762
566593
831730
452442
907120
371655
236215
950963
523814
283090
998681
10304
429058
990332
500189
229824
706890
836444
813754
622302
467458
258292
415461
674155
328927
491052
780971
93429
826931
418070
885387
262694
501015
717117
715136
924487
605124
951351
875450
128938
750794
874132
655594
696204
380816
155783
442381
604058
508579
256135
742712
976038
30779
674526
166545
359706
165578
947516
969487
992509
881938
854874
255203
382953
88343
486692
823793
693467
954395
699243
338757
705189
89727
994352
917746
986895
666487
360127
590953
175067
132614
850018
667457
163393
524544
834002
523099
690122
297870
8938
198983
179808
863812
454187
79113
468507
457231
902906
161974
411626
118502
500731
633168
208229
11435
550914
195125
677923
911041
302430
852990
43655
152448
36799
207048
193344
870801
246499
883466
685023
255437
598802
864831
635601
569341
460296
104108
26572
363203
782434
438198
481705
799517
71366
206286
810953
622280
401411
488876
49673
220194
858218
93328
372642
411369
816728
82339
282170
63227
965805
483545
835016
80959
348376
470617
650300
808672
91077
676872
688227
873511
631423
686284
673029
702789
892571
334
841422
810334
5562
891095
30528
863780
984424
919523
275149
801152
1862
73671
380732
484019
557216
215748
564979
421944
202718
731631
746968
810147
408504
435196
683659
39927
637832
873040
259068
530403
389726
100490
340738
395288
991586
887618
775420
492362
323493
566921
809866
325355
156944
706950
325727
230512
439051
407058
652456
641769
138689
915776
968268
63545
867324
168279
103472
505157
41319
362541
35560
431045
979383
892650
342685
487321
296621
118105
496035
620114
685026
305902
461822
841970
12852
303901
72482
968255
710959
241290
126376
366000
157067
94645
429546
24391
262924
533018
45900
820596
411911
81461
767993
391295
490463
110679
394968
303436
228784
891004
923551
430163
196906
901725
788485
726110
205626
377320
210718
432937
618610
337094
798937
292029
431739
228483
832773
694664
277854
878673
515260
689765
476486
283253
597412
966950
393932
992381
786738
139069
883385
226641
569232
596643
128366
874069
839105
850344
251389
49823
283281
870000
386918
598571
162029
335009
827054
994802
29673
104908
389828
544933
311026
866314
344539
908438
349616
738471
417171
136355
393892
816908
362996
479476
413551
7715
353546
769009
858059
604935
335184
657693
474935
722102
256264
153317
57112
599670
664471
603137
220931
54299
664423
531957
436966
8962
956747
786582
263785
373919
922937
657678
190827
802286
137154
120731
810001
490700
406092
184412
95636
741276
842105
86923
979731
614721
240240
553195
214392
421064
156332
435323
991715
820755
483632
428681
829717
440379
215264
609855
330650
654553
267533
37830
456839
921039
158561
783192
411740
564653
483957
23728
822281
326062
110651
802012
457136
867244
355207
187880
288308
27892
139555
796375
848647
623187
225057
194717
63566
440321
804572
394217
611226
588457
432047
584418
509496
106960
367610
921236
187965
851567
461316
10246
693982
571968
328611
667470
439212
200170
855350
243872
228062
994905
40247
593062
618092
781656
787779
198010
738329
108703
108579
349556
697160
56978
933974
723008
163938
817936
160597
868255
185856
621913
394854
879838
193881
723465
63660
149445
439987
919010
909669
668050
430267
466269
261112
564711
247925
565243
762721
502607
673946
387653
852163
887458
444631
302489
126818
124922
120425
287415
993177
306281
909329
904383
702471
619562
144200
766131
285360
584188
201493
711381
252238
631760
177650
29702
196471
941928
594945
475545
444535
785243
863198
813050
189053
307829
115539
315871
949103
235964
603287
458633
58598
28968
363016
761069
164882
23569
43553
966594
607757
245046
677976
376347
393159
371978
922401
105982
830258
517346
581527
274793
818941
961077
604195
7994
785259
719734
323865
734362
472051
927152
192995
530649
472472
72364
808070
637355
95933
851623
603949
220042
96670
798277
112741
6181
170256
35142
112163
514
68840
210043
791660
887781
687472
912207
895775
472731
631942
219640
723446
620345
663145
916441
150994
651969
505157
959064
289324
117442
327040
409626
337484
940062
724255
450225
946243
410863
1719
574758
411378
70559
301153
719390
474692
988626
631597
370467
461357
779891
106460
184803
400236
285957
617597
67582
937926
122754
26647
743603
240197
870039
669581
94033
810101
393836
60611
756344
804700
62330
847454
732430
649242
148608
968172
123934
137234
599769
494402
598591
896013
117214
299747
296249
403171
433696
363832
341097
72802
906831
84700
829351
776870
270633
923385
586971
664470
983996
859667
985522
562678
707121
717952
211920
855729
686124
335855
992963
802245
346609
107907
698258
980175
924006
510860
383346
357702
391044
240795
430504
814227
841848
259856
591097
112481
699593
694420
293303
683589
70439
278825
762619
293912
996777
974540
149642
199253
826747
658957
1499
173356
283216
216109
669883
723574
726969
53229
81276
634365
294024
28133
448592
652224
804341
556041
764706
503934
766813
58009
703875
837252
336835
466494
131165
849964
441034
797159
49218
784133
972468
567069
473841
772037
783178
143724
495611
26500
196953
93240
660865
7330
121373
625810
175906
442066
181851
940612
946000
948665
514974
649875
302269
368161
632721
949786
218125
590108
263297
783695
374241
235766
350764
848083
524155
650295
991807
19766
193147
705113
629358
370364
228795
750731
996174
404701
709149
178026
345314
655149
643043
376640
821376
945312
744801
454098
895099
962926
560558
158396
746622
934799
910514
613738
782882
951021
780385
291042
487140
973532
996155
116498
343897
224950
383582
340071
629651
92731
34449
491317
747881
677492
867957
85609
622805
612758
56059
34256
92037
616617
709004
355011
67769
619519
968749
850651
570540
265487
141693
57680
239019
654200
690531
99268
879150
74113
439340
508802
166844
990141
516471
431077
667634
384429
33039
806791
997187
89098
841047
89224
222068
550051
444235
289837
685922
929337
656840
772815
194824
314886
346847
950195
969086
37378
49464
848237
111491
5156
873391
794688
995297
389862
225765
662931
290643
775156
469722
287831
864255
827121
893407
602675
377173
853995
408864
63095
783332
65704
352262
494508
380590
699110
444703
349677
736488
494167
714266
364332
499323
104009
159020
494621
493871
901137
673904
784515
676294
659979
588698
56901
487100
998457
175928
380625
852452
584792
443721
152136
650496
795983
646644
547439
11445
91348
897116
747934
101867
127734
628618
601191
231743
787638
612164
241966
205127
286068
542833
881421
946047
131531
454674
949500
129989
630602
330125
498793
215394
290198
650930
382243
602534
297574
929682
613979
905274
826798
878265
7142
470884
506883
124685
702627
810873
736849
944593
16001
539269
487427
413774
1669
135310
868449
951169
781651
15403
797646
796797
230798
87845
447727
613041
690379
261653
542723
820710
683280
885873
698976
690422
873109
722211
331459
575736
533085
68308
36681
65438
123929
40460
479212
125598
175771
864013
593119
473774
879417
907118
270571
626567
994963
234650
239608
201694
496304
298683
22404
179584
700908
237732
386358
574017
959944
717817
666105
9381
302477
702786
74819
942758
743247
70383
584709
435370
934397
694180
425496
813814
601298
212420
440381
112613
447070
196341
314307
459726
11376
853064
155662
712284
607148
542020
802653
83444
776189
468758
92825
595018
687896
683996
54129
431143
754380
638838
382865
688777
333018
808362
18943
450669
20782
975676
563282
467852
688369
393942
443931
699745
247006
599593
928381
370506
141614
731034
453951
434155
716144
546776
545526
404040
747125
599655
351536
501505
238493
734401
706634
87863
542763
241929
538532
79897
217605
618167
64102
905974
12109
508033
122071
775467
107626
50452
145973
765592
297838
599924
199748
13982
663053
261626
934374
410178
861281
285910
428035
616126
20312
134669
703989
79427
376598
758874
159325
110555
377041
739779
532881
905502
247812
654952
680969
355438
221756
826942
637383
519594
426867
353483
49928
89920
615109
984302
16450
476390
270213
444485
608868
290525
95506
829209
886304
472104
588083
561981
99011
481476
301760
631892
386978
549572
803196
584299
421363
24952
411242
575098
544546
354461
928581
110826
960733
543690
95128
977183
536432
881693
421668
145300
688570
33526
490861
574875
21982
595297
136856
120993
76773
438617
269237
980104
504541
72433
564403
442256
613737
491997
17354
158283
846458
945935
785461
807191
5977
880589
784374
542409
762283
722394
204061
450853
755920
211275
542080
777902
806572
678937
415247
399697
633906
684484
379801
654799
273269
460557
97056
887006
468906
114410
561641
315365
576698
347102
122556
582675
744044
423283
641437
22679
662029
361850
473532
934302
573125
531965
228556
379697
727254
643804
779395
361160
328288
675548
15959
117910
652457
629367
4916
121364
743778
566558
436729
836828
913660
75637
419503
657704
498920
60940
680383
677302
939143
670268
611604
512268
718585
840160
408318
445839
483964
187713
806999
328605
379613
339310
446515
32071
968678
451431
153435
228808
534341
106516
65636
448002
698505
1491
622058
197426
578784
818794
391080
517927
5414
2684
546547
723999
842844
954865
169838
843161
658930
493189
688118
38544
348851
650985
586967
317529
618768
256754
62689
153110
363270
644677
117464
61775
646169
739522
775553
224953
74668
166633
259232
80082
685669
805779
320433
44866
760645
490271
888027
935927
499812
92497
974471
848664
743482
77790
682545
362250
334544
745235
515360
214166
389912
632824
792294
552433
888699
567847
293738
479719
250833
552970
76154
452854
358750
396587
497720
635747
403211
902099
88026
903023
994596
62498
268039
254430
140288
950585
616681
991185
212172
648393
205351
602084
797570
997645
670870
202621
81845
964608
682340
849030
517579
274846
301884
392681
671434
315957
544780
590997
218056
632806
10372
729005
211656
278412
499787
868297
745349
116468
859482
957521
281214
581185
75957
78784
578831
746827
797757
177028
227788
996449
26058
745367
271296
844294
654400
459082
160251
199180
50079
894660
348338
576803
140017
559995
371567
639804
428292
633268
756273
804126
590789
553839
385311
183099
632623
480494
446278
946732
657522
674066
943181
199932
935785
214477
44227
106537
673559
204478
822069
239990
615490
170408
333146
755507
246755
704713
395312
191399
337982
667937
995525
445123
221776
897188
144574
370751
377683
107205
317483
551557
297623
260664
267842
749761
475142
312069
856298
665053
32899
678368
421396
648390
848776
754542
403897
95531
975607
799209
286930
829941
467146
798807
791417
205274
695995
935991
576025
590030
43196
893508
657940
857172
154173
925782
606933
145667
754203
463231
810720
787102
141599
232116
435492
506727
503010
355742
602258
478618
671303
405540
308559
654802
720699
99976
860076
416695
552320
436102
523077
111868
845962
697369
969040
135
623151
575973
145802
377354
39205
472875
680809
697156
221343
632653
203884
724354
988395
322494
202972
176051
244387
27883
830853
965086
644212
207281
898133
196532
159735
421211
308400
5698
118580
277441
522185
258084
853414
184340
151790
408971
173567
832599
106128
394910
981605
826364
119264
486352
148858
838588
662403
393245
382824
9608
874684
27036
216890
772817
223568
892977
194028
531968
898675
828961
325761
937213
603397
695528
121553
755187
104499
295120
104139
726979
206382
602096
553343
841999
88448
218554
680587
750852
128151
579763
276812
2835
606799
493702
775653
346719
903032
486033
878688
318059
314994
720801
255272
434743
416329
893177
706283
520829
704649
326774
247808
911032
928870
317504
753031
17318
536058
949970
284522
664209
46086
561335
667045
652885
571389
959050
999605
474421
445083
394645
792481
276430
115446
47753
711173
531776
457283
933808
568957
161932
260582
333117
589316
189452
650621
342347
206771
186679
808670
7645
367241
854756
568980
550638
23993
140370
509688
23598
614791
954771
934595
407272
747553
566394
971378
975079
98170
428661
908887
667127
106945
169470
244
696262
358922
167218
38609
82045
353897
363631
89691
237490
734739
175023
788128
758733
315393
297816
298683
446537
768940
749631
370161
516493
316025
341539
491572
414195
286552
916812
597674
393498
86282
114270
89760
961556
797840
644721
559954
151738
524705
165997
905580
259444
341020
693709
534529
656414
991525
349565
102951
276817
99196
989464
793311
415221
331004
801235
345768
133908
718047
459794
527406
320681
90416
133518
282238
888257
778240
842192
556347
819297
8189
461927
595093
865561
155636
129623
521975
663514
995540
141278
940331
94736
647095
249994
26309
978099
567582
888429
112007
801981
348223
155766
122663
954991
289284
921253
843248
583876
763445
915947
919525
287986
377875
514619
669899
49863
644242
191875
229729
156134
849505
170061
250870
12952
936407
793531
991051
503989
681960
619411
305971
30183
291529
944986
501526
97165
866239
861127
197394
146036
777074
116919
950374
671301
631538
620273
721165
792132
328500
950894
948266
178006
637307
715488
707310
573715
509019
698362
594056
190979
834125
416379
737514
125654
361365
239041
739171
227604
100168
936565
373640
393594
53485
324014
64896
201375
944288
302413
509860
272788
769659
974478
967146
923319
689967
674457
13386
715338
889171
607442
906318
723296
23822
160184
365302
385187
915577
620825
129144
532097
557391
502784
925692
127228
343151
506940
844955
287439
809353
354815
76579
95364
329294
560078
18683
19261
234535
32069
734599
640058
155864
157269
363354
179686
833806
245008
81225
749383
382185
210369
281481
939576
229506
723525
583156
572657
230465
428112
376448
556170
782927
453027
167886
112221
13105
702922
647834
763992
734991
898786
404050
890855
572407
283756
586893
406213
45116
668119
671949
427302
394840
469782
366878
624346
193307
950035
197003
940124
894499
573451
12646
677426
542831
696884
306000
72288
399806
470186
836281
134798
885324
240331
542005
974084
40440
645251
380297
85556
313370
568598
512858
224562
38380
396089
848909
748039
862476
562264
688163
756975
652068
217161
950753
194899
914046
773105
783539
313852
243292
619820
965002
644968
376504
23360
619052
416944
668611
999350
18852
498333
84300
48063
239247
122681
444152
88156
870720
822980
650421
75236
96307
818841
292397
47060
13740
722795
820166
797279
553000
579810
933452
34354
224778
826308
57714
843831
759604
242677
359533
778456
257362
443833
342871
496610
566514
787023
101118
953587
126355
267891
28823
222662
86732
837572
269723
100472
560368
606241
414104
629720
186051
863908
664074
927181
690216
238141
771012
966172
997170
646897
260980
254533
90731
603852
267495
173597
390875
884965
127184
33583
152857
672359
256245
239589
509932
42320
856414
586652
648561
786870
216372
350964
167130
396798
794498
373698
634939
565510
339870
148462
212408
600850
919347
819491
204702
186842
993088
111930
71807
636625
145513
741016
308984
918110
980606
335268
960431
353372
921920
125344
140242
654644
992661
307372
51443
787159
681070
202734
869021
537292
351196
597781
138142
270543
417272
859197
973737
926713
487479
561897
79690
149344
302913
905026
67454
799871
240295
544237
153243
678567
185934
809837
333212
178595
633561
901007
482106
830983
620093
351127
368275
487642
948909
22770
274537
882533
881967
248275
325598
369446
326524
405288
35142
629437
310315
102596
945661
66962
163186
615256
745529
349120
425094
595093
527715
575007
496100
9821
405991
632546
877300
774266
120188
826209
313388
394725
225095
195355
159352
550693
81153
485876
472334
116295
631666
299001
735244
577327
365963
898430
708935
111492
247550
650381
706586
291617
225389
719038
817790
147732
351584
695090
438350
988124
37652
751739
382850
262747
947094
58554
329792
544600
544431
318478
177247
692449
617479
912491
269776
983442
327273
495063
94935
91175
145445
317873
382792
887186
36911
716934
34918
904848
412025
473268
892972
966029
225007
792174
745128
688454
850729
74920
233054
911512
909751
410301
603961
527230
839145
390089
510673
166418
885152
121960
257594
546949
439833
156738
434135
476744
873673
469053
381592
802050
942322
790917
768079
683681
99443
513207
372135
950172
104479
605189
378036
14230
531843
981997
541461
370988
888438
568486
53758
289943
690446
311352
836892
130279
984443
271028
123375
858116
740081
21320
660166
198755
812237
944597
882437
428032
457804
770924
378205
78635
376114
272593
92866
424309
770943
150679
311649
659381
719165
365407
949324
925963
193112
302569
56242
177555
573597
695969
552023
830030
717289
728541
28786
45878
673138
427575
473911
647294
198499
368468
725929
90965
641061
335147
515274
928356
2178
343275
104090
721343
708683
53414
163658
418147
872335
219900
112054
445932
915870
664077
275963
149511
908970
821101
195390
582108
248676
185653
745754
447175
554121
471683
538141
711534
323183
569767
639891
325361
913043
743981
563057
138078
313747
726715
556225
186083
462968
184631
632015
895190
848708
424330
561053
757678
245431
272795
856138
494107
458448
601892
457635
12569
589927
995776
240456
429462
565543
880347
271176
994938
140680
834233
133016
454427
77300
205593
156862
56620
390224
305230
468162
755284
245912
29216
512962
491344
302011
885452
501803
760460
487344
959438
289381
593624
471566
46189
23086
553462
442888
294262
548400
583568
644847
681417
554348
238500
403362
227562
295120
793587
532792
279635
548871
778705
308851
578186
786401
127214
979990
288204
404026
983687
763995
209760
577311
235561
255949
600397
789023
698838
411012
853776
798758
55859
535193
869458
294359
454907
97021
105832
764846
629813
385467
830070
924870
210670
408256
711271
337884
904598
515828
741911
888285
279823
468023
465596
31736
723972
582346
337112
939162
993358
190888
254273
49217
242433
123731
859929
697340
220752
965761
462187
366918
867580
292257
291788
78250
216865
519412
932486
121463
35240
190749
9749
831415
658772
991697
379503
899097
574043
716615
838259
83753
907503
92532
649323
149936
216264
509252
363629
953368
991365
825816
320286
858945
634425
612075
453547
851290
647839
386033
489105
199431
576783
498854
30846
235555
6904
410349
134652
97299
643317
489264
181053
550820
581796
830376
217109
314412
339628
580738
267781
847345
406554
104419
706290
557331
232846
159837
408621
880685
62222
897726
80116
639005
912933
627314
390913
919837
37664
525565
17136
680981
14829
714541
748153
112978
544917
965262
943742
400897
62352
727875
248242
985258
832295
954532
542589
65141
630721
951210
462179
209296
365289
542295
848301
278222
169610
239214
714411
723626
281132
247899
920959
812313
962441
669112
441643
507358
150727
385386
908256
213079
113261
672850
198338
461908
627383
740927
43402
774456
208490
505581
983752
573779
47876
348406
852001
217486
103972
82764
941112
385104
330663
862071
197418
809456
47536
639061
316815
198263
540799
741423
411342
170413
414273
126032
632321
558008
866960
675723
848817
75450
181304
348921
165581
745533
213679
17582
479371
317652
616698
936836
219108
947361
315259
416526
273170
362795
571940
106337
77410
629091
847760
5105
799504
778385
131137
948178
852746
514449
140253
217915
106251
837910
566836
271832
583443
780516
805766
62814
614520
422464
999650
833628
886178
314910
766507
159348
194057
854799
265685
271468
483890
629797
276573
799747
924534
407710
747925
777280
438512
404530
511547
544763
242440
78384
816596
825883
375252
138714
405050
989772
561179
921052
339752
963709
235962
106259
123057
430020
961058
905094
217840
444949
51243
494413
761048
975777
418475
25325
269410
856987
429855
780957
918103
672296
375693
251051
14531
750945
389765
935933
257069
467296
856986
596822
431005
609300
219433
554062
555672
180492
975508
773512
141793
26751
267925
419193
2529
202753
444518
788291
576092
874373
569248
494195
63021
944942
261598
593905
212239
651364
529838
985661
118660
386824
98835
66018
512477
318268
620080
68149
15112
111941
841662
156905
138692
625939
576098
657573
828692
536968
445864
921137
411342
15113
931684
474363
476407
193283
584620
688646
360999
114459
190659
996011
17635
289494
62029
530112
607763
198462
114614
622875
310403
956276
296133
965447
98567
388583
623021
927260
925552
585237
848397
853246
116702
780081
843961
593109
489716
428582
798108
850715
543041
988767
846727
77028
278262
908756
123493
402377
107218
238107
25252
933973
710735
837737
899421
809302
226321
522442
736562
668225
624031
101311
521471
740734
397745
365432
850195
403813
794014
648303
254529
853407
153423
101256
930436
948037
526364
570281
350414
149935
808388
892018
83908
519123
246108
983329
328425
988781
22123
581340
657006
646155
199003
694829
903241
113100
60261
753436
516914
370628
918092
287795
224035
587867
905403
670823
535904
431767
241104
402670
581702
565844
294688
181963
601319
57148
165292
446097
45929
703768
27437
702935
349923
742792
914116
769516
855893
974378
39304
889159
861358
957396
176954
85393
545263
82357
272569
597519
30476
30025
189
128531
112222
811230
310494
713541
868378
475786
159638
430660
179554
703427
649947
45829
446220
564064
331697
818465
54794
371002
223976
916152
328398
400930
1545
390014
999639
790466
503885
30115
820492
504075
158646
932714
831657
469140
162607
216387
461279
322246
647047
640833
542025
813347
203015
504597
377411
534712
323062
432205
905714
547038
348357
750465
464320
866254
140479
463959
656721
160716
10427
993565
181143
169073
926279
12800
154566
605238
745540
615845
927484
908939
773030
985862
722286
976045
490459
616049
27110
329874
48254
449176
393264
912963
199641
857585
779218
856472
837896
435939
17189
848323
945856
198332
533749
388487
727485
688315
993725
989377
820512
437562
898316
593542
423424
136955
85940
913883
753004
629402
243757
317611
78578
153374
230574
794572
10959
9792
651044
365207
962083
184585
729883
907939
899270
263632
296426
626755
468299
290152
616132
288811
244066
30800
398705
667490
167755
997
97725
437112
630399
857835
754723
225330
11209
985297
19902
22168
995090
187298
903727
473525
371884
633610
381465
271154
413594
194243
414261
398245
484395
30393
203408
728461
577545
602114
912303
745301
119463
10029
698765
749863
867864
453488
975193
879073
438785
995095
417593
950227
182393
837672
423753
70629
471283
321570
341783
884877
515813
756044
283123
516561
302789
2883
761374
396687
604997
673678
658340
724461
200059
357105
990676
67923
810593
482221
463348
765730
993668
397293
715958
692413
234965
656063
763043
706248
977633
621178
107478
9798
893575
906953
526359
712716
909836
287734
109403
31186
477764
767743
271999
677823
124848
262675
262098
451793
744896
241798
217524
254916
639091
449834
947329
874056
622249
710372
96657
599882
331551
720487
609680
741478
143792
652392
454194
569980
456478
563598
601166
934242
847693
389517
128417
488894
168544
906867
457039
429792
148665
674563
684708
787756
640749
632038
178164
262998
342410
791173
379232
190313
511660
505265
448143
655452
157657
902338
225433
130487
982288
342951
581081
829981
732469
225850
835227
901013
132717
292267
330806
281382
483182
15514
585490
123932
163904
280006
903282
22667
71180
282515
212980
99192
787780
661124
270997
461789
79814
496430
592276
62102
355733
689709
408435
604554
915559
243663
21920
48276
52282
869078
846010
535464
400944
431500
659396
564849
227858
79031
587516
299038
361546
316848
914583
665678
494324
185580
127467
574138
198362
236095
152592
554095
925804
77380
675002
841363
321043
696922
405991
889677
566000
252001
425141
966944
199853
600890
531793
427711
679921
635661
243102
41467
952510
157685
223497
446834
343265
350964
537325
57979
103411
689917
128426
545567
767297
803428
386930
604692
500350
309273
494369
582702
561274
435863
549647
277479
36753
597792
705190
716674
233454
464644
274493
702316
138681
497990
149150
998298
365306
202827
56277
985069
409097
184704
530636
692746
988132
433918
297439
4835
743191
308160
587537
820817
260375
653536
98296
297128
251329
803486
530154
1135
784483
320999
703451
923164
335341
368953
921463
216999
88133
494092
202068
497230
678796
732704
189976
183281
166622
3767
188116
426165
828280
292005
246982
88655
945542
345278
902136
713223
665117
948642
714358
449600
269642
934161
889116
121335
303114
326931
338335
391247
821024
540403
404829
16172
789460
594806
199453
472434
598573
903921
898600
943205
195927
661934
31861
141469
7213
933997
854692
188682
882639
85402
154634
668633
19563
43750
789969
839029
887034
644656
746629
708058
701411
151458
724230
490871
262616
440036
479658
377542
343957
894610
320747
539884
556544
352608
681353
80109
802957
52397
268791
201949
137799
423425
870582
673714
983528
176903
512744
870562
821559
775725
94972
522971
443535
819202
530194
706152
259238
9852
83694
119548
904462
920793
659432
977359
273402
857138
57468
592711
909535
326260
794660
563687
266037
665243
753753
249565
358498
782849
636479
180058
558574
731451
703029
2110
67006
749575
224614
842596
759428
824660
962144
180242
745453
621577
157601
535207
478715
215070
644271
904602
57682
438931
984641
323719
620526
738395
573285
979025
37596
209764
159083
596171
457568
378464
114633
524574
128039
855599
367170
403819
680259
329315
100414
942064
467244
774367
477272
462311
505789
121543
883265
563471
76826
867907
887191
697353
122654
976828
676378
160250
702944
351813
272773
160512
246629
903758
201438
891020
759357
568609
811192
439616
414276
911606
898033
397872
202325
891657
860183
708115
529552
743448
271586
606378
127707
675129
820083
766713
651957
12813
926964
871254
364626
716089
548118
127607
619848
749557
18628
379205
834518
829820
335174
248794
257778
233207
163018
460103
124864
23201
168218
654416
283001
956157
777146
410709
631286
597230
177422
799596
610043
620738
670850
491022
336828
735320
618629
473028
484877
637257
852233
319395
983429
703759
84541
241207
936966
247559
701311
578182
787112
385881
748950
70114
342038
526097
997175
489677
123327
174597
289273
249722
311688
476475
740744
164868
211795
359374
637896
213025
996631
6481
48772
980061
710241
649666
737620
163559
897225
438931
741742
200690
341165
7044
270804
199555
533141
267979
689232
172820
958928
494857
422543
270616
487684
163287
435484
215832
522661
589732
428857
35645
596214
477629
532058
306455
127295
269678
470014
540873
224962
728108
741563
566127
251505
528719
282034
784646
313050
971267
957467
271978
982476
896362
58947
470161
59649
10783
685993
98663
600516
631202
134308
196730
108831
182718
19537
752479
452396
5903
293352
193710
250364
551267
759837
501869
79986
558224
286515
393036
45843
760334
181366
28319
656696
756665
14832
232698
767449
700825
331361
367965
332027
465669
81047
957211
648387
100584
709690
617135
106487
3042
810846
356851
70661
87035
858720
150647
645259
661588
60035
691102
421922
757753
235774
594971
514419
250606
827669
281868
951432
159030
166185
799811
141051
247232
757022
305790
864168
983064
439277
487007
502458
250123
843859
573119
853511
218931
240118
15122
880519
816505
706225
818794
574259
458351
930117
605030
708957
274138
403250
176741
949520
569435
976553
606923
333019
249927
912713
197187
232992
868342
684194
251802
634818
44405
824922
488329
779689
65040
503451
660208
881546
726028
995354
972157
184379
441823
577187
409689
715961
980437
586430
665481
549872
79335
272404
399243
329263
701469
112782
78607
569812
313328
330409
204630
357734
671683
209311
137423
736724
229114
313983
134622
471495
825690
106779
172226
267513
683966
581915
983475
664403
168346
165308
730627
247681
437713
129870
93296
655534
759004
688255
225346
72332
18665
946328
430066
206700
671991
83841
943424
417458
397825
78046
888953
223515
184825
61179
7380
385143
643095
507207
565898
327793
672516
296525
91826
626581
942747
701475
282115
701751
389730
23814
774084
924747
486494
720502
131448
674838
804344
74872
92296
718521
669271
981249
458388
370448
558780
465768
755592
718227
972976
837842
46020
161844
134368
654199
304777
593467
355674
586892
295219
745404
127058
585655
670152
129905
306157
317952
804743
110501
909176
897039
829022
578447
394640
287410
465248
953420
269531
737192
671648
758859
575034
234020
920703
709402
888219
225480
819222
243893
328724
114441
989298
972135
700096
175802
102040
522605
493754
906783
633107
402930
320174
978481
497730
714814
782244
962978
668234
51775
700170
856234
810634
791556
90255
247689
500959
978474
989521
836533
738720
318245
950974
244370
806732
167422
420172
908772
690027
430278
331907
839486
349560
652081
334320
847290
366895
116564
326620
551482
684691
543142
924068
495325
334699
14323
259366
352010
509150
248887
188543
247870
83484
655869
492240
406569
823291
428764
315341
29670
375394
647249
385509
724954
815682
719829
88597
698930
352745
415217
250412
37436
958360
690832
49113
809411
705156
308479
161421
730658
73718
349964
494880
673554
5833
503472
80123
345476
448588
911817
891498
823982
75418
277007
548936
891100
513188
637533
590030
865933
569103
356794
903369
43815
47627
468834
853226
269135
293665
14647
999793
367383
880963
11025
557290
886796
514497
153765
748624
963085
65582
640122
303419
141000
433482
852355
32101
946670
6241
138483
812604
575344
495278
232325
619159
542905
701160
472385
812040
994825
3384
328185
878561
884347
339210
952203
287495
370059
105968
36119
849496
687903
192593
152915
828903
626075
521622
377356
572746
527863
515840
901702
619559
11118
134027
755070
70375
351539
743807
398767
862717
747191
726952
257630
631538
582514
209833
919033
952573
832153
471504
802069
520056
664098
471336
865312
806525
992958
242668
895623
37174
274860
797325
173085
802330
447705
928156
872705
799244
671963
787824
178313
419155
514776
435943
567045
97290
645776
2431
49863
477930
473935
368284
514338
654385
355972
379650
460911
865283
138671
356534
902457
413531
670212
591894
732214
117917
520050
121271
433513
192014
909096
611827
127521
423872
564122
210918
37515
209899
213349
603730
204181
203637
972015
718519
858022
844339
614522
835285
709622
753193
708172
128431
683076
894736
720326
415290
12653
240376
536562
962518
948742
445658
90697
592615
385882
654820
803534
423397
381071
16883
27128
101604
736872
515495
336475
111247
359834
950997
946532
585809
220542
171056
714240
903619
65792
950918
318909
594797
707647
855471
557316
656389
817481
164365
765357
719716
819185
568891
143113
716608
102126
686593
818212
838999
202088
671040
950246
78275
138389
413130
664084
358932
100539
894676
262551
166331
361947
581460
277481
69594
953284
351149
242335
287117
515514
7692
6833
851052
92935
666299
567660
195062
352892
902225
550413
71333
89617
17011
665960
228006
946493
846396
586938
47032
741072
849489
729716
619371
947302
7197
688965
416938
358346
931301
704055
873860
455345
227241
241264
548281
409892
325277
259695
762784
743854
326460
350469
833471
343471
16429
577829
289964
862825
164768
853349
120250
530609
583065
739621
994263
590262
428587
411201
464960
876240
631609
855172
331585
858850
96437
879866
268742
938066
655913
547878
681920
982373
898348
515391
325844
914777
93220
132161
293955
774340
501862
414205
821302
84927
153826
815565
191541
582413
226767
656501
458653
858376
28025
790239
233578
124462
186457
18672
62528
842371
82902
260800
824744
981250
292543
666941
412380
902116
315454
706335
676456
817316
120540
497758
418595
790718
313324
610136
373132
56443
782989
348137
914819
811014
654728
664749
451829
357538
199773
30709
199909
282675
291510
541005
263926
584053
207946
192658
486169
39752
415345
678978
373420
52237
693088
792015
842955
6412
918503
732439
579207
217844
80577
10378
545211
251657
675127
513392
609195
874900
60453
325456
157576
351963
866462
937854
452369
590760
646864
454890
630513
62209
650220
3933
114446
343309
312301
473753
866073
747156
206193
445281
965001
803122
455659
510212
54779
647139
539956
180327
522039
600409
505783
195967
468725
372245
650173
437446
963006
297037
892336
109871
875598
58909
630156
506396
402218
458809
980150
784643
205966
186343
229924
170967
989465
201936
197531
560596
849075
737487
740923
887466
854248
763059
83434
322973
651656
249959
760419
131014
63349
169108
240885
938947
228017
387394
445344
146587
846203
425494
931230
52169
128189
677507
739488
634006
879443
937019
194602
728518
190858
451878
615984
45107
731289
215770
368080
382945
465730
644852
513960
529079
813960
271197
468026
41977
658591
429722
188564
504795
855216
636146
73316
499757
313653
812805
133763
193096
749824
844718
437966
457035
296596
53951
18494
544237
269721
902926
927182
251803
547778
441142
780882
361738
712340
765261
920067
887283
194983
624983
392078
566552
261130
465395
66309
574783
794552
200073
284232
60728
44791
722198
517763
857739
292501
536257
401976
78575
439184
845510
330378
503314
286653
627613
865053
515345
392874
785120
918980
104209
410104
311059
670761
187586
292806
253423
278721
603710
969848
562953
664438
530991
801504
182202
388730
610357
234811
307058
688932
190347
668920
535663
693662
471925
163276
75067
987270
556150
860187
906251
176711
786643
733662
363825
974229
542820
617248
252951
146530
587096
332256
327320
118087
133760
509522
23169
744118
260686
846579
949402
967385
515499
485065
661047
987425
648341
736114
491047
720843
112654
913650
897555
899297
163664
777732
873527
222836
394980
642830
885718
498428
975086
213039
132867
108847
238913
156036
369317
499599
518967
835071
466985
550818
320137
644384
54595
484830
380499
545643
205674
9505
975645
619581
908802
655662
397313
298681
878498
308645
941511
280569
807073
916598
493608
939940
541797
732521
612328
427466
748473
131295
262537
731810
198465
99026
892546
253061
583857
789397
798704
305883
798902
290701
441816
707705
946363
355481
522738
341214
664126
464250
621783
987551
897200
115391
443843
955349
364264
56171
899167
629089
703818
678056
877251
902283
777083
769798
155344
877292
559195
470400
699527
358098
761102
141343
582155
223817
13176
621245
565031
193654
601847
703166
181205
15399
818557
625048
970748
699174
197571
386267
844615
901389
64324
721867
803672
357759
491665
475369
751403
567212
945769
450930
441662
223223
592273
540169
447041
121801
161415
528424
315455
763262
231591
13012
295014
566500
154412
782114
782026
351983
168382
626642
769724
749058
348509
89748
106817
356526
565117
374572
440090
27239
825502
881753
250462
934127
938274
213855
55928
99689
258632
371383
379304
490223
900747
674318
573075
55159
456432
355102
407142
141166
498096
176866
890224
362957
266614
513393
719483
348084
887965
675925
375323
713467
557678
142137
163946
495953
355993
219874
111994
614625
107609
7650
621200
8356
681968
710627
63515
654753
65729
987009
795919
563825
680227
686144
926782
463194
715889
162617
811278
603855
838543
702953
833674
912573
845090
997621
924878
717435
733847
553225
848412
841457
560875
985964
366165
242844
696592
946033
413949
278673
933042
209868
842499
129622
412364
285633
109168
128254
964603
436798
248461
319498
139751
598487
748423
501193
112460
673302
734981
846308
226527
99745
204117
303754
85710
570282
62950
298654
516315
476899
577327
965710
686768
936178
611684
615484
738164
720852
260090
702767
157650
24903
538617
813753
139743
287040
314946
252203
476694
566279
614863
703221
666025
818980
523328
268087
905615
586278
566741
421930
63178
144068
903992
266298
80247
32028
881782
818411
752880
658225
37530
426882
683128
576147
240635
822871
863187
71934
591427
339882
638213
206290
559455
820590
25271
82783
88677
930886
669062
655418
869168
248592
315839
289513
514890
912438
321541
913024
247201
590774
571249
801083
17656
770730
377230
258292
109953
756769
330226
701380
613003
484791
907671
172459
305382
449294
771594
394059
896532
957008
565830
765700
205600
398021
571565
236842
826811
893107
149867
74012
233
237468
875095
17889
8198
768677
792533
118152
525446
122759
819532
138450
123903
243555
827261
429285
692849
115207
339696
589381
588568
421878
871434
310520
819899
959351
547363
646710
368810
213582
237074
369043
451050
112169
386933
459249
880846
695818
93753
922645
818578
429637
577447
458833
673193
921060
888118
882394
36267
744166
988128
141187
166045
859562
451708
502296
818913
999071
149007
187724
212653
386081
73119
663703
14603
460052
639304
411801
155871
733057
334446
490801
679047
428245
465986
352240
349305
354104
234634
901925
98270
739114
43112
780667
598676
494820
282964
933942
10243
948323
638018
739248
334404
711137
919304
865359
687542
558608
793513
359765
808018
127959
366918
487065
72557
832904
355657
421862
703360
106643
840139
317982
845758
883252
98650
960786
894424
381614
894728
904668
329937
49098
643916
180693
276588
563220
562405
480482
638181
355918
840247
962551
229
723517
965968
72786
556421
321625
11001
776133
428268
851140
94115
790378
250744
192765
751165
661521
90731
162245
82541
937020
727696
242809
634066
4284
322382
196471
484766
960563
552389
841365
439466
68970
564882
405434
141757
637655
727059
669110
413788
671679
36602
507903
978410
803699
217021
729575
465220
824104
408172
547761
277477
135868
790570
911543
656504
112952
108014
141270
589867
176755
498987
29333
762077
63869
951119
420186
217876
194530
89296
631664
382562
642251
655920
360972
445950
389293
606899
911170
213397
15071
975283
490874
667292
282205
918769
323796
911510
543135
981419
501377
236242
996758
47063
998320
60628
514534
418506
794856
709065
24155
426521
91627
666406
598793
452599
112356
988086
59498
539878
717835
590921
31513
725062
774565
313718
160183
614714
225228
703319
112485
242958
939561
109243
806373
454233
686223
320907
872740
481080
29972
413247
907601
121599
79653
22746
90550
708361
527184
666400
764591
761371
773674
796104
2785
548239
109822
162969
679305
851403
866288
791790
610713
322201
901034
417086
776435
587257
737993
165527
584689
284318
578774
8642
922269
658427
31388
12820
883140
558572
679220
647731
319944
969246
960187
839081
517486
586361
2050
196791
437764
384690
504934
48477
706892
405968
981915
999679
509577
719909
165206
94267
520579
743980
102909
442848
918759
650650
455668
318251
209222
651241
965982
45518
620487
926169
884600
654325
512530
403002
367469
466647
787693
872403
31476
494585
278371
13392
494264
304300
249653
175822
398567
770232
436154
17829
213080
354913
668479
668749
673164
394053
836342
155498
955924
456829
598019
356876
627507
626901
759878
994976
93548
547571
867379
641377
558508
662102
654769
569124
966402
904422
744946
881322
674654
181100
415503
887734
52365
83982
72835
241881
994387
425529
397379
950311
882359
511750
307187
509866
138652
583418
504842
748552
130989
888573
389929
205850
550675
44698
774974
517077
465472
36273
914751
656478
733725
330254
60565
786091
414236
133400
544324
924976
558930
458056
875287
957641
969806
698827
983859
108458
282245
5053
373363
929586
893626
763292
651788
960653
324343
426763
477730
789815
979388
392482
962646
713113
722736
23211
15556
653325
672963
559881
578301
748245
17937
969940
705886
504095
185119
206097
612554
983716
211150
502269
429655
621128
265561
81443
581781
106256
508206
575864
412424
3946
484698
375070
717060
207434
398281
248968
377111
71244
808849
471764
819490
343138
958057
41728
847234
143176
764178
976140
126893
491680
478409
72900
112809
260322
154343
210942
366579
178902
786806
779003
182848
271504
670425
899908
995291
68706
665229
888754
656302
990430
360519
992144
333569
834928
33873
697155
978104
798051
189647
621349
289731
184408
694249
918892
444730
848593
646187
327661
27495
432993
623016
726695
220850
293441
142956
732493
362147
808185
621247
18450
798615
498118
526946
648536
849398
560819
862043
827503
875222
51690
965204
681306
236098
175806
116550
197181
540751
762737
524842
84598
712083
147859
811293
449285
441300
954249
181778
319800
278786
319377
854602
77402
333848
381548
242290
183246
458720
104334
527101
850294
672376
8658
47952
908475
184464
164503
622008
725215
443592
663202
326165
155675
811061
137458
604960
768714
608060
303090
604866
886846
622468
459468
480600
472668
357368
722891
655914
816088
827225
699368
182735
499601
708026
230687
924428
892490
911542
62788
134057
355135
725991
460222
27162
53404
597680
148475
822118
722092
451565
943336
608939
74033
919156
89539
546701
276525
812430
718968
608965
156007
418336
791700
171961
126362
22388
612741
535204
450282
675530
669261
805417
401521
645835
348932
454925
759867
497407
793396
481960
948972
253084
90899
539358
172241
180438
602411
448766
509221
837731
57731
181580
256067
365784
353541
898781
904524
966283
433985
354806
158165
619598
676576
76038
265433
25508
530963
25301
522915
840711
23613
988239
610148
114512
43949
782389
811302
646361
231155
836875
484092
805238
18456
256512
171022
888349
671645
75546
370984
621983
430353
529149
241581
623281
605187
23367
648789
652503
565020
688056
9566
588633
192647
619714
219497
236597
402103
30799
399310
149610
384027
883402
954849
402483
656266
642223
290832
327912
717770
661817
949895
664475
707318
707828
287756
312506
731195
452897
965009
812567
140953
974575
917552
849952
594290
137049
86549
512745
684201
485859
662356
68228
885614
617205
987063
58232
259428
277895
386144
493550
456064
852391
158025
163383
560220
962133
992241
807767
415030
957250
620335
72335
448177
54239
922288
558819
191289
525189
587917
875490
11049
250273
460070
413015
383830
447133
471247
159610
241380
857392
653161
697445
226135
327538
377180
786355
806024
369421
110475
737406
843023
247162
809742
807552
301401
248382
882724
492690
773571
470641
884532
300972
720914
344602
713987
621096
308087
185235
780706
549468
558979
950219
763265
785114
794110
140445
571470
600134
26218
681945
337540
385593
929107
663634
709497
746860
912016
592221
239551
201940
579214
640435
502912
816480
501390
216900
437576
809477
402135
734635
358945
477466
684854
122210
262580
995316
779007
350402
111802
321577
548699
965695
223522
994158
629329
933020
741019
57698
41593
496922
259638
620808
137357
278902
953640
638747
495802
391217
448225
414289
642204
323522
891755
843410
962085
154336
838727
257444
21090
950529
95374
569790
916224
318896
563948
61906
768268
304967
119604
809862
801889
895594
947022
455599
174496
900662
94346
670299
808231
58923
600940
450435
382446
492696
293846
860883
163384
648925
118327
184474
599454
213701
754264
32031
48950
834565
93937
817218
139532
729893
143432
457774
625487
90454
913373
799983
507469
524071
986634
315700
582995
587575
282488
481793
596623
92686
342676
276359
741611
977355
460833
341065
707409
731450
889448
756359
566015
983385
573577
221899
713278
717010
679673
855117
323816
109398
171453
831285
633470
158087
663338
732817
262014
462178
214610
374989
554864
73638
651348
296475
50993
112182
153892
758402
843632
43341
514761
925999
543078
604691
147898
256357
838053
343924
627826
161869
969674
799279
509507
603144
957367
689197
335961
735733
151375
66923
110723
706239
140561
762071
519066
707907
390605
672958
982661
750589
716299
13775
676588
259378
618466
340839
32087
972871
201115
659913
134740
170789
459193
160599
773934
932912
366148
626247
668645
517523
209523
295720
740114
866436
574144
259180
574343
964749
448491
557005
231691
164790
570780
424631
940520
705598
765470
488959
678469
966585
148873
329561
137375
124418
6513
427661
573682
372661
570260
758679
406537
779783
54400
663003
646220
628544
438536
736915
109645
887027
810272
341336
568169
897404
765968
25042
603002
47790
514001
797823
530728
179226
127385
184455
819996
650250
128468
393678
22911
698728
152358
945800
994864
206758
608804
157436
351654
563692
894351
977651
450719
220976
318988
535240
118380
601308
560282
237735
165450
590636
35558
212530
769862
679295
396985
589859
329545
525453
499889
868809
740534
652247
330961
735398
375357
456117
409186
727011
19809
819889
221015
986880
40865
540003
522121
675598
657663
598755
913333
339465
189391
465243
551996
475606
144539
948981
581817
990436
990787
81706
859245
247673
733954
706559
983071
625663
162676
908609
869027
182486
728498
90042
169366
769364
146397
207839
444962
320412
806595
874647
659877
512338
339890
211873
987944
781
677207
569761
991218
184346
651468
366815
432019
901774
73374
931442
527437
236051
840051
396464
934889
84901
2858
620607
370617
149255
828447
331931
469667
151394
206578
645897
663732
546469
857770
651677
63602
51329
737790
54820
752027
389258
421636
700398
807384
11362
148192
334822
763765
988243
247638
698654
589497
250497
319262
960114
916104
664061
292046
385772
815455
498624
31669
479187
561445
405791
647216
625048
973473
385007
196220
241852
290617
134208
942251
98002
145571
90443
949176
909336
595039
713166
124343
184536
963663
443605
144650
396120
624018
436696
781892
439473
451673
329913
435012
529470
252056
598581
154518
225529
983588
867091
467382
790557
1299
925985
888559
663222
16428
354087
572559
127819
67254
213254
312355
547269
173211
973358
943389
797229
926406
725281
753054
894431
571546
188066
423902
823603
786647
94772
565484
286587
961863
32866
77145
963163
475203
482056
626385
7984
836144
715296
135803
903398
444902
964511
450667
618113
454221
394057
415342
380627
635690
684748
275059
207237
872815
698961
547192
175814
310085
112676
978754
271949
661895
572251
751464
137098
54307
894201
661434
406803
125850
797238
826553
570752
278101
793573
188866
732322
703982
120560
112949
339672
805309
904360
63261
194476
119673
126805
886642
429759
239482
865396
218060
901377
437647
969524
554827
8307
380077
216262
415110
505927
529852
241664
593032
807953
35237
298250
540275
255571
418810
169576
595243
740471
590289
174857
451299
709962
301662
337942
139721
57496
203338
874133
475225
157338
843657
30053
165645
740087
762667
97107
246014
292519
338771
839046
616824
890360
137296
157099
662283
72459
843027
257527
329282
433316
948736
296934
659631
766750
634876
315704
824247
354566
189838
815824
28256
549847
845877
193901
289934
608544
291009
52301
417415
146132
407699
34239
552845
544996
707690
215128
133807
550718
989007
979441
500386
454095
276375
676369
737198
427603
992074
77797
298522
181912
893621
326778
731759
739499
37032
538046
864395
328041
590347
281811
990525
998046
832402
59722
59394
540093
791203
709553
607163
296562
688995
623901
750658
481722
300271
487856
425678
292345
565653
724200
990609
975626
50978
722368
715125
88010
776766
95873
932403
367113
894036
439281
881512
726438
15355
457258
782883
806558
166812
390046
103121
372159
13948
370131
370233
314219
374339
795911
122916
456344
520111
113525
431970
87442
352245
663448
175452
129012
275673
624208
12477
169709
63489
410341
412499
78844
867600
195383
401755
34412
101781
21228
922923
632081
391359
293156
462652
282050
89068
585568
738394
609179
699093
686716
696621
567691
350164
388426
696703
625837
12634
225532
311898
592475
635874
724398
187671
503474
436133
589426
54238
54266
610654
977161
686348
518365
786669
149000
800415
875737
734569
55161
1269
950014
741878
214242
517705
92042
602668
730760
234232
131654
956293
546130
240481
592167
786880
428153
611993
223013
533931
182583
277280
660938
676096
479980
179303
462765
628980
496071
338503
363549
551232
856124
829916
293110
70366
347621
901505
673035
78382
135737
804689
551027
198219
45171
143194
985100
989676
271539
724465
523607
970474
518097
700897
646570
998077
396553
109335
627058
892624
964190
506959
960208
820314
336875
769671
890681
200849
187528
80068
279231
839617
401109
830258
37836
962632
489804
22936
468660
277695
263754
508620
248169
781851
209517
411091
779929
606070
520426
923339
15046
969
430298
491607
337635
283526
777630
744668
484375
965158
824736
279958
804775
742198
626568
842611
704830
116372
381900
173491
910419
645654
682111
674940
427505
407980
86031
723786
14051
122809
647125
545449
123778
77424
553408
461414
877302
331038
206082
361677
296196
547171
641635
100971
289369
268203
459935
510551
900927
841835
200394
327698
487489
398857
2638
431346
806838
88669
155133
337241
211478
802258
882690
335257
396034
436099
313023
273336
767137
35457
151365
579686
98980
793000
680657
904701
577555
656944
415253
994834
498779
615647
322532
502620
14505
325170
450319
821343
930191
605452
674936
141670
924062
73978
993279
836449
510077
822654
109785
793567
858111
777503
889605
473444
570503
86614
378145
664411
743559
793398
659245
758690
925398
498130
261311
456255
823300
711630
793950
269844
833434
468886
411514
757496
542864
921145
593945
569294
743799
220083
879213
118262
997586
768818
591706
84441
855432
969852
265204
115343
279602
440802
874034
205000
938932
135345
661255
278584
363327
455205
548428
196761
440443
476294
470609
983308
397439
580907
552602
141238
317342
948167
259501
831280
716985
851207
432073
88769
337411
697278
204113
617014
138080
78147
338366
593364
729844
999622
871948
609523
971179
936729
322636
411623
413023
309597
911283
810463
406856
980237
951701
724198
928404
727554
71830
161741
95114
503904
250510
432525
201182
970975
565891
855614
565474
904258
448978
295318
420232
837278
421193
391411
774007
743829
319386
703383
569779
747021
513846
976635
727258
981899
700834
172014
709454
289016
333755
320920
792920
100618
753445
510454
71593
835689
366068
637068
739947
331398
448738
160179
685029
869932
67942
975388
130113
387329
678771
699892
134350
192617
676528
377961
690869
893714
66327
400323
182730
400083
237595
975651
500701
991040
2457
88646
343081
884878
725714
83028
216276
690805
243207
417657
560737
827502
393046
207202
214831
588169
907095
865533
297139
99975
759846
988008
510041
826174
904683
692771
742609
142278
184774
759662
649670
187232
848308
992752
72110
90375
75780
804738
781180
835340
738748
341917
662842
648146
65471
394025
236315
488918
775910
533454
588893
52109
37814
98934
878283
942497
308058
620892
84775
492832
380554
734446
196416
745214
727198
784878
835589
319330
105969
616769
671022
844717
475038
333864
9215
540510
244241
245530
29428
20152
295337
134674
588613
333151
233608
466896
792001
58018
604140
876776
67203
501046
127574
263619
246260
371124
564850
81850
206807
670819
214971
877829
31888
690010
728046
557455
746872
972287
802985
292652
508791
614674
427326
97404
464178
177287
80652
256179
235305
684792
132955
302508
702190
776882
82480
948451
148006
647330
546653
871165
834501
277976
748995
382741
967986
477041
940196
231210
965680
259533
40215
990824
874208
467541
88228
854738
161180
685233
110917
912838
370025
760224
215346
72216
537106
814178
537019
201465
977860
600024
72630
812361
878000
337977
711454
362339
331370
168002
593549
297051
427536
633764
287875
818096
617658
892455
672834
778838
577688
783751
208028
464066
543975
939727
52634
597434
753905
589653
315251
731766
706029
387881
60479
584029
242211
288286
946368
573581
456288
539918
870632
883824
690034
674859
218272
824044
83667
891106
119235
661355
191209
327263
641773
251537
266990
694407
848971
537248
800412
164222
269014
506441
68455
845845
90471
310666
134131
36839
884248
106772
93109
271232
990596
299496
946092
725221
123540
546111
616327
759127
207466
807537
86391
365592
59074
869733
59999
424397
406981
376764
588619
192347
883205
173426
38193
490028
484093
688676
43220
368341
311800
652681
155925
818749
952177
618369
543970
592070
164480
160297
351197
888299
484186
953940
253891
59612
823674
313890
484009
747007
207006
588980
939355
90212
762407
493900
96592
246500
698928
139812
131193
10729
792494
803470
829478
261023
421840
373448
853093
586320
50097
720643
474619
50636
190935
244862
110248
530961
75105
110610
277969
282111
215942
733676
888675
978349
227576
985268
741201
442856
125080
388746
453585
433926
192217
799415
694950
130409
689215
64395
716729
739313
301390
707701
789949
492326
952563
416549
539639
27668
43511
333960
826132
259454
67636
714807
754155
811564
700075
11709
254421
341508
400455
224358
291786
109024
23774
503088
239433
229341
567484
472515
968654
385226
696568
274955
393904
649131
207857
933544
193152
251368
267504
19284
510822
851493
250443
264978
663057
950519
276687
433830
808379
193494
658189
100165
302519
198315
603254
58304
427656
687090
47171
912663
72316
743739
187618
982573
909223
911827
432469
618727
163196
699973
638011
674018
67818
888454
455348
730876
355325
732035
164706
163704
441882
339247
780222
260753
537562
899828
319057
481571
586918
882581
394234
175586
626320
98204
674511
535543
10032
106980
154270
173228
806954
308633
363598
391124
713440
818947
122000
585117
67334
803059
265174
509216
658658
45396
769969
196221
461576
605379
677792
48494
487960
588378
740432
114280
686582
414944
166176
696614
521924
836798
386194
845230
145432
749793
236355
375224
85092
874707
960341
152426
194118
225515
177995
852777
787263
947964
565350
248839
69695
759494
813685
557655
347872
554118
188288
550806
485414
870816
763773
7338
707614
149967
368921
369398
416112
121628
260974
501204
512687
221316
169983
706806
963183
347978
75935
750447
295942
641285
999286
881990
400779
329324
955997
265003
883442
660637
815809
885208
531453
579582
408898
755420
245902
777819
124818
662014
899447
902145
679571
928487
123461
849554
635293
86644
197532
711228
353443
9826
352513
869082
891816
269644
198406
847814
534647
598200
508451
350456
483408
556257
446391
892306
311677
692293
670126
952847
354307
85925
854992
550230
14412
494805
399784
166057
581450
597316
877285
451245
607143
746150
320327
15311
532146
518733
379477
66793
116933
404281
933602
600341
960538
379993
9000
788567
72286
679126
741414
942945
281403
596407
493176
812168
607564
409312
978225
189014
6629
371863
156612
130124
634365
476939
661787
166512
512025
41265
749657
145310
445546
683259
262004
922436
63252
271004
711003
651890
466482
452417
111188
264237
565176
120716
76405
172741
530028
570983
878107
53009
459198
551071
699485
609915
544363
361273
776427
56388
918890
526085
718050
880788
725696
980054
803224
788949
767410
30579
957191
233892
999348
68379
498130
80877
189095
90887
769970
235476
178222
164429
804837
153772
715501
504323
763688
259864
381948
540115
832604
300838
582552
550654
181626
308249
530709
501202
613550
298119
531781
570741
48364
47481
155473
62846
128358
860920
670085
898328
96396
848308
62758
901234
2080
778259
921909
282120
554475
303857
822236
387079
121047
921140
937733
302673
745741
984794
320227
359291
799266
368360
446385
847630
415841
118210
910476
544200
979130
96913
958880
591879
945221
21638
9465
463654
316249
931374
745774
870724
751583
84362
257803
872630
521855
711889
691655
267596
696683
11882
143240
495949
896594
105977
859931
828787
224187
286759
889339
203317
383673
848220
311548
845246
869858
321013
308900
702460
768739
571027
573184
520322
655389
347340
392952
693596
59229
84607
961193
272264
612841
620785
284566
509435
726762
660849
338223
950949
947609
743914
670618
847634
592134
982167
692880
978345
303180
518133
680805
71920
605512
770341
592242
777253
117681
501547
470850
693262
586154
432043
965527
198996
52828
766445
224783
295942
427294
79358
246891
374903
823273
917509
738889
415407
416028
431770
393752
719209
466255
590909
307481
71767
361251
416075
849020
995284
917622
836222
204899
20129
784617
686778
219125
353797
453223
443908
649739
880517
523267
896630
771773
862892
330492
510662
278299
746520
458784
188404
982081
441391
295665
805914
29510
173268
738342
394883
168553
172316
231105
373452
192445
15723
576582
927922
369520
29805
888183
19260
910322
927802
432242
198447
790694
279086
225462
68993
541959
684246
773749
40392
641990
69415
846307
671500
242683
101001
582735
927588
273317
813841
817392
465763
345916
393974
393685
715436
423779
281868
251048
850454
726022
199643
48901
516716
478729
790715
585710
537040
991314
875811
577433
633304
945226
423740
821156
187910
524741
403892
631850
314410
217733
449243
780173
80001
843217
690211
311789
783349
488431
562838
633803
214454
278833
199056
731170
273914
989772
833232
810955
981086
709044
388388
130742
170622
328480
951898
874884
369573
872142
506735
683983
89875
955978
980509
686228
315547
670720
998018
98896
159151
77208
249051
889957
356041
964460
621128
629955
470584
970712
957262
968022
679756
345650
98764
850379
190482
567014
725263
560055
439157
748350
760391
45384
704328
740900
731613
536228
927972
729631
151476
603475
806839
400528
493433
679232
881340
630913
309187
351924
601625
266450
319946
797734
128452
935062
164465
318935
502076
406080
395342
941233
154431
155733
986618
375111
412985
234583
911339
340957
964214
62816
460785
287405
979696
954218
966637
861036
101483
792176
212960
219460
574978
49258
17194
219783
984320
698011
55070
486396
104092
450412
943982
774875
122498
446952
149986
535483
681535
577678
392793
162101
640494
853578
965858
136542
324148
448847
513930
425631
757375
243242
645091
848706
292500
178638
68489
793172
876649
123559
279568
497093
90323
739902
271968
212821
186854
421955
264657
384741
999633
657450
63194
156479
27380
545404
809373
867880
994251
323303
293511
267979
566545
454954
116685
375397
149944
185174
168569
26594
825085
964489
40039
915408
220744
312008
644582
923950
733963
909239
308692
249948
83041
888238
922779
110421
433643
732152
978301
944246
55455
788164
212225
138352
759470
328910
30101
425767
30436
715022
968713
855521
679511
8752
287282
416607
320760
931864
340558
571075
841103
165602
821023
924144
53840
743802
550917
3835
992306
45570
464434
564113
350086
676659
218817
625908
521922
248918
51675
552358
963940
20388
924232
159804
29141
211514
576411
349901
143378
916969
437329
500833
82571
258352
424977
652764
518507
492246
172951
510813
537816
637385
591279
404254
314045
810096
30162
352319
59015
598190
904677
539307
618578
345261
699111
164071
556775
791875
30325
216505
225196
467654
717338
307768
726006
658667
476884
760865
150913
649835
788031
205081
287221
379310
125687
117618
189406
155850
469937
764773
754040
890966
304081
888970
752580
519544
53042
825707
311419
83367
42213
536616
551021
275903
360736
793379
934571
353972
70597
601836
3807
858628
323270
807380
754290
448957
441350
943696
121159
427639
708470
391551
318606
528903
280522
587538
48447
333564
413245
359867
933283
455458
412835
484304
731362
289923
794035
182285
643895
864632
300473
164054
239612
623743
971435
993902
72701
929137
937599
193860
356777
162421
585412
675383
691324
382286
779273
256123
232202
192518
132342
165485
647977
545177
166141
895691
835100
960176
594328
995347
341161
894801
159402
580773
518545
647189
91028
107598
576326
544979
817810
933103
707400
919574
124838
915076
301860
904111
171199
534062
96630
303542
215899
260959
365071
382040
673002
716524
858569
267330
228223
716082
678483
387625
813207
713380
551166
904235
820978
127493
449214
638789
576948
672966
558363
701787
588042
860224
122250
275594
910638
218880
95488
126538
996191
976911
24930
185545
209787
399851
452875
438011
115933
647711
825636
929141
361091
376803
349728
182070
20648
798943
820859
597596
471909
895574
815735
576304
272150
937986
368250
182789
673218
980090
825679
669410
957001
366961
854955
683141
766813
824183
121152
399098
471894
463140
328239
349337
356295
677968
531407
376943
993263
868618
490892
981524
280545
306627
74180
552695
244613
442430
251836
917832
938872
77515
103594
895874
960829
958549
95367
727642
299084
216519
643092
287330
679659
487684
636668
35955
165652
684427
412898
675267
69398
903790
656791
349943
726770
730972
902638
971383
689754
670827
889215
628627
264694
992809
40853
225523
467711
136220
469517
766795
352739
112610
54126
548750
600294
207146
584705
282298
891573
513956
473917
960971
934098
130708
827266
660868
378032
246257
632252
67787
917084
37819
212766
181778
546981
253619
923654
14692
389839
393171
297839
258930
22133
868317
807680
138779
75463
908738
421077
483389
422694
894994
960712
873144
542055
787979
534013
436439
34236
682617
20578
467672
236788
233344
649450
783769
486963
573104
314813
393154
482628
612653
168436
504761
997322
492469
643541
72786
401207
580970
72527
340253
992317
33239
729749
50724
337570
263762
487163
888158
462731
24094
355830
699520
257438
521633
999641
260754
611089
314455
170260
93717
443460
338697
114831
440782
347518
274724
29920
748725
372046
618799
605330
880715
652039
335079
931439
989609
115194
934955
877768
577925
959049
749950
793797
732839
271583
309791
993593
882673
624246
163854
492742
584058
18903
607573
541192
366421
398649
87465
631498
770696
706264
753180
167763
874655
88259
615555
380617
203453
550510
774737
297731
25911
524687
607880
275102
796271
917671
785048
195296
58269
465254
688038
158679
484157
811964
699872
366930
210613
303689
514780
497661
9953
267960
181777
400961
356219
797332
781578
76025
864194
556315
890108
406457
81002
497988
681559
393625
415660
466607
588921
990281
931861
793312
148961
932370
605276
365185
299300
332241
185226
814080
346255
711531
82040
528032
112492
954612
325364
894070
30637
189558
966737
920745
112367
564092
935085
793926
957717
867097
260534
62991
857379
708747
372655
522692
641118
977931
404229
456770
826524
589455
270851
172779
300986
869243
700811
413479
823855
542527
823901
370844
248437
790639
807941
360804
354731
743027
671083
828800
610124
447969
408143
467503
156716
780798
506547
314186
275081
910776
770957
101606
500231
558160
790737
801218
427403
7901
214697
767611
550428
38598
654807
315218
345589
462749
192374
216672
205776
863457
561825
815900
311426
486320
799756
468143
267119
306303
782329
58552
733432
553286
160158
233663
627798
467248
34881
571554
475149
765930
855517
541929
320881
510324
857147
666470
973073
49522
399495
695201
912979
961320
27454
224406
447640
827210
208901
231111
649865
507582
289664
383297
577221
966174
616961
205019
433422
168194
776573
424923
450477
632090
966853
771358
142415
824000
954180
631840
389874
353675
843394
302854
831347
870848
43612
795340
214410
768865
26451
864275
276447
832467
763925
853668
314994
897238
58688
264768
581784
351613
689692
32261
983704
656545
803619
642471
480545
274152
790663
870420
144179
634057
689626
975527
21257
249590
770867
235667
18455
313670
616295
811254
146138
380220
664923
461132
793810
239963
725900
375594
591576
415592
924208
91632
72137
244179
250455
69035
518331
557471
455807
662511
191528
661785
154390
729138
427727
925257
964805
446182
238927
97452
773788
385065
994024
438711
362549
787834
195026
604802
679781
786603
20394
603989
394587
608884
848168
645043
194271
882852
202514
166430
545363
910394
828215
699753
155884
255942
141362
120690
218476
380289
734494
992264
281707
728519
947328
160608
516353
142354
765410
712486
445309
302157
316475
839897
427393
680996
1292
621664
563848
203806
304446
109211
630552
132661
325316
786437
904955
466678
423479
639783
363319
157973
148399
645026
886492
95727
805635
919198
238082
87397
631684
683391
389554
464512
39640
816947
145508
40932
954963
709356
244738
259409
334919
391643
908422
660235
694432
329729
126913
634263
485864
490232
792236
634264
651611
195081
729991
973598
630631
484425
60995
262315
684169
966902
243179
723809
783849
388687
764742
255165
98043
525832
30926
432962
917475
455701
609549
128259
301782
736462
762522
787647
743047
554759
421911
911010
266192
668254
884608
896823
152680
945603
675490
836849
912505
918670
77010
212707
307357
841752
984224
921753
367585
531502
871067
801412
503555
480617
929672
805338
217079
692194
592985
476478
763305
531248
387488
545849
715854
272096
442672
384886
734052
634515
738087
162909
553185
815098
891968
376894
656850
392544
298647
540787
924047
169715
342200
427602
650332
271872
749292
383763
480418
858629
376594
760076
389877
280434
305925
622084
68883
748598
6970
802935
383113
745058
482196
452650
560156
890517
829544
733358
283061
644544
274146
723460
330611
616346
667415
497295
404570
416707
397410
401340
275337
774004
161416
181566
54439
467342
803650
123322
732292
326973
442609
631757
72031
441157
84407
148539
848026
430303
881897
131088
74847
156043
370900
405458
288741
38315
902753
209663
971375
300164
611004
246712
590520
288772
944630
644959
756114
748281
284633
4758
75254
243594
636515
663637
201104
237274
812176
49130
667578
210425
696570
742425
366469
67471
664236
171562
622138
566989
381226
593513
383505
992230
840225
974026
797354
784856
135337
553469
49489
419971
558227
641095
179917
711095
821084
381021
948369
633260
430152
132299
843685
643074
874725
726506
710545
55313
898069
332684
622302
795647
442549
522160
304229
282775
496186
101583
583983
631523
655052
149824
567846
729632
307271
264116
957079
128355
645137
421800
761615
591641
554100
121652
751068
428825
364511
461613
490
778932
310649
622792
574579
753199
661304
878808
552326
157490
980391
652661
305366
151796
802485
389564
397780
109756
653680
871211
754463
815170
293011
32430
923163
847111
154082
674231
792288
34945
652197
792778
813877
479198
931923
388456
232397
593227
267264
301075
267070
764008
953736
572436
432156
272573
962000
346288
382329
132033
217499
136792
947203
510510
169222
386718
357622
839657
577302
149910
874602
229499
942689
688480
708697
874612
593288
457447
984191
376905
758522
251261
140913
712259
823697
89421
984832
302050
435709
883514
950435
653208
536658
413990
163718
222233
800708
521340
61890
378010
187603
452844
607509
646644
657676
832559
37608
767317
290006
21799
144222
48528
273061
801487
277139
613110
890908
778324
431512
326617
661838
381947
979825
198496
795937
659895
937081
112998
697588
515323
491008
885191
968168
614870
48187
142196
447429
85795
909513
253787
623946
53735
818667
897007
855222
95807
26470
262482
874131
974334
589099
52321
356282
85276
767169
668571
745172
704251
781569
442760
219574
272578
844303
704094
403800
892490
846291
367581
978285
272156
621368
602231
842244
440035
15591
697466
52194
558413
959949
442677
532747
65400
494998
405381
150677
778520
73953
412201
482771
855522
854961
218697
128100
699264
922792
48252
108106
285435
415833
602743
557591
37201
721326
399835
993589
736917
613654
562135
811682
89955
4813
344430
155355
16163
749811
822384
794683
823764
234585
793806
195639
605898
528856
840091
821514
451648
888344
929620
253435
304177
532363
327378
857731
253690
243566
851320
506959
373572
413455
318642
463527
934620
179424
135234
467136
929235
473971
778171
269352
708556
571978
464991
314455
100834
305082
135969
68834
709778
581942
838621
13956
114305
165999
871687
884347
409565
239359
391307
783137
169166
709949
763016
103787
405725
414603
87275
334960
888574
865446
120664
597130
953776
102007
427937
54610
923442
80259
639796
633220
662201
994769
163528
292858
160769
551567
177206
86686
790926
84865
386176
476445
311166
149192
96584
716891
80147
183859
568203
968721
49305
688868
82204
3082
790875
510141
574044
230669
106752
730193
863890
285305
724962
543770
578164
402083
95338
271722
5122
402616
356587
391298
879061
667753
56842
491997
384644
136990
675856
952847
105711
241514
158067
704267
760948
465295
214409
334992
695964
837513
581537
559854
122819
306500
103625
217335
224935
715315
489057
230057
117931
361996
621355
513345
29749
194550
5342
930745
331540
197551
399944
953603
439065
558012
657871
200013
23307
388632
51357
235623
742497
632895
311830
381668
455747
931807
599003
197034
647122
604412
427092
765053
966408
564799
278398
512509
759349
800093
959606
607241
997644
359551
77197
436709
433915
251420
153074
973574
156404
204431
209197
898901
353678
521027
280570
325777
452834
395925
522812
99956
338
949904
381362
483098
514703
176112
995608
790405
976205
955214
913998
490201
831117
991195
443262
265032
758967
596336
238606
915371
317120
964156
330625
670798
485183
127547
512928
454370
523472
35740
554326
40162
985644
452040
523261
16699
628153
35221
323456
120710
506787
237455
610912
337905
745002
54174
119289
503970
166863
357896
419341
483983
322052
266318
671133
323587
393865
184061
777957
917338
736153
848636
473852
238149
300676
513465
254849
445181
548686
94657
82244
571826
332112
693156
426083
593467
263682
545372
97437
946897
419620
33130
947232
258024
299449
618366
581612
693314
318779
359569
127004
54933
724557
600857
293082
25234
114322
64283
986767
179361
675293
69011
751187
523757
278519
177270
117224
58554
722642
214661
5451
658615
764144
952684
916639
63593
87402
498251
273259
406181
374173
400264
977466
98730
517473
270549
640316
631795
851184
627084
327508
526477
212447
78695
50235
490967
772317
167459
549521
11312
898473
71324
669927
178969
24008
586566
242562
111410
601170
32173
33944
975343
948789
11410
590425
466262
798311
747094
614410
165848
890530
941918
692325
102977
536966
258912
110296
309283
942724
659817
836947
841197
731142
506874
20166
271502
609793
779080
899265
210963
327605
933209
702658
276395
460971
293083
742657
775635
556529
873419
941483
447059
815338
633808
66389
868656
409073
176685
694291
351797
352855
531239
709346
600349
38113
245864
388203
647906
541296
287468
375221
868901
737029
77879
145296
198001
887315
404306
973636
443844
277725
915119
407256
93063
65279
473645
478071
990704
166682
172363
342501
519537
703602
51847
636238
258067
814063
24442
422326
355359
311910
797547
224261
48940
875427
885909
763293
762742
290215
736929
722938
84293
168400
130194
693708
750031
120191
171780
740736
286874
344143
83237
322763
564097
651437
959002
822164
465500
499796
244490
337212
811706
558390
77825
376998
433817
963734
140291
712911
770302
393572
435849
854595
78324
82396
548303
828356
202587
720083
569092
5813
580578
168681
328577
144675
336470
803931
966840
318323
303727
727682
655535
631785
286072
733360
8784
236241
213446
665427
949152
983748
59000
901354
354695
137324
500102
902999
482032
702689
139434
51124
708503
720013
736158
553432
864688
72628
357363
347880
390951
661090
591915
562838
292875
877987
296198
818011
630581
509645
483439
96085
9745
58791
997439
364441
712467
13893
783792
194500
716583
923226
761976
941438
159591
498134
494870
24280
87115
368585
888512
478066
546027
480427
40905
355254
874767
853455
173266
21700
879452
173057
117785
889198
231848
631577
769991
460667
645470
553783
655167
362053
993361
933496
819843
152953
431630
831065
693585
518745
199650
98449
513164
745677
95229
70421
100932
969996
923876
274198
508048
319681
963607
625833
208879
711807
257410
495222
172474
419233
565357
343994
781286
75070
277490
117482
744375
225472
948547
437960
260570
148198
52762
773734
410227
147991
844155
511159
634339
284383
301709
142387
604064
265316
768220
329295
977123
541983
340869
665950
961216
906226
526296
258854
497649
803786
376336
242024
545610
841236
679985
806180
989434
249099
579914
399661
397090
940421
427173
31429
741157
728882
690168
345221
510551
458388
190869
4026
516723
531738
669976
477939
437965
196272
253146
935614
516410
629482
693990
62021
987070
373975
868201
976504
623074
964468
892518
536516
421241
319691
84297
162398
564925
774465
23972
75476
749206
214841
79503
265929
746579
265831
260221
700896
978456
513367
152862
494866
659201
846853
73239
646272
737180
941441
139128
876607
422261
547998
413123
359854
384041
497421
522253
948967
788238
546225
24443
537444
277418
620298
319726
23997
886130
579947
724894
864586
609666
394108
875804
785219
240961
949044
947843
978142
406837
603324
854749
345450
151322
784224
705304
535364
797997
743909
484331
586236
806486
25126
123680
83904
161777
443406
107902
47907
539705
349148
428845
665723
743256
821001
450943
500570
770045
398786
478712
176882
2110
849813
522332
669785
634037
743989
205149
432035
487898
205832
534623
294385
747310
658303
378289
909087
618062
2543
473346
674119
868043
902191
339843
611300
723193
790786
111870
9590
705924
106934
186473
224387
473099
225157
894172
623488
969146
615673
571875
973397
821505
106498
267782
568815
281154
646071
994255
899216
164967
467601
573335
33010
369793
429530
160662
609338
220316
272532
618928
442593
895818
321753
666980
885269
63263
77504
508758
548761
209529
80633
522158
547386
703484
789940
632553
984638
952364
626808
400206
117331
94410
489893
666693
980555
919424
827356
106245
139740
616240
725173
98685
512059
563279
282017
913680
142894
359521
422438
691655
85402
19424
213814
632788
722908
520106
265342
223898
988822
892150
624104
622505
502912
113997
289199
483467
33421
116555
589712
689514
732795
831238
788199
761206
910869
586569
674887
53763
946090
613677
745418
547845
633101
475584
180633
872361
995691
445975
96259
500865
854478
720363
123371
357390
350713
412570
357210
900486
529125
946922
590000
778272
294512
894552
539479
205381
481121
730718
259144
943563
344395
4563
491408
977497
480147
672042
366210
992190
634369
462470
493056
5199
699185
616427
362590
49898
545349
719800
950385
74474
183074
56737
852746
477587
951289
908577
682968
432410
639295
942113
892326
500043
463028
383734
993892
943175
572128
360102
451718
722850
822572
944774
728049
521758
77553
90639
88008
622902
326791
554745
213728
509866
611483
582826
503805
79124
7756
186773
27887
163403
645238
920213
663446
108266
303947
657338
567794
392428
17441
19512
115278
356365
480638
359679
878123
74543
450319
482484
697445
293462
37229
427525
319680
165064
10351
823485
244189
18107
10259
272076
697863
655497
192289
361309
280116
12588
18648
847910
921368
552441
867422
36646
908806
864412
396326
303282
938955
362997
785766
152752
172811
339347
580277
492492
20764
106980
315977
264953
641440
842588
53381
339303
14438
245670
216964
294554
774610
751964
142464
695979
304405
526238
248977
213212
907002
161655
32846
845957
41004
334964
515061
213816
190663
611690
706308
211427
235022
22285
476380
876462
381226
46113
732117
395664
808135
949082
690218
582746
701046
349034
795077
521804
391624
560406
251368
298626
722062
284214
660935
763066
619178
175996
976882
809841
787686
199542
537621
22708
738180
530353
415523
119406
576467
663992
515070
384602
129426
721640
483700
346825
587026
278777
868629
978650
839184
119997
793628
77598
920563
454563
357016
539741
146911
850251
865934
450949
49793
403555
990009
787973
933909
405532
423731
510376
585877
455153
411330
715303
693145
895031
62128
280171
690160
447109
775173
45696
567106
85153
123294
487669
539716
996663
543762
202979
846914
926049
653928
896707
329604
643938
201033
779865
565822
624764
806593
668051
596270
217924
383355
289415
629307
961835
85939
835819
408945
861112
881516
492403
946266
521162
496425
2334
517825
40187
205314
364739
482588
375594
777799
328545
19532
978832
108410
101707
119948
431356
769758
716218
165632
669465
521986
794939
631301
607925
630758
556598
469037
28626
49001
931655
549789
61778
450342
67614
101966
655656
948706
584554
31250
726505
913099
567135
221689
537862
185194
341637
969218
954952
574208
651202
140770
96194
962493
772071
704119
109603
845021
689508
138230
410374
137516
204371
472153
587858
788337
90471
759866
737043
191377
791116
979900
620829
874603
201589
158691
59797
543227
644261
531102
633787
295463
671872
729981
774308
960295
950452
883911
805316
639960
22141
215690
293828
226512
204195
881686
14850
294666
641552
268245
486044
949021
248146
106873
339976
449735
265564
916126
509314
426177
447228
143101
237992
635452
873082
12300
112099
339886
896211
917415
496199
918353
649457
790027
661217
853653
671714
192419
148319
829618
460665
150715
294991
708811
257588
634968
674898
523152
551094
184213
465681
998322
327314
703673
150126
716749
232325
262225
56635
128537
695992
552834
563242
345449
859214
740811
715454
47280
933231
380126
876898
910248
530841
171890
619059
788430
806858
810309
827934
874304
994522
809968
872626
838189
29993
539104
71290
262319
801329
644277
390856
497321
713464
470450
359122
572678
211261
590929
619958
144492
487407
13208
54740
534600
185098
190151
839382
508308
516813
183669
382612
27687
993637
771590
865876
23630
310694
937166
802301
628375
97796
709509
642048
811260
179959
517523
383938
391221
624804
520248
52065
112211
533456
623158
163163
718555
329661
2546
743215
846474
186215
642180
874162
696204
413770
256390
236186
240817
709909
38488
385544
807705
747997
543945
618965
927957
61468
519255
835530
202624
39503
403947
314835
572959
543457
477998
807866
389471
996896
67434
235945
183111
709614
626459
879315
639736
399202
631854
396905
625463
670342
782450
433168
418339
326395
568485
862648
904215
604092
214530
106839
643595
134830
938026
732906
678287
932376
57125
67758
929273
124559
820056
628736
350525
962867
24404
990261
878421
656258
387167
503884
326600
685969
937052
261291
528716
21889
640292
949283
142333
371174
56122
785928
506004
510500
35187
700644
442876
92312
284754
888501
733223
104810
517238
600100
584030
541642
590361
462451
714252
493880
966336
557204
696201
419740
334847
224917
957982
975139
174200
100315
862666
746674
402596
368670
257174
437783
585666
216403
46447
870421
104904
296022
491583
138494
896122
75613
680136
2835
54417
910740
496716
20753
467944
192917
440493
802792
934187
914827
294283
108387
15143
156949
855062
417739
41972
628588
371874
143990
844991
418321
14411
949896
230695
505995
88390
126817
97960
284879
129652
152377
711971
626368
689482
179916
335638
646328
499060
269825
561155
793343
894564
576298
466645
749626
510389
24969
894567
882263
168959
739558
816936
183371
205806
47631
205718
810549
174448
820030
611780
304101
488760
323751
446821
178242
503667
298811
824570
519079
568636
385726
828775
979553
478376
295420
245531
988766
320389
140098
387381
5700
879657
204318
705423
601815
768301
911141
412364
942750
247524
24144
763203
736284
347896
726376
914526
367915
25188
255449
403347
110176
157527
232122
89729
635903
527542
851613
141021
364283
991711
528403
369983
387720
249073
75407
989536
17374
502900
918252
476476
266776
458749
756031
3060
322997
482408
433939
207264
23948
689388
610611
650476
846915
842733
256558
999170
886627
108171
140192
250910
99882
184947
137246
3955
950372
729005
509843
484098
748257
428095
476927
531386
886844
232958
534446
726193
231718
484737
933458
772018
690477
544069
422495
53744
386803
195405
52915
789782
303576
709459
557045
919810
410758
694291
923765
877482
939648
433608
877932
204257
378056
354859
735643
781252
104170
786442
507446
335888
787531
440904
107907
478009
984973
46754
48105
888128
242159
617372
677911
545735
326831
234956
981897
253941
445599
422015
647775
901599
371975
525708
622208
750031
396919
874204
531284
501089
660646
38730
836978
448177
479634
461237
442538
980959
507991
490644
385440
750150
108016
63351
812237
951200
814659
310486
721493
776610
732501
885621
194561
104477
927681
816769
854508
324600
690973
902144
825690
867971
940874
179020
832501
936860
640257
275039
917820
664600
282035
303260
414750
906404
882963
743339
373956
213974
53825
611801
506936
786327
497422
701497
407156
425103
34618
261664
749704
725592
163809
91746
593563
621035
787118
942416
557896
427375
733808
992068
91975
15843
811680
23077
438599
694643
766416
812555
424969
336593
940709
931905
122920
438131
149754
530076
379587
184372
308093
645643
909964
988254
737389
19880
609289
524507
478648
167185
468234
212456
675605
76561
228300
487285
99638
183251
698280
382406
512159
123249
235351
452868
571506
358272
407351
721260
404700
786938
905633
229145
948933
331949
217399
202674
868181
343041
243533
346830
26578
711767
559286
702184
304680
303938
189469
920670
487190
887750
819428
515701
527351
54780
968569
615210
929404
892272
336470
850456
195563
758455
79602
144496
606757
813353
347171
474938
156394
590704
821768
182973
818824
897407
885157
123504
201345
590978
560527
204887
478728
379955
236940
522432
434735
721861
137642
364139
614134
990464
214596
809697
748920
810550
470545
355677
623903
817716
346967
296650
924773
685088
479623
259949
582495
881132
383453
300192
472110
943980
21432
467191
323936
258372
505975
275023
980234
643617
639163
110720
150433
370111
436769
899353
180661
907314
771382
804564
241383
118350
101214
166156
803438
97189
942457
902285
978321
325910
202477
966784
786243
223909
950327
626531
998634
456302
901554
978868
616271
57069
89588
766704
943532
42709
666058
124193
950023
953792
445110
191406
588494
62676
873914
391932
676218
816371
810569
654539
658634
13047
137675
961229
753308
88002
104112
751942
60656
522018
247162
676927
579088
336750
443632
38972
379459
626042
163166
845835
579834
124628
553593
168329
187304
943860
76613
863522
276583
887183
34414
451569
416582
688441
412798
686242
776444
516910
438185
837100
555281
685347
30380
650721
538450
474012
689693
434261
100054
852859
280096
679888
977487
350042
364569
681144
293902
957535
544666
570485
361070
95432
22055
294004
783874
951205
980246
76670
984468
418431
430122
539749
620131
460502
190470
158581
934514
880163
592842
550920
733023
389291
747161
226862
739333
111730
424358
549587
585617
485377
120072
946687
580809
658479
240691
881035
609685
737290
474057
110505
155721
904180
650254
775852
881034
840724
450785
331901
720887
43628
882821
970262
949271
629982
713477
204956
258065
137835
754543
843682
623212
390967
306722
720374
49447
63765
117761
175484
801055
591819
285989
956777
495999
452595
248981
893385
293319
699767
225286
530558
259747
108108
17173
725370
738090
247002
930326
996155
901189
684869
356190
40754
592188
662912
761128
157987
726677
395241
333471
44085
987060
135812
517214
999411
588407
766195
892797
398078
982314
118083
444989
242061
742543
978514
483783
480634
225516
414109
993141
126705
615330
349331
167459
207519
528595
444939
881858
771625
356533
215330
815710
343593
867494
332924
859357
972254
99119
752154
886684
597786
386589
331673
356199
645485
310187
839983
642471
52055
770444
635612
695113
385775
501296
378924
109646
546243
340216
991504
317868
696749
723186
133578
40342
107033
982854
899699
79287
598326
168205
965971
196112
71147
813997
552311
716632
640536
908646
359103
692592
679091
511067
387705
581218
528715
282981
207216
74959
623197
715072
909179
319946
954611
559110
876641
61644
541964
292692
657283
656642
460898
139606
852754
48397
953603
921418
281381
110492
346416
156836
319436
25507
184255
707141
123077
712971
990122
330293
304282
129672
561718
729813
449618
516329
288923
326259
94325
347240
618952
751608
3882
596202
891214
372989
160951
361170
810759
442332
471662
157175
115520
791098
699035
299775
14591
822112
529098
521065
668758
349732
650737
230476
79546
100356
263157
884821
942967
357482
232061
561919
109090
752296
674473
516656
125285
835424
877826
936044
794108
865840
609571
909628
656938
308606
725756
187881
130719
254854
708947
315829
604587
876036
546305
684133
492744
325814
568954
435712
683296
317368
513983
308738
69664
704809
825394
711301
540233
219573
163697
850694
85413
773268
760322
258704
81875
486078
446585
728946
257285
671884
44775
861872
64273
107432
62357
557017
433246
147663
509081
116542
465031
23065
425280
51047
727874
767026
762348
784459
986599
442397
635153
72013
215666
911828
847069
297541
914258
293654
542839
171543
481891
587614
33415
546164
695046
612124
619533
128292
759788
128615
761186
224819
668032
702818
792219
912258
986196
70919
213069
972796
513317
364575
561161
728983
276403
408230
542876
190661
218236
85715
878557
700127
189681
911972
762643
884727
524097
382177
529371
800237
27144
806909
541408
211528
509727
333627
123786
495923
404547
853207
985071
917864
217782
546232
163199
494185
954462
222427
201199
689051
308142
79756
389178
14175
508080
668174
898902
548529
50351
944625
348766
593847
751534
890175
805375
777613
223802
445513
273536
144701
298720
774960
578917
32855
321192
742116
527040
792007
480895
244591
997410
789037
324347
386588
319564
348780
54762
218466
897309
621465
163091
762428
731664
430977
652603
537039
208590
392757
498904
998479
53811
313977
773439
632728
346832
610983
891197
390224
919342
372092
634816
916752
677482
475515
819693
997046
340647
390807
731865
754309
528625
411308
516737
260289
842286
685692
313681
50876
594801
812585
565707
648612
642914
339146
797693
989746
466482
688890
896323
902176
60982
47491
818929
254816
39358
154974
251863
380006
545781
983728
134315
74406
911388
167404
334696
753674
853096
164729
320903
447897
977314
886610
612862
136581
742109
410555
642679
724943
99445
539002
627119
676779
102845
962400
931596
142204
117374
699811
38562
663156
199891
689229
253914
111279
856633
104962
381306
226081
269691
702209
673978
763358
105171
286840
899939
363632
213747
542618
88575
313192
597973
715695
506324
700818
678095
437920
359374
795470
654083
914288
974978
853974
603517
228892
965253
976502
333855
346559
202583
119898
565120
392914
883256
670292
196106
783195
550276
409854
842166
638852
239398
440139
354547
745722
657309
548994
699994
533036
860816
354077
447324
835794
724403
50842
581039
206009
27344
431246
552568
746280
551144
634041
139194
434401
820685
335300
733948
370961
261506
92466
9813
500905
532605
880712
246627
706267
946059
462974
239303
806875
817051
202979
159022
57807
253821
740061
263816
797518
687659
332736
60150
755155
966777
199344
705908
303814
50996
439857
674776
312503
532323
200941
329760
581281
598006
92739
803900
544065
555713
559555
350940
889117
762534
509962
946924
16356
766375
210740
330226
970386
543476
390376
725542
26606
106072
431450
330420
157068
387659
521548
985923
436335
238842
315683
17616
836848
924775
337868
380913
480488
897423
731853
885957
659957
758168
832881
192665
40895
559973
522891
11282
619802
429619
736824
646408
535691
684626
493180
209112
72286
531081
711387
508621
769923
27071
42589
606771
468198
380457
504036
948686
277880
235889
834644
937837
510409
183877
130503
551305
260203
169746
562587
880005
599366
815763
42765
651409
16741
52297
860521
89027
583378
571909
114000
353301
115332
156589
476424
583530
53398
980460
48568
331278
732702
399564
785468
243111
583442
432323
310768
843645
118421
389707
240002
717787
721822
282767
369197
738564
335064
746070
827591
918443
317979
457944
788096
949663
130885
264521
533193
184284
761333
98114
31914
494035
497678
333734
253499
597472
282409
564267
957469
400831
953975
197471
118618
675797
480238
4167
414361
331655
750238
758305
766450
584569
732601
554546
534233
863486
335419
583778
564122
613105
681892
112389
107140
695923
446123
360639
293395
728533
441259
250865
645716
911586
964688
280686
587383
444927
284854
518097
292934
551444
792754
59384
652365
525355
130282
702950
905193
465702
286729
985668
595159
484973
98057
702299
697248
60532
579291
990644
305417
536902
757861
951133
448488
722549
231820
35871
683828
516674
70320
976762
584470
379426
36146
236835
904781
682781
456138
326327
664835
259219
311995
259994
744192
926404
478645
957793
986936
57936
464789
292354
111190
222650
243487
559678
461551
475307
111902
661732
508333
182222
638494
609155
561649
190993
362343
982782
873774
818481
825461
538609
77700
137456
314955
338244
580212
793600
296037
567149
367889
760826
859503
479079
499828
619342
38758
477732
611002
150660
139464
635687
849234
294310
244843
927235
485303
607186
910018
875429
425667
251831
930390
19719
389288
245345
357963
485852
555298
170353
53001
923187
931179
428856
918618
947360
48199
957376
425092
175553
624388
564556
811240
989975
858866
56083
917210
860522
179621
343580
252303
121640
595412
699046
141359
501052
944391
499323
986904
16041
186028
39906
939228
117207
985114
374199
580919
33313
331575
6011
725218
472316
86919
536459
462291
462138
592542
895853
839012
288516
239434
91315
410156
834846
790361
551516
852250
251105
567191
839154
267146
753219
395412
722727
386778
380527
96926
967698
930192
944853
490061
655411
933521
93333
191870
912164
555471
300764
808018
910835
589280
47452
2150
999437
398650
308864
67305
250900
76321
634496
606406
859819
904067
1819
98898
290845
382346
712176
774895
312538
173382
781309
484301
106903
874642
676171
19068
946465
493288
343438
857300
82568
907242
375802
82005
305892
684666
149310
73144
277339
300158
195902
137159
204225
197721
236057
11423
96419
464586
786318
925310
637968
567627
409611
744871
958621
602135
280291
905086
95423
623729
762386
177991
47323
138189
776349
353215
339207
442011
942711
132899
258522
138614
270058
462747
852687
22467
474170
949107
3405
776841
390769
641373
860820
800380
902597
819442
918867
699240
724528
14290
839322
3267
708634
886645
657808
1335
756213
513367
443346
215276
646266
701868
353890
432676
680968
722930
971496
671490
188389
974901
448331
579158
616275
825504
895890
35224
644946
814758
734464
885826
829048
573786
405445
537682
976784
579605
539017
732997
92973
498716
948273
255591
716936
818516
688268
397904
541446
176116
69395
729835
151017
34078
308993
283644
859582
204883
318868
20880
19641
569685
423059
365042
659823
828504
419076
636607
924462
474446
369604
17435
973162
834230
789378
206450
652746
477646
604355
710544
653762
190102
440379
321132
740532
265724
121128
116467
986959
439997
653699
522953
526034
76758
887995
702209
421615
823423
338817
346077
297869
224773
879864
787383
59003
669242
993834
228101
663241
114541
938645
833355
820995
895376
154487
77879
161100
275616
194346
664412
231965
848046
187365
274351
441156
591712
976560
379123
931487
315377
725200
229357
56503
121416
533092
631858
790659
43278
859960
453900
674171
314957
803607
11518
210334
958095
89398
887786
750063
800096
552198
498380
648142
255915
772731
605651
363979
749291
984774
295467
581021
226327
524824
153876
347743
574268
785734
138402
617547
162046
108654
808070
477004
912262
819589
203690
386709
908987
91476
136772
709083
160027
635152
873578
415942
924235
995581
779922
189878
980355
591741
770899
206682
632917
924775
70778
207185
226862
725532
341084
388908
834187
149155
382264
262801
968744
585954
165862
394083
193783
302634
619518
353810
454138
9448
286104
894725
5029
582378
84603
501737
174119
855503
224771
807036
296630
295549
530574
523492
21082
871658
428753
371621
20813
811017
150774
505909
396972
316636
416344
590755
135622
35863
460917
106112
561663
747021
837
566693
845752
85440
68430
19871
457295
293201
343260
753926
588751
873834
793770
126185
745492
738875
497806
282658
549893
648580
304919
463217
481568
721264
570324
617190
273479
31241
723302
835142
294614
724139
918187
140366
325931
986617
160238
783227
796171
503498
53505
901274
377332
363627
27459
639176
102503
41617
438186
168748
206549
743106
631965
688117
980722
202289
821659
254201
233530
544961
605695
528144
785452
523883
668511
111383
26852
345101
410962
823023
364951
464467
724297
258635
344447
268108
897811
446950
826077
335998
615698
32626
595456
764015
237095
576178
966304
58754
346731
716186
120067
952426
760682
905519
476309
945545
533255
503162
290646
944217
842537
655597
925037
566835
430584
785836
351295
328396
749138
177373
180746
364836
209999
292554
645203
963447
868732
611507
22201
215463
844045
658621
167889
604727
80492
160551
550273
130099
180065
357271
74317
22602
12869
515706
105789
443453
817894
457085
288201
567032
634458
985299
448220
360809
277853
93423
324256
146585
221282
862810
878400
65327
37783
562642
186406
118275
239545
736679
248375
419610
93951
839044
958564
623172
871102
580706
582977
688996
37791
387531
256028
188601
372830
704248
549410
167036
314023
390019
829973
535305
769181
708374
116984
806964
271016
303390
441591
26913
556422
689966
962875
650373
45362
921439
789897
916464
502145
372874
121812
56288
276757
377840
244889
649588
598440
310652
332976
428815
700671
162949
964120
986204
871323
81104
793168
658691
900847
234759
685604
457269
441078
648479
623994
486440
86271
413891
402905
104768
303117
41069
161057
579875
418910
405946
745815
533702
232950
78791
962518
449973
758092
442990
436177
629416
40447
745697
804459
941294
980457
6416
914915
421535
171247
538909
424327
773870
952800
343584
878639
772269
384654
39696
868496
319916
961994
614311
853618
194945
209454
332488
644918
967547
291831
81096
113315
332278
826793
434126
789924
323602
956894
704839
261489
128142
243748
685817
902012
712900
29401
780651
1521
930407
336699
870018
250323
298694
681
620294
493639
210136
469134
654909
694035
760965
252357
323702
609595
595503
274180
399519
919105
231075
620710
696947
359217
380810
899116
777581
93710
444869
74585
95232
375277
411284
481602
625600
226330
482283
245894
236321
208771
715029
891231
902806
992346
659940
742860
601942
255443
17041
1461
690901
248116
138524
387848
123685
519334
286964
417618
129397
731833
492203
224629
623462
419840
222583
249063
646170
704866
11309
882492
913638
242690
290075
332796
751389
950015
75657
353331
205459
609050
871144
896360
373518
9668
800560
13555
529003
603876
431173
174752
852061
439729
399381
475524
859569
621964
240939
505739
843182
768600
904583
756820
527643
194658
89617
279032
144674
681626
148715
350133
807028
19859
762845
696898
545880
79757
710453
74883
683633
657978
249635
52046
97707
165368
527570
957276
303684
284861
979368
663218
53462
883951
420039
97457
78610
26008
376489
223284
223986
525204
89769
31014
61415
368966
244264
607295
448723
954717
198530
648708
129047
964517
700754
226755
646237
744677
700383
466273
29538
679751
129492
599352
80055
549531
696809
675017
91891
589650
414653
315877
631206
504422
863243
692622
389740
107507
816269
838463
578576
14800
3523
707623
979317
704277
934378
141907
448954
151114
608180
994845
347217
737672
594197
427272
803555
807359
102289
895446
913361
516942
727675
544568
537716
590918
753542
927456
214777
569811
282271
793353
100963
285794
500977
596633
506424
951707
738540
471730
619173
346720
466575
966391
600745
577125
393663
404300
384484
12305
299747
297845
529247
27422
358765
583316
134693
628659
510772
349470
714823
309396
142824
815786
595190
160153
412419
617966
628212
667311
89697
247386
14032
556272
213777
131129
133397
123792
535429
34233
136097
351528
848431
181697
378951
207196
765013
29996
352208
792137
379466
67031
101533
38642
882817
213076
715147
811589
831042
343360
478900
920739
590746
9284
477012
320875
140413
126761
444667
192195
677347
97117
543723
525778
278814
439026
249326
43827
469022
601534
835964
364841
668565
937498
403483
67735
666926
118631
395676
497968
978343
390928
418708
85441
916565
412072
406316
573330
55185
367335
765525
732532
464452
309249
774662
743266
264627
23989
303445
733650
141875
655762
614843
326793
109612
18326
394528
776538
653309
306556
274506
631652
697484
693214
233445
614049
621638
639761
187380
676824
523449
469257
925708
987901
294858
700371
247520
559486
724360
550965
809488
866235
723079
424331
709380
832691
959009
103908
609229
612319
410464
883736
760323
624301
93302
993769
238350
714941
149882
942082
908117
673331
411340
833825
177585
222550
534196
941457
782036
774908
492422
107876
157496
215502
532207
866876
564545
491217
487137
173775
619888
413953
573863
896563
38254
183517
406684
792957
414810
556567
735039
322927
746250
662731
673105
440187
885282
723653
381644
183670
498562
390419
291547
172410
122273
340106
39286
686818
347675
526423
860593
967563
456729
950808
380479
494983
134326
787163
287940
65488
343730
539332
388416
606333
718415
577873
46520
120049
301526
428165
303720
800088
334936
111619
488850
457209
968077
528137
144027
315753
570912
520973
799668
27641
471781
180147
38977
122459
483663
326917
187948
343745
382601
92716
950078
101017
670589
512951
221066
972115
457468
41138
288556
792404
669109
777406
249613
637187
821895
393640
469292
909160
430965
785312
936801
419099
481812
975778
541558
965475
819048
245858
309220
201649
338574
775651
819018
525515
288602
40085
13983
746070
597575
818891
538474
266685
112649
304439
420224
934545
214431
889516
843705
645397
674828
296858
64496
156640
788989
122406
122115
124389
368265
947688
842390
223191
723339
661409
265059
11941
217846
795394
274363
815421
614285
329189
598458
726934
633628
18682
177831
848059
908198
537888
9808
99379
834747
74304
256019
140088
713063
894487
264477
597680
842175
623219
337223
565514
284628
602282
93807
18826
397676
368170
350600
11961
697359
949058
255248
847339
967741
433079
211750
392291
970968
221559
491670
322067
812215
264042
978507
525278
158529
242984
122958
517056
866203
460182
598922
667184
578816
692729
686010
976493
60899
36610
504806
274610
502021
276406
121949
469762
709486
333699
378405
196806
71610
386428
35225
883826
650470
13732
409104
325351
773068
48415
842407
155623
24949
441329
822807
603765
134058
25170
96610
711309
578132
601417
985919
80153
877823
624220
66267
103661
474271
961025
816819
545882
347453
852044
946060
997923
865776
871516
323274
155196
919931
682033
310820
461232
123362
649979
64998
773772
675149
161608
485081
769634
279377
987352
366139
673553
127924
432407
777214
602195
909784
110386
664429
257237
962430
610489
771512
344559
998358
94786
499755
918289
776819
326927
895874
416533
976907
960872
190305
168408
638832
675386
938042
918210
179090
820534
108115
823366
769293
401681
425561
679077
512067
606343
936314
474498
733184
707826
335409
731542
318964
351516
166184
612135
678444
62058
28668
171703
539282
218973
340111
178114
410711
794506
612676
106153
615040
720791
929519
384333
122473
871432
63410
150892
477775
516076
141742
727312
223902
477151
458854
59218
828668
141390
671353
23464
719800
700021
195167
259082
918994
535278
953549
846057
846136
566225
952210
461176
803369
881729
361861
442194
753161
425271
109438
747289
457699
251181
474601
681601
244684
449807
257171
73352
591198
928524
613168
827350
628545
808335
86433
63891
859966
556334
909948
706102
638911
378510
683631
442280
260239
45492
400826
529753
987116
510265
277042
444815
277798
751643
642769
522482
201450
416292
112187
309000
344817
725355
136351
489714
50043
739136
553606
910009
295470
979906
132463
934381
358417
332446
893014
135008
894291
810192
664761
397759
836809
458155
358926
114607
726150
518047
637090
927601
934340
749277
752953
279157
990984
405656
768871
41027
144792
322477
467388
956614
818736
116204
407348
693505
965002
816714
828513
859293
626906
9627
257052
980068
467782
132331
94675
193933
650378
248117
637886
584718
513746
907191
863875
504731
312848
149099
62110
973992
987928
45851
446959
806664
162055
854307
500169
643409
671021
328683
502703
814279
854662
276107
794347
322444
408438
405375
516377
575169
653492
670615
159887
167239
577807
23763
188322
890655
689214
250432
380999
677142
812635
827958
483807
974690
198617
983976
618100
385990
829011
637155
200270
683673
429614
510969
522470
354405
432696
555199
929574
602541
225815
89461
286132
803622
629576
474454
210629
318790
241238
591628
995933
53874
935939
996092
544916
134556
496420
679368
520547
325432
832875
237169
525457
262490
264490
47927
616895
697187
119479
546469
816080
345294
635930
102212
665268
781859
93018
875897
100649
850608
983877
612934
904482
919816
609026
965751
54373
105447
645119
91272
947231
994347
328441
472688
256837
109283
36968
873732
322822
156447
936553
138902
18093
88835
241114
683361
870694
850484
559258
487696
701093
59487
100630
605575
979304
709657
87678
550029
331456
249150
641301
278687
243497
486094
267727
500334
595377
821047
890418
918200
493846
826971
573454
511939
432158
814569
195300
302853
665053
270910
306901
882498
330398
407531
488074
826054
633540
92104
376083
964996
341254
533736
760035
584751
19830
27763
601437
131559
848810
8207
566111
859009
351530
139566
370948
783689
470487
82601
602894
651892
869863
909795
534391
200261
317326
538817
542667
467219
630921
918750
948567
488528
968838
708603
73279
988668
252718
191069
120228
617880
199276
686339
476889
67159
342257
364190
850848
812744
446791
453742
464637
316654
363537
999028
33268
197215
537845
575935
664434
685118
11038
129354
173646
979876
837957
763278
484897
607027
954347
121477
741259
669975
324168
218149
737134
666426
582339
104334
479170
545482
558076
460159
378488
437965
975539
411756
151533
29736
504044
332319
714855
31434
461673
404853
527662
815982
168131
12559
423009
638830
650388
164269
825158
974557
898770
78644
157335
997461
182979
152857
542943
257407
613017
437783
211725
104908
849540
363258
134645
869936
695577
365852
417722
673603
770705
945384
489585
455189
474296
428947
610371
124684
109568
435529
615593
524690
514174
772928
522151
213505
925786
581446
987264
55155
19229
715341
160063
385121
78599
811060
771409
290529
176912
189131
964132
463970
134516
970069
919159
125164
399016
529530
766200
24936
481412
381794
549626
511938
671074
588129
241795
596860
685927
229059
652015
705157
460753
328431
606630
539352
139491
378040
346233
832756
83523
826717
296726
734391
313139
732237
859555
228507
778119
142108
253444
259531
523902
319422
287821
711328
907552
529616
308189
593479
275028
476556
814988
735781
804987
937971
791485
460831
832363
654071
293587
915886
997140
590313
650278
310279
838902
26185
538787
617021
168293
308583
392905
208547
628005
680726
919876
51909
726695
228065
645389
1723
220973
976729
253856
542313
914700
561693
3144
747063
215764
296731
179302
212905
403396
829580
39536
242298
855765
94675
859319
540411
403258
252224
748958
31264
449303
185186
599525
175998
929603
244914
694073
150577
737996
947929
692890
169048
25974
212386
916112
241739
509117
611766
970996
428865
441346
526884
671163
813463
621560
530482
870226
24818
299059
619185
572434
748362
320723
171960
440712
250327
933226
134785
400904
671222
599066
610146
840271
625040
822532
272735
383131
848001
400853
354127
276866
842199
397364
948029
172014
18924
994863
42241
43742
810274
177778
132529
74988
498501
304489
515700
748828
237715
650485
666084
425290
765903
276230
781913
390944
615114
571000
774075
463115
971853
644555
256333
330404
41919
204362
18770
60843
715578
61011
620937
525852
755141
753466
600841
769995
574307
116541
35175
812023
283379
701260
753665
49282
493842
51930
440226
625309
622930
214302
88424
111135
375209
344758
441539
417128
65472
460309
477971
781050
37673
98908
823255
309166
368727
424096
79161
943034
56989
630689
271409
340368
848301
25074
389651
342143
593356
346229
967452
732638
76883
572229
843773
452092
433339
801664
869220
15163
778326
863543
312566
332351
478804
135821
641517
847531
559917
237031
790565
616906
867720
578327
957275
716021
119753
863278
574516
713110
725859
58321
445748
802743
146902
289522
771187
96593
607538
156760
111756
385864
20303
424322
718215
499107
560143
876085
862990
636412
113116
169908
253319
497188
748235
726946
729561
867988
106576
820429
581098
832435
395102
543199
151530
542004
349073
439070
638597
956611
595830
266706
858828
616133
691028
577043
631593
767524
969480
10935
403936
598948
180843
173607
96136
929078
900553
342049
313419
523481
162479
410869
355917
557581
954068
23799
99586
303141
462869
254535
776105
575051
521241
634933
707537
728622
728328
339130
496146
697809
350065
900082
296757
47261
73690
909246
976339
490595
251295
806110
14077
930126
216980
886346
487708
687400
426497
103646
990542
405719
874533
282999
980770
395775
434284
688307
640749
678964
543789
136895
376773
410207
553329
189883
457468
143371
615481
950159
633967
383128
756270
164396
313255
973250
50742
317315
660650
993591
420961
167544
399310
811846
966895
380081
207621
401179
584740
848370
80144
128530
501617
973269
538737
54947
679504
996205
714670
811337
946364
348637
194466
218986
513033
24073
708588
80127
341388
369239
73719
278701
53135
989381
90547
536383
369462
814521
937562
954203
179243
534058
82733
680861
23680
137822
252160
219536
134027
966830
30874
596743
831820
225340
815730
861205
765765
524318
457685
107153
409909
531404
385854
979397
520785
476401
515780
406600
290922
969694
877155
986518
20105
476240
667379
43785
614062
435891
263321
748089
402721
810547
861184
750893
35887
676914
612099
318004
717585
69784
425157
127494
117540
811011
623243
154677
803765
655375
561277
611039
625070
954784
597557
161527
431024
781288
205312
45086
733531
984985
309527
136253
795533
170712
887146
347772
363978
15597
665777
81563
85381
607286
725410
719273
934650
865005
873951
738415
520381
951580
865806
145451
906365
979716
823330
337389
277356
28642
898828
10888
529979
208355
663493
841864
895419
66991
189637
259398
82589
371766
857313
684322
979052
99075
403596
913702
964081
793899
168469
484462
745479
34276
146265
168196
530344
969595
21938
807700
514589
920766
818588
44568
645473
998433
402785
540893
65425
592422
800291
148014
964188
173956
348688
459592
273032
752284
373295
753465
62535
541764
754279
808015
92392
900544
492563
622736
386491
514501
946789
417432
951619
281729
978352
597093
280163
381137
137986
345588
973559
454629
9954
454099
628585
358642
913692
417969
627279
803339
171434
689814
861455
925713
14181
953848
342609
23097
92936
729100
53950
556077
662884
5570
354159
641237
119015
634322
22374
257001
496262
512286
227982
22568
482737
856567
897562
396429
790889
41193
716120
962323
731008
577576
404389
261541
47776
746998
800990
657064
992451
854941
729494
171687
860511
83653
812924
979526
234327
835299
752879
730589
863937
980861
269509
346674
353780
167071
259456
144669
208265
975576
623345
455625
69504
544086
233518
633632
807436
34509
807049
316239
889450
536543
487927
266313
620196
300851
762191
854523
652502
515070
101464
516439
12283
370973
863114
882415
538044
638922
543437
262661
614498
166782
718286
200355
710868
951805
833987
34656
986314
157388
350896
392116
693931
838823
658429
830479
139674
420620
685002
308529
452042
302818
341320
980677
673791
204434
863092
728188
359708
406529
990849
974207
89663
225488
690914
316883
693645
41253
351540
679959
198642
702436
588427
892573
541259
246856
239405
197285
183828
924407
505814
152222
743578
847135
132899
417369
567921
512343
661909
927630
918873
169111
418189
8536
394599
625455
325420
88244
666708
676960
284555
865350
379396
389334
274276
437007
636190
513681
634292
336370
954440
656459
488592
698018
503594
137843
631740
587867
650186
293649
31849
85411
979112
966390
93948
373711
591845
935720
978307
258554
129032
779214
640256
24780
168548
914532
461787
321090
944565
96079
173812
415358
752538
178756
113376
772484
316599
261468
876704
483138
71470
424905
568549
50582
391296
178849
940646
983141
114569
435305
241695
759953
214520
398304
784733
899420
829188
246520
220511
773754
858952
910675
705464
127842
89432
818840
900327
406031
596661
293383
405521
668131
718288
974071
235065
625936
669272
175711
609078
300194
611017
367125
60147
341889
765429
844881
757661
594618
91401
494524
884724
466705
405200
590188
594548
494632
925380
11227
417015
38393
304610
822537
706524
539250
312960
941590
165187
982232
633653
290617
282426
761022
657742
342574
102911
939524
703807
860573
50494
311560
871449
451570
778266
276649
41758
372814
771281
483490
384041
188297
521884
205003
527186
744760
260605
840146
202702
942144
822378
836356
232761
621157
597378
406856
480083
216642
346380
183890
593567
396874
11802
465016
848444
790068
741666
406554
679234
29299
406396
579627
217596
444632
300982
261134
705745
561588
101280
908447
20084
440011
261155
252846
61168
374886
659702
541251
591528
522434
725141
185095
435660
253295
166463
800456
43364
908129
723362
238950
937429
129758
818578
671377
90743
635912
448864
796488
713852
550144
704935
733937
990155
482443
986783
51323
857329
162837
108926
448857
685271
350419
150304
120931
603715
316767
437739
647079
741249
161101
402381
195030
290859
220959
382759
897954
373224
831623
694442
87076
381768
915730
821013
888275
398173
324148
939599
255502
486985
48525
220711
688608
398945
371015
325891
519012
204134
763630
166091
945383
924731
568472
656765
731943
305784
39525
629897
195360
871148
324340
282436
252916
756422
103450
657544
154595
427598
597143
926449
430936
162020
663512
119544
77317
550879
961788
112681
755013
725418
278772
216749
650150
363597
873514
898445
185733
429391
528342
381093
300540
369034
179881
69808
125456
799683
727352
796403
743634
840847
722852
174570
519220
386364
810466
112889
937243
772254
225571
208609
497673
20695
941710
664175
900644
815224
78972
86377
760968
607314
983822
61508
492701
680056
131316
134509
479739
375021
930913
223373
215868
170117
914295
251440
72834
724762
364330
526429
13368
106253
735038
511041
126948
676748
691568
27593
8325
286892
630322
769293
410559
130497
347153
903260
810553
994821
37769
290292
369842
968682
513666
102063
655152
944313
353503
727986
669075
234185
254415
682444
856790
989454
709837
983739
182554
917758
527684
707231
204650
674358
992876
615209
804855
340029
34821
615408
334851
72591
422053
221045
557625
452071
323108
729129
396384
192964
457115
581812
427149
711531
264256
800292
217337
490445
784031
916243
924555
828067
139827
129206
502425
132703
260767
823633
472733
295589
955393
323936
884532
377446
544981
958509
345869
868090
687639
742254
577406
661106
324066
520907
372637
104674
321199
106326
595119
621582
538922
519675
449649
678749
165233
468427
811452
942352
292060
800537
237941
763805
640825
638825
141252
185807
113687
3473
570249
801326
745727
147655
978784
586145
184914
867774
690819
506114
974100
802291
127696
29374
838318
93698
708123
519903
562125
35928
462255
370537
352817
216549
650694
993643
855374
308298
695802
485413
311772
782403
803091
57499
930058
781876
159997
114972
649650
367168
137438
140102
169459
265135
169477
524129
875185
393952
44032
953662
429880
506288
324199
299050
722837
491245
292693
94563
799544
504847
579977
111316
287250
383068
685167
733660
681296
845164
848632
330946
728685
502423
471049
898144
767558
156878
938626
642743
550830
982658
596405
497063
5298
436956
796113
244487
444553
605158
339051
244097
110005
435380
871765
397255
334800
556933
130915
16097
918449
495899
863395
647134
998322
850796
61631
282232
7674
257
441327
558505
499267
554084
571920
504566
507392
368033
265405
951946
973191
120808
196043
599548
556188
67809
996803
407341
141094
644070
939790
575895
139969
319537
739382
654644
170334
801013
936876
178008
317622
894556
252865
333241
448640
824785
354159
472385
709170
619565
424331
682361
740373
136726
798261
812914
720887
795064
736607
861981
439134
676397
437877
95456
995934
693611
266452
682620
494624
719680
376981
328598
614236
629846
178191
579229
970984
532351
51614
680154
151916
475945
878868
408641
129023
677129
737907
849911
988546
474514
711892
944032
667263
666121
39488
179550
359732
822292
862170
370708
541973
239151
215658
156209
385350
393850
251790
356334
442553
303404
552840
594469
295701
948060
519462
424725
625190
257370
790988
130088
248236
19232
74120
915500
685354
629961
95050
561438
452253
957220
448499
994226
712724
180509
666788
98074
574359
918578
454408
16912
738335
523600
127733
550388
471661
163548
491465
613203
937270
282453
743291
185506
301686
333763
101006
503392
963724
196056
64830
932330
669629
29681
442908
382353
210191
109696
480427
300902
544627
451187
317815
799314
974787
961900
349702
446448
125448
841168
576003
579070
639973
319294
764577
941659
653058
865583
445051
133134
577992
26234
65464
763973
572267
508373
146326
782458
134421
143105
83361
195400
110644
917528
994714
85431
395780
860769
48232
37581
218289
624235
616651
858262
459882
381228
799922
112940
763164
761325
246074
341156
787559
827891
621481
359827
852616
284159
658637
987037
943616
258350
698790
54260
175878
693504
139691
88011
70625
704275
125592
288914
844863
742243
147177
304745
639824
947099
417685
402988
708424
180111
260496
12336
524354
881977
888515
376970
682488
547152
880360
626104
805503
579150
680364
497733
789006
336407
585744
375984
40683
711336
664898
401898
969932
812075
706643
126108
275526
640680
529096
500303
337143
305944
28991
861498
704273
917506
754820
386761
981010
635180
12865
786513
730682
209581
284247
36041
545988
386343
412025
103023
614032
76923
504921
100316
405351
211564
226424
680877
368596
271872
697532
705740
577816
726523
567238
798441
644029
838410
701554
625040
989943
714419
927905
236977
924000
728504
273018
986340
114848
201395
89364
245232
794671
110637
345548
200022
838554
88324
397251
207150
360196
94784
912890
454364
337659
996480
252805
981689
834891
954359
123081
824834
185130
50986
61811
625482
779491
851182
128174
410691
52577
733890
655923
363600
844528
517823
563622
683082
606147
477226
890232
482695
88362
803123
937059
426021
799603
706216
407710
150846
176927
47143
492032
878409
98130
553844
20243
393973
921378
148417
321016
973955
882308
493291
337556
726836
11114
417530
926270
133613
411108
816502
616308
499470
135977
69719
925492
451933
292287
849554
602779
469214
896698
611164
863975
511180
165008
884218
421505
86386
548987
258873
576693
431295
752164
430601
674483
279630
364484
600753
413243
775592
933608
545903
791415
585937
615622
716907
37870
424261
82813
157002
893475
495863
768166
273802
523395
449526
158020
944900
52264
707007
720125
145309
654655
472289
575911
845490
268271
456747
962596
197866
748691
896204
743769
540106
482141
875743
257013
36364
300004
856179
709718
709831
352042
477884
983633
875438
927410
658005
336690
496026
881365
56816
641335
52372
45457
217246
897862
313729
190345
860458
511595
939037
273014
255365
479143
271508
647460
252509
307872
947465
108688
17590
173648
460730
11826
673634
336168
455588
331639
189211
951614
729356
246027
592949
781728
291484
326548
195943
605213
516893
56401
633161
455930
845768
888526
451426
117276
52338
703935
941500
516155
812623
475442
689804
789705
487268
879790
642226
942856
727781
831437
410822
457138
77464
3771
755218
885300
330319
951161
6866
363565
523915
640027
335847
886035
44905
787273
3311
97243
7560
461163
129751
820183
936605
819555
126241
940225
215697
768467
399433
943478
599904
810255
916968
193720
814026
672187
79020
660698
139700
602238
24263
179967
242265
876462
582354
803522
663736
585665
900766
187648
563180
546869
524184
16137
366424
650425
956362
98473
418892
355795
41951
18796
166050
958920
212516
496429
147459
807888
157127
803511
926479
697742
983479
168744
574204
565833
488619
754292
667851
905737
941941
747383
452606
982477
763521
335382
632902
719883
433855
51794
592031
475806
586942
274433
434726
315810
770862
98537
123698
444341
902049
50177
658435
885528
735274
748992
967713
223893
19636
151916
129630
477929
899300
582236
460406
179173
917618
93308
899056
351473
661454
7439
343631
248396
281873
294710
564206
569087
393247
204257
529781
295296
770786
704568
697176
506060
969912
181242
246305
989549
849510
892287
983830
748810
990875
444237
927983
424845
53897
343392
292670
715352
867183
636302
963748
149056
447364
527955
234496
840611
732212
280629
652260
19350
501549
865788
525411
471462
563382
288068
461011
412893
696708
961193
678055
687583
405430
606039
628781
459328
465783
921451
691032
332966
74105
654780
998375
521469
699087
749223
878433
947651
546204
47045
967002
47753
912833
8765
519215
476216
813185
496578
405461
509893
457772
83516
713829
379554
689555
342610
355234
671690
780413
46266
4657
854519
217399
519384
375988
432838
268607
770773
380490
814811
817818
863844
378916
730652
872609
414484
723220
202146
911062
128681
712040
885186
728549
942221
781093
418105
801183
136327
606147
581596
698946
127156
436115
916345
646540
328456
865535
431499
99229
246025
762662
433400
626221
141579
680404
498830
556063
403624
217329
983477
48657
445721
385016
777206
387942
166109
711663
189125
818788
834163
770721
517734
961319
723189
950431
607860
51645
815967
555711
667226
578344
318374
100626
204566
976305
781030
219748
532368
701006
437077
32197
266015
882798
417213
559574
787092
99674
787589
976217
918463
621752
263291
952549
99424
986480
902981
707284
554477
718948
779347
738055
813644
97721
838682
18210
74026
136064
237959
122746
353423
675036
671296
135790
74187
88509
211716
861279
704536
999306
837497
622999
137410
100788
575548
236834
603620
994881
460470
158097
230181
239818
412504
43826
337539
251186
62036
927918
903603
816347
567016
773378
491384
238312
909168
565571
326822
637237
943202
547710
636543
780699
687061
290305
397839
778961
43492
517811
773843
503962
192260
520376
743780
604765
564202
597672
372303
142591
41942
275906
958938
608958
565636
966674
847271
991157
48597
690445
628394
991800
238155
781289
288851
925216
71594
203043
704177
115086
720854
994372
135401
913115
514749
395533
34232
595303
993205
406535
737894
551499
198794
213185
160458
764430
179859
524081
755587
744809
214526
900333
736609
969033
681622
541812
410601
269569
744855
631130
901007
465710
625503
552760
895177
656604
948294
929409
251907
457851
852296
989802
9351
51090
719339
169809
331873
899198
693890
603812
160359
424768
504146
896968
393801
702120
438781
804402
488041
699988
435532
905401
165698
577387
458161
577227
233991
406455
22988
2251
864307
875285
508405
873658
442727
227744
559819
774600
643294
770061
378413
803654
194829
398911
216974
104982
617383
655755
425736
105425
355744
377620
10826
37794
955008
468987
131374
705351
391795
154362
707602
256102
545999
216007
646112
988727
960103
205931
279679
603398
975992
174444
407052
687173
89707
140378
792155
707091
312486
217891
812516
668230
111863
339694
222376
66871
325033
870102
288575
716828
24465
512529
972930
86816
244889
619042
591895
204992
341325
871575
324742
833669
562371
248146
520842
652079
388525
829349
359170
701011
563592
688038
885593
675456
27732
624321
258679
869117
494424
63606
585946
35241
576136
75228
122057
821025
694271
713953
542369
551948
101880
867112
385618
180603
115258
906460
832682
20135
252162
708204
721146
815754
396242
606739
7562
940326
747413
266242
325796
241837
329848
911742
277078
422336
986970
915487
243361
197593
145792
302083
749542
764024
685547
135160
944628
317157
557972
777310
337293
810134
1867
58439
142241
914461
181531
149803
854788
928944
932397
180584
687133
262246
608678
480563
684582
595648
396050
444296
793242
541843
262731
59136
822219
948278
194296
766847
265435
268620
60510
602728
595107
62377
177520
253700
976838
875403
403503
347978
320699
852253
44914
7832
114499
653592
488395
315433
765593
400797
276081
558835
458992
538812
134323
281212
487090
844971
48059
752526
113591
108569
871606
225050
687298
565478
478750
664137
440881
398606
12115
761580
250859
573382
285764
881710
226974
290511
713495
992567
691309
989577
67754
666653
44741
202077
947865
48184
47048
512277
800710
676992
137198
188668
418394
824497
754147
897145
488634
195028
812103
17101
472961
579314
106835
275077
461024
333810
565589
690871
842729
773250
196800
426836
439903
241542
628913
904121
289726
192314
416398
606788
385658
553596
795456
804052
378093
65955
217549
383079
260984
29652
916533
250297
125318
23368
525374
586342
873530
607315
793566
716260
896917
990366
143096
853173
231908
288361
757294
37986
997027
690044
644774
899037
243640
956583
703090
138086
22538
436991
521165
799874
982996
954050
50171
108314
977419
91898
211009
367301
215565
4575
83561
628835
994941
743009
482008
743202
547723
755654
781188
61102
445698
425963
960140
689338
382546
179582
827424
921436
132925
864942
721311
115921
818992
287834
224236
312763
896084
435245
196417
111650
956172
279978
740485
951113
539340
738845
694315
603415
494499
991856
664517
940197
417819
141009
145887
316717
836943
489664
238153
969869
354606
959464
85790
689950
763651
826378
519066
659735
777975
715483
771385
734147
511813
28222
201613
567505
283419
412280
170920
777918
404136
351790
234467
338307
9151
380355
655024
846095
386371
409530
815964
740977
885346
418106
947279
648997
760837
982697
308733
538812
698180
596470
789312
726346
624693
990925
293851
424464
919557
981124
202383
323694
332914
953202
662001
342065
849909
833378
704512
236280
242908
520476
493609
128254
454935
440889
293604
215772
423586
602337
270936
638119
198807
60248
880817
339852
567525
174668
764317
487083
672144
483052
810777
5058
436254
989130
863476
802516
338860
567988
38796
98120
604817
48758
742727
576104
489647
36331
791876
429585
638668
62812
584056
837475
639413
464873
177328
206938
155894
457997
694021
828038
941049
21150
349449
893655
526633
729277
212523
865493
813617
767672
963614
418434
816430
706341
994538
822429
742672
302766
768366
897692
365579
352423
735167
4992
333648
428847
728282
5894
403196
422304
833933
860597
959806
699734
754253
486439
429011
483128
868285
242628
250800
348251
177415
67230
54592
688305
889659
313616
991072
658026
727660
873003
526801
462827
877995
376801
408027
122629
382696
327575
544933
732981
188173
21092
949067
458778
507531
378078
941906
892168
137058
192707
240419
314473
776289
811363
2779
665949
124979
510203
840327
852639
383206
883480
831819
777553
260281
756198
900182
159329
83773
961468
408662
271946
982560
357729
247076
6443
735807
188983
898612
389218
898042
139031
703691
674331
950395
222822
856632
591726
733025
696959
960718
632583
96791
792537
410136
357073
65087
826671
32754
665212
788139
441417
453511
770699
799146
700587
777142
51306
889570
675754
440524
787612
331138
660567
978296
281533
399742
834928
873259
649119
48240
833977
281703
145031
142866
208191
18456
724305
34862
51211
389518
823001
8980
843029
110052
808126
543616
887195
375784
949539
79301
816308
253503
410439
993228
231799
691972
909322
66728
81584
558441
631320
431913
356496
776351
574780
564688
794808
299085
115902
362371
204955
455256
371351
47984
565308
179477
591601
968855
71614
541140
48157
404274
310995
974948
397502
542795
183273
306824
125875
264857
381618
757195
696770
254466
533546
787902
335506
844706
603340
451409
207077
808295
906665
578428
856280
988325
274258
964233
957181
345872
21725
521690
750146
332720
496638
664001
391867
679911
487177
517742
944768
385147
274937
157891
639614
324836
945793
975120
169542
65485
942881
376620
873781
365898
471400
246413
354224
262010
726998
311405
124234
748723
833095
390733
597795
846085
54734
989663
525997
58263
507405
987117
443411
298695
145008
599377
623531
607154
90849
793073
672639
33731
686045
62772
399629
673798
825537
753853
935808
552535
581610
60043
817610
931057
450776
415406
777143
21862
921421
303140
596477
428826
290257
39888
243873
951618
155617
867404
558772
246467
176830
747763
280198
862875
326888
196179
536673
152425
466385
988834
704961
47995
565229
522571
495405
16005
454329
272548
554219
375750
92040
150696
320929
898649
706937
564802
850267
862554
948559
925391
109021
125389
189507
905571
504616
516395
101751
557642
668820
568136
546476
890133
616131
111705
929057
627888
644062
383386
416788
714633
275489
508828
865329
596418
923830
88618
677572
290449
951173
626131
215841
576546
267872
405348
482118
772489
921743
583869
330131
106915
152005
392959
513401
284488
504664
442458
912377
665078
342196
329165
379711
617685
354346
761392
730455
794528
850011
924380
84977
801184
66863
300818
377730
334736
222518
859848
107225
660613
960069
953708
283881
112074
346667
797282
396563
367683
239740
825292
32761
581936
670809
412472
715974
541507
173864
962781
336035
23875
887161
421013
341411
954025
238183
235494
805113
977054
95342
428690
637667
55412
382398
921548
683838
245417
235182
596753
613100
474922
422045
162213
573211
609207
91037
805537
667066
781253
768318
3102
805129
171832
940467
662892
642209
695002
898386
447322
672056
510081
392364
826076
81845
291114
263976
765683
536531
499159
362437
665983
974081
300834
828196
63644
426393
919233
869181
93460
700486
153852
612914
21967
325684
69733
201212
484245
764735
99598
447919
436792
609679
840283
779220
691524
131397
43196
973560
184280
542355
852349
850263
516437
153183
194811
96433
95929
630396
965615
189389
847234
635819
318655
869202
477855
388388
70414
962100
153123
686364
410019
106267
812396
766654
885487
20272
898051
928684
993832
598683
987391
846181
448946
20180
515717
160109
116614
611646
790505
598581
317387
637739
234400
636042
23293
712255
24430
610059
190707
693905
296424
117078
800173
625172
883732
202012
645444
781783
647048
155629
380466
634440
1810
345764
654620
33879
22225
771234
161877
812730
369815
479264
966821
120567
631658
990115
349174
656088
600174
539881
349994
412950
656959
666519
554474
540691
868531
199919
838826
515580
355548
735644
150020
873710
597760
804640
423942
619985
92227
585819
949067
462042
65084
915889
98962
696742
906004
448136
869183
22530
504370
735529
951833
161329
402048
506307
218373
786931
222578
573551
302511
94478
309196
968883
484541
423308
773524
908483
43294
382103
494302
992361
844145
75738
908250
459459
288833
330606
907596
674368
869489
411966
409897
337674
89647
328297
360333
308020
115228
582912
881572
934092
193742
707120
902975
678283
130428
192851
103118
690074
574954
113773
682436
935452
705863
107038
394911
511048
953997
818859
185416
823486
230825
111665
161160
836825
956314
521493
144845
71543
620757
542769
521987
330852
766241
424962
9135
896670
617814
628606
586744
709120
742379
785532
644572
964594
892571
555836
475643
846568
374695
177411
186406
121873
289077
347566
958698
761743
385411
619895
833286
522521
162665
871625
853373
445258
296588
378860
341928
430754
523818
445025
139874
266197
230557
300799
747144
639480
372987
222787
2400
747682
400198
188806
385907
205627
52724
860957
967371
954488
480853
317009
993361
159870
188635
363086
605128
485223
741946
463409
432329
782117
908434
572203
48314
655343
389354
795458
811176
762341
534597
813576
26376
934796
518735
928635
656775
571459
789593
624146
42299
270446
941156
35660
946668
646143
398746
551796
131366
657045
15205
80047
439162
439991
168602
3828
95335
557957
315639
906511
836650
850236
236439
379378
301384
755174
308014
958160
326634
97607
98658
885285
884405
556166
920946
831073
202309
836044
382869
850027
493089
914427
930074
932251
354418
98677
452432
966105
172986
768071
388968
9636
134659
625408
389015
436044
380582
697029
910556
223568
310988
9214
108854
195393
565381
546152
26466
284042
382196
925687
134070
875286
840114
64144
323889
710885
679173
776321
676990
852159
544392
65959
861796
679052
691367
767163
631448
588301
980544
58356
811870
291532
67570
920724
486925
149303
466876
29743
949698
365424
955430
83768
240710
311897
664264
80952
539134
859790
857273
216124
711949
918018
798435
90097
113422
6154
857260
261222
594456
837804
319578
406326
645688
387148
843402
648965
52804
826630
678708
2502
192054
150491
602622
949117
978740
783238
30069
517874
643028
887342
733998
871330
321712
48786
961427
435134
54940
335040
696356
649396
689196
15934
572074
334885
919435
415476
983850
488591
758458
178911
7445
466865
329402
126419
415982
308142
909657
962403
342368
69038
849745
76366
940368
687810
125152
418147
122944
696445
753187
335653
345841
958736
867939
917916
293621
787374
849744
793823
792317
124555
972734
799762
591420
818488
926181
523754
642982
352191
486157
985350
421229
852254
578069
877949
540064
219573
296096
179361
916018
565636
515014
778212
524372
382953
696128
817993
686680
62224
128168
478997
186779
617255
795112
294551
435743
721293
818305
78726
589836
820814
580428
527417
673069
158497
405366
729485
894423
217815
908846
810441
783451
940212
588653
307823
839518
801133
642168
526198
863358
286688
521547
566489
903943
316659
377393
339687
37953
712050
934765
144141
532865
515193
671559
722286
190043
76925
451771
84466
294740
876970
411259
594543
817182
999913
418718
656700
317398
60886
699250
180756
863927
220798
263598
767870
537457
157343
107557
91762
869393
558674
235904
918610
73868
423815
640896
780263
500740
609020
381081
311833
2342
792340
906376
819524
792253
841447
992577
109652
902333
208179
806760
282612
428977
586710
50483
482787
744053
158040
574549
129799
233067
326805
48409
823287
750620
205658
603550
767713
814678
984631
595898
817020
776971
18626
152896
85577
860073
661825
711581
278759
870005
34693
561371
815334
621404
611854
298121
881809
286247
389023
11608
519314
232180
576370
342601
499153
782028
946151
783218
113058
447134
379116
446430
740457
397742
599326
826034
774168
777504
53967
52927
163861
88661
614298
979195
710065
742505
793669
108226
28752
699044
119835
548066
447576
212557
407019
946729
994585
869522
246299
107643
316656
625415
554073
57113
539510
669751
399500
313678
447255
453467
366605
611116
542128
497255
106664
768545
239760
416685
393124
784864
115729
29311
332930
79657
241868
256301
542739
236453
125823
789038
860448
958831
414454
930873
532297
470316
600624
448149
783994
564232
901616
666951
175348
960097
680558
798364
244994
920319
215049
638118
221535
847130
183781
70818
926788
425649
327119
469527
178454
452943
258565
38902
928126
189371
969775
460423
176039
86752
908572
476385
650984
326541
143336
342684
802990
340247
141049
47984
260566
872450
202455
998453
235933
902588
69271
162721
328238
396391
148600
23044
365686
923517
61947
293812
629241
548074
270588
805280
634826
179160
281666
802162
22053
941354
144847
825043
281601
802248
389380
58519
191050
108187
56973
426983
10775
126244
106056
855365
522635
254656
878410
888321
694526
456709
698486
323767
4783
969074
129047
155962
664586
410713
474476
202992
868420
135675
28035
150021
937923
933767
208541
645326
41954
781866
72309
569082
908110
694718
424447
947098
949374
819209
351771
643900
275918
50257
484019
280702
535683
613067
953016
716622
540132
943844
919614
408552
79520
464001
74926
17443
397769
283467
179121
956075
65333
251431
525157
489795
946149
465957
436893
411875
285166
788665
572128
561085
355274
56147
358139
890958
185566
827507
607580
725699
771351
527194
650603
850871
991195
725529
384667
905316
525348
563788
861392
107033
331571
902901
113181
794072
885210
550074
205948
170377
338739
294428
247814
210366
350575
122305
101324
52494
466164
225256
294545
237515
268802
945148
604739
776349
187030
505758
681666
228730
69546
59410
335764
917470
478663
448945
711542
363874
515371
433842
50603
370463
728270
814769
580829
595198
937074
682153
647692
403238
907409
942237
157105
692563
403737
278196
468912
107119
783954
150578
335850
369853
726340
671614
287323
205004
636911
998865
568878
152282
949060
619481
522745
677330
434250
103574
788880
887676
302079
952924
807266
725840
411513
480723
418403
331603
758920
887316
438722
59226
554246
774572
429079
796939
446186
232754
1943
599449
747972
570821
268084
697032
706654
790829
890714
657256
410756
679595
61284
229187
148871
868550
955028
560385
865625
889783
891988
140897
293451
847062
200124
364050
621635
145555
160989
584173
378310
162932
183623
126282
250105
451707
339666
473111
758888
230380
130367
685996
426327
191651
915184
91551
576553
386564
651936
442178
276347
60276
583076
86151
423690
299552
450201
45325
445107
127542
629499
339769
806826
329474
982403
56931
781181
322069
46394
56421
68802
693113
742418
495129
884764
657602
103032
977669
560518
754968
936199
353217
331596
35627
439368
271639
851531
405921
316964
296639
533463
462815
152760
340289
792289
135164
913572
89822
457233
959966
146244
42387
653079
405014
53869
54195
578968
156901
548216
139486
428222
768
492703
759818
36395
448424
547809
404279
854345
864774
700918
904161
327589
370030
760802
119879
505194
674375
726053
478780
150693
872297
521167
320125
793663
575036
890672
372631
731938
955241
512117
160160
956009
521173
436330
508756
969597
984140
913035
340294
365266
130305
244455
692855
500336
521610
329086
521882
712337
55140
662
379382
443789
38182
699507
237453
129570
106532
126436
861508
61773
154906
538020
534134
676079
490703
42890
162028
991195
955926
18674
356461
602583
779482
565668
102919
301092
894755
624802
13429
466247
141816
392811
910036
179998
608671
663841
309569
715203
790278
687429
293328
945184
225450
827462
137615
232505
870352
299643
223700
342630
318317
580161
945214
614151
662181
48133
915243
556936
189287
928672
539535
331104
837836
965924
511102
446507
629765
337023
161710
420043
24453
455038
881579
766255
798852
19194
998760
669204
835189
222460
528187
669859
318973
473401
284010
981154
37886
199254
54443
227174
644278
593978
74630
482114
559902
102084
444973
706020
439108
606683
126063
979913
578073
523995
746168
376925
543189
261280
562482
894731
483740
90669
564590
319065
80422
848600
816571
118308
564206
871014
861834
724837
981345
452816
206951
541247
554901
168277
247267
510361
774960
889683
490274
869386
930030
752794
762663
473219
14074
841497
884302
14166
448518
448892
849583
528940
813845
666154
163601
894403
537169
541787
619240
518514
994604
342544
576113
65857
510821
339733
576218
802133
745768
582844
671519
675798
335638
950535
665369
866064
792032
549672
396582
756903
998564
246165
285843
328761
912319
449444
223165
449488
507584
842405
484354
502188
701301
576820
568045
212122
916553
144263
14256
178673
243459
202127
854471
95449
669014
519840
961513
461047
585864
358095
217950
100781
604260
20145
429542
32931
985942
652707
482420
493526
11465
483126
995714
712766
576298
80111
924889
9203
740726
455497
187876
984185
657624
42347
79634
326639
78540
557499
304038
664404
431946
38340
765185
36206
574837
711080
69137
560779
363787
67909
570657
891604
67388
566371
604371
643686
162834
45612
652890
903560
501109
840766
887745
675085
399466
483731
518076
994358
41230
338466
175114
473176
376806
456652
25734
951644
167732
611224
28775
47871
195485
599433
939476
779225
682156
543847
422912
844991
589459
592154
748551
606920
949272
152649
282005
865090
152732
800082
859448
710315
138548
550915
183491
31707
7567
725578
499703
691651
853154
44830
739522
48639
644263
678998
344217
842772
739197
767129
687763
845008
875635
952666
451928
341259
621667
250286
206350
774400
566720
582150
484715
221620
133065
184558
769679
140632
426488
269382
832283
279642
314213
88158
844634
474828
767156
188851
317600
22706
472332
521715
384066
347967
474382
835995
689226
612401
602633
411928
386801
685705
994079
387868
907325
127144
88779
677005
784129
515267
946387
132764
794910
776952
220922
155896
251781
504431
344747
85733
527137
817079
607449
911203
681398
598183
263550
886976
210584
382535
298905
113738
68240
292984
17958
975566
936480
106737
652571
720609
622005
115310
853374
933267
408615
74296
89163
176748
95079
433910
778833
622216
767341
386282
49772
448739
500817
829674
852067
711402
212210
150972
341492
280450
960308
359450
256016
896789
982540
424939
617398
604545
56602
987124
54164
981569
577773
143327
674669
672852
93589
453502
295069
860930
839785
861193
826021
340602
690867
678088
568356
903077
829061
426200
183528
789369
785651
955896
202510
284543
897188
819909
889088
470142
323385
943252
451711
901158
602931
126380
574011
696520
579882
385432
73802
936019
246625
899823
792974
937492
577911
877682
356922
923324
303883
56802
229046
605886
12698
431556
890429
426238
767817
295869
896380
91203
755473
864443
992361
358404
507175
82724
54924
603410
468156
645078
55781
231133
544901
848755
168626
639164
726438
41900
562489
546673
98702
791535
152559
627752
739443
559340
53991
507261
855209
466723
598464
610682
847519
107177
485438
354694
189902
56714
474456
658058
701792
530238
889192
246693
378993
574170
885857
621783
132422
964698
684808
231124
272585
353719
858876
12029
913059
429219
519290
284620
412295
634106
411654
259814
741283
897092
130860
931185
470158
121669
105596
171950
651907
511140
934995
547252
85310
337205
169036
217732
301903
853844
965208
90841
207564
340436
102870
636975
286008
138512
921596
698303
288970
849602
474469
30253
746695
121681
477791
216853
243350
99739
905156
895257
610879
840151
958862
212541
177356
127898
946625
995612
498094
911833
86453
222010
252269
705675
858986
54629
844187
296934
269284
133157
146536
260105
679762
409583
381787
673905
142789
141489
773644
47945
553099
384523
404448
511961
597064
98157
156211
543689
93769
654305
455522
696574
392668
224144
402249
768006
795125
762788
581292
64410
412297
244180
324515
608411
653764
222654
282317
312905
364144
55961
877202
433595
440485
798002
945556
553901
896159
618119
97591
989928
788776
69465
202854
181444
809961
121455
949450
605087
884243
530742
185849
812892
774923
510364
421304
945039
249371
703621
774296
613515
275934
651498
563462
716419
449500
25370
786673
862012
643489
884264
368292
432265
470081
571147
613710
280043
692602
79512
401482
93198
126607
587331
906090
417882
614047
843746
879273
863418
63719
653569
993285
339654
821419
556747
572425
787271
98469
359098
649283
741958
759714
17576
690576
229796
588723
820638
26191
797677
900150
427673
890875
543109
531356
313318
960991
661755
157064
840264
525174
220784
493833
34811
76790
315252
591559
649215
102524
690028
524666
751807
948339
284380
285735
638915
30528
874458
459553
56719
188488
876055
744
79363
419165
532100
392681
380156
710208
66098
736773
235382
803234
230606
270193
880024
62211
378104
529239
681087
584485
570257
949246
49176
854638
234982
688091
885166
625792
663996
458238
814280
540051
458982
409996
475568
507435
319029
855725
217643
385127
592498
969377
704713
339456
239570
584737
918019
134027
630329
599106
234864
200586
64705
284040
55224
299687
488483
456743
441831
152479
914981
772464
208882
890315
698812
684451
914102
17841
56528
131745
919321
165378
101122
624034
21186
857045
208772
939206
507424
839101
54664
742288
556039
119369
542680
127616
935408
31163
584359
377240
699994
15692
666056
908876
422359
364868
109679
336462
382709
166207
984559
818382
847937
85682
442417
869124
459079
167541
808330
482855
522994
379346
741495
79033
498716
284175
206649
434124
831690
307360
327716
531684
839404
993772
956912
261764
358640
582944
114578
257702
265503
99137
76084
113441
701171
34853
982565
676602
718746
307247
159457
241740
686593
900952
837126
701661
701479
43775
135786
533169
867488
979854
581205
706892
973627
538118
485008
848619
637414
115938
106321
902917
215076
698758
16358
432599
733611
515275
109202
452358
338874
785011
210450
541820
685964
47576
243481
387443
607704
895619
436965
475192
875474
18170
698436
365453
72640
699797
214072
710054
815735
836746
612972
547163
51856
145682
979763
785467
660958
605317
754177
516184
390328
480980
58004
592644
44908
817838
496440
652612
713457
933405
644156
105283
951575
858945
470736
540568
75094
201161
250622
407181
37907
863594
954345
89763
525629
450460
391582
702939
55777
662112
219123
962457
659444
793480
555102
704352
611318
51542
356965
841127
501299
517473
946411
969226
376418
417147
509794
967864
134660
276769
375046
172567
140363
329391
778682
182344
296203
686617
885283
868332
348729
104407
830789
8173
897887
902243
228877
25557
953785
585842
866684
971436
619668
329447
940663
512438
746595
966809
480303
397607
243578
855349
570175
900294
701092
865209
82638
997295
551826
967922
865627
416907
588681
212768
941432
486568
115012
170310
28477
585149
272504
411513
556586
892172
740961
13601
404611
3908
980410
401266
401515
223989
256615
488042
640635
957707
353252
723273
471354
421430
691195
336981
838338
279876
66101
296122
282796
181113
982784
827625
282615
255289
239139
355553
663813
980100
369154
584776
984008
865916
986042
385523
606257
242657
873566
246892
716716
743170
970166
188070
164600
177713
41403
2938
973942
107505
815413
773090
804970
798197
600716
87585
569838
839855
443138
233652
336307
328644
334780
320315
194561
320823
222190
317170
79832
95756
564063
312901
355278
50581
500971
519879
744646
58727
39169
718588
682584
854582
491679
487554
652780
608747
91492
222618
964954
50982
972622
301261
895979
307403
621576
90540
144578
360118
924062
224410
972227
488125
53663
327505
55058
554635
847384
799705
129714
402906
518293
812298
257488
526324
299852
426620
651423
907696
165591
616377
475031
654565
917638
371010
961968
55566
977902
106546
932037
901964
847309
904264
390090
900972
231769
961500
971959
595506
761205
101673
998412
795851
430323
255900
838527
246528
198873
489951
154224
364464
622680
629255
535381
540319
265
497350
112237
494519
120248
44274
396484
483909
464890
302926
901234
696660
264426
389545
292166
25632
7571
290578
821483
437894
62830
176362
684422
778055
666313
354999
658871
288994
500606
194253
345665
17224
691603
974254
511743
328203
534881
908227
812113
999771
211153
229699
212783
475580
619244
504949
17564
626815
311879
355399
64710
891062
531761
265484
669117
714427
620483
327989
519773
121090
38594
381790
654666
246549
356044
166409
574752
407277
590989
903217
407049
802142
132916
619832
794074
268513
641134
327990
895328
469365
683389
960038
360427
731503
741875
545897
445930
362358
390238
965703
999800
428832
347493
654466
675381
219889
337228
250133
627167
928217
669703
550568
246711
318971
686752
557138
587484
327886
401480
482813
797252
84870
959203
674031
332725
701078
219928
778655
579789
610166
260710
95941
555350
124555
266760
230731
860796
603988
997217
4315
48557
666920
554883
811620
502243
241636
368758
89728
85874
286591
88893
399478
371461
564448
73510
220538
781879
293438
999193
361668
419957
776255
973961
975307
417162
240721
722391
277958
361061
719608
282274
409618
902880
353509
221239
921475
111497
106349
11203
197372
909292
616448
596850
797105
180897
670360
17643
479128
480151
533188
357148
416460
309443
331109
908119
242957
571831
630510
520916
932892
866470
319542
858863
285702
673051
596454
207178
784549
219155
734733
498273
128448
351182
95123
925553
48431
281836
459549
527559
278339
992737
884707
694799
818533
732168
602918
61490
303999
749781
582406
753244
616251
418300
128459
418306
91352
724913
625484
392253
460420
360217
890526
105220
227751
502001
30774
276182
783837
490323
320093
62176
999412
721152
273327
817945
453321
392598
879436
757320
142379
978194
26916
274982
396495
155375
693288
4199
396640
835124
396452
373413
195342
803330
478633
423093
305331
25759
215628
89169
516082
535721
667697
31847
256874
457377
849792
710195
849975
729228
983867
508706
223775
527136
300040
620270
682511
993329
624469
595504
828453
20921
968917
540147
340603
447550
479593
645934
473310
695221
251455
505744
747294
435505
537591
520520
892882
387384
230715
742857
632964
730935
767915
856739
258071
67955
993361
456934
61284
617830
52438
406090
155103
537707
462589
495706
985258
942182
657993
974920
153755
909448
480664
901050
344953
534608
421570
237835
438344
168638
497044
587660
415925
264959
444400
673996
849267
954113
647282
426903
571944
699721
349345
243399
237428
811935
255458
739038
270469
913451
713958
424225
822899
710975
841627
684205
761935
779549
922040
200279
464539
935437
787939
880464
716748
748691
70812
566015
702805
718095
992919
791101
934168
342264
550852
171596
670551
806310
426987
941021
719761
657297
881598
59013
884624
239577
743218
646559
535478
181610
846838
18
117047
151130
396834
350148
416173
467647
432515
635330
702094
941786
426431
636262
800403
493636
324210
470954
299946
751197
928327
536060
408495
809925
595073
293119
565854
338291
456031
101333
36253
302869
101351
669653
970351
498185
19801
386525
482184
968668
21855
184278
910455
964639
820540
710858
458275
144751
181812
274573
412300
110140
810633
337147
436417
922058
146619
2272
776701
602650
103605
812955
421871
721308
482608
392223
735845
18761
295100
218030
987429
316955
918660
897884
797946
739201
608742
772573
400304
306907
563499
812604
933399
890484
666104
369816
812543
812723
888440
105596
415373
508397
918551
837244
229705
401159
745819
965551
936272
40919
699933
923702
874227
618593
821586
672173
874146
946681
961099
274450
253588
524598
603407
186987
931434
269511
73155
743977
82234
961596
849574
13959
469993
284477
851203
699699
201989
113375
181602
138261
154294
881535
61963
28521
16480
399902
217047
890627
346583
694498
681429
600171
219096
284836
303510
150530
70699
376665
410860
152933
854613
776786
683244
324607
61263
534448
540658
779604
164175
238612
917866
318469
636499
496181
346991
652979
896083
80390
59958
759018
774888
741388
875541
510336
542576
179051
177218
613276
72069
588078
282561
926682
881216
965806
767641
458832
16606
824651
238436
180781
63263
156302
499250
699762
168836
362593
352742
64919
959335
412700
340290
734223
670440
215831
760911
213017
394883
938130
826293
983304
526208
625206
909986
923777
591012
193980
382609
123970
18631
621045
304751
81895
293700
320354
781657
462536
199299
650751
43807
158635
63452
384097
409210
733892
116281
170122
463261
511164
108252
289554
10820
150812
914761
437158
74589
22125
631138
973550
146096
649770
594596
967199
248017
404648
287553
546026
383536
3205
196778
943695
161840
776582
844145
571050
26826
960426
741172
490088
987942
365776
295994
998762
516589
727107
435920
107530
749233
67059
81081
411681
233181
192029
378880
481198
596677
182786
27224
980213
185991
740354
440260
864183
516936
284405
435233
543763
244831
692758
550203
232773
58534
846197
231535
91475
573305
667456
199006
838890
250867
280087
766923
400
988468
662155
997950
585145
844941
541526
81710
547284
281881
521970
411467
798817
806376
363053
858932
567559
572163
409135
316685
147049
255333
548220
754877
344990
732028
953883
700232
499247
750322
467155
499647
738790
645662
497597
840287
6956
39124
921997
554240
321005
960319
482060
636174
283047
361465
495107
850607
933628
420594
167292
597029
192279
231864
351906
537269
480245
822141
753853
979492
572463
221008
995492
827605
383023
9441
667892
389979
48565
106241
460571
885922
66561
942631
38449
865960
820448
49908
716567
270428
470502
400211
867458
662782
148428
219364
716403
628673
41506
470257
124517
130321
207617
120009
474279
590640
129451
658523
496971
694368
764765
957543
96643
347678
900174
651444
213638
236975
701352
446558
507403
688206
363121
374861
867340
511549
110578
583744
656574
668436
570353
781092
315109
294322
901101
789388
884963
546904
447912
381934
241273
729029
855829
854268
593059
756004
505712
323049
992979
723416
285959
500382
411622
649081
391596
278963
676982
502174
379059
333557
686962
465764
114649
2071
760086
532102
307812
161401
79007
272076
543336
836632
1105
399165
690900
110516
671521
712964
433565
180852
436380
719525
197587
364354
884958
105535
159669
561940
124061
55080
895497
811023
520844
526498
329446
280931
58601
637258
442332
137608
909334
502020
974240
426791
417538
181492
53659
605411
410808
3577
786264
847188
239454
500203
727894
124412
605738
887564
202704
246151
942644
614554
57174
979841
141052
386620
260772
199653
540231
703104
853613
965917
721477
344205
909061
139015
525697
962720
260778
452857
966297
563394
300045
205751
63597
544292
846515
185687
948208
49220
431838
407204
663774
5364
387045
321178
908337
647817
520832
964920
867274
890797
930837
105103
235003
839898
760470
277052
802619
21248
729910
285268
584643
546307
491020
164592
90599
337535
350280
38807
386755
298470
962364
566881
820187
349409
888060
728524
513579
925244
693444
897205
816041
624281
2308
567396
980532
762778
844449
299503
784026
90711
584771
885021
153370
75791
49614
243970
929679
916246
799129
832786
214716
761493
399668
34903
627255
804080
279779
140834
729324
973223
38039
61717
113857
40347
629114
610741
803125
989915
910244
103503
596978
495015
988525
750348
87159
38139
994318
16838
954385
309800
365976
685453
587645
281996
236709
214900
86076
516488
355734
331752
6064
910125
393470
119921
950472
538936
730662
269949
528851
157258
889805
125829
652273
878330
876177
255784
432821
386848
788974
903558
213000
154951
589011
800645
436947
825720
531898
39376
858561
887632
371128
864625
797758
280950
500898
264582
819886
231560
50884
348737
388818
940689
990918
557443
335371
383448
813228
284544
770296
602202
188102
983296
757153
293465
300293
710453
635538
832191
266181
494099
236176
637309
875076
550286
918260
375974
331220
738146
123886
382104
603236
29056
839145
594154
586499
174516
493954
916079
459060
264250
518282
163514
763898
791787
456980
580544
18592
608870
412735
284773
619321
165263
922083
494397
715549
356695
870371
46770
611193
994257
428874
214429
23313
268020
324936
126164
958888
818890
42244
934301
599493
560526
97815
879743
868665
71147
460287
403610
680017
389375
688383
299338
554638
126818
310087
270188
999865
180458
833310
611059
691067
778536
825488
714380
46556
666776
840545
521797
2019
399141
456098
601512
476019
553913
997607
344684
625061
974247
748294
821430
363622
953030
637121
434612
79848
947208
221152
79714
127667
54462
207125
818734
832999
548965
49467
395907
215742
890012
434056
734113
289153
890154
851977
281524
444068
849584
626208
585481
823831
890855
923263
703805
843885
560384
138418
440085
507593
359570
36151
635260
930385
243276
970346
279736
792242
19813
191995
524336
426177
626052
258449
231682
516206
110426
513206
476626
960010
655767
578459
300194
546622
501723
3999
906859
62107
658769
863296
569700
534692
415800
721312
981429
659076
691659
261165
967670
227824
453160
492006
654002
79212
266807
402036
111771
377233
915243
588397
853596
571010
166857
670142
633984
668580
190493
57195
730687
365615
920491
816740
900307
336291
538052
881736
511720
746063
659253
995742
973888
628765
4101
144242
707978
270908
546278
819749
164494
977873
924498
534442
65235
91355
720936
699219
276287
911429
756414
523327
277044
193258
340067
693703
45901
394471
91791
73973
656887
267396
69716
630775
896162
73817
291369
604140
344725
353999
940241
25571
331873
864739
560013
397108
472447
280949
612680
748734
708731
369094
272061
502127
78704
128480
712183
124606
522952
803974
198579
179839
71371
784647
326966
967533
858464
134687
88025
719542
488686
544618
745113
336911
925709
821479
250372
914508
618780
863052
663243
843863
748498
451656
345991
827203
96489
58174
468161
135793
378500
183092
831984
966223
967740
158950
933756
342556
809989
538133
62098
815027
599103
323564
151939
524813
145043
402311
439321
280175
781715
618916
124039
530213
586925
470030
873768
683414
44556
341929
819207
423056
41374
651191
389280
9114
326493
839388
351670
136482
893874
930121
467861
492977
253685
619800
534142
398728
538463
973464
678903
320178
108732
319294
850392
695657
789324
724160
895423
833880
582442
230982
773289
623816
882173
162569
149282
725018
518309
17304
377852
412183
947425
845714
905161
201110
981866
439303
116190
520330
929119
311446
840508
554204
630740
207252
249861
936417
931413
661637
286649
30207
892619
59938
654023
291145
738859
319657
16163
257169
336961
910368
669352
800739
756082
574513
518201
737948
530169
150744
258278
975640
462190
615139
529844
609282
822391
296058
62051
270156
957695
348701
816715
850314
408639
470738
141459
147499
306747
673975
404668
160061
584343
590372
960800
856777
164886
479001
111077
211407
629745
885708
187047
608287
500847
716892
733922
839590
12950
795973
626099
486997
661026
442814
337311
586018
429905
995123
249869
736652
185450
170889
896713
286145
761261
857513
142922
442499
852867
253999
653906
998964
656059
357306
123604
156906
590550
373878
512849
119852
686203
138948
606849
347230
581762
460512
449600
11667
971987
699469
264672
157437
870358
161385
959934
147971
535251
102856
590471
904470
873208
760729
419786
45619
634387
59742
202526
224937
433620
231727
861141
119824
370675
467990
983406
468789
444855
433006
996809
416842
648827
261481
90632
519185
939218
50566
667156
990821
669775
773979
411643
59335
534709
831430
104954
169096
891172
823832
910386
841145
55559
771527
960969
426234
755870
460727
411376
200725
893733
408185
133919
542560
669666
224551
578097
125236
791470
761605
116058
461245
51937
527701
36932
102998
875483
658238
788446
283008
482071
698832
124153
537630
986712
85122
480217
742582
545849
891593
459659
955934
816130
593578
14846
485796
818130
109295
127384
125952
387252
243442
103549
439189
287496
140481
542187
679331
798719
330634
962339
280790
545818
86492
334773
532530
171614
331342
791464
233815
739287
251123
706101
555417
844702
237299
557565
179184
862946
201301
305136
250199
961096
408685
689388
248592
65518
747928
444275
864237
594914
406615
661380
140732
493107
512505
189615
181074
843847
981079
931241
99486
232203
153695
171255
76905
390994
245172
772441
253941
446473
77577
20492
407569
2614
709880
172513
68132
974160
616789
932369
569074
23404
110101
226159
32863
622606
932126
213937
982805
913205
661531
598643
661760
815226
769898
255017
206220
531422
27458
976513
977896
621387
997005
901817
624001
223238
590683
208485
713750
207472
657207
282825
747228
767308
25336
780091
906267
957462
510381
889072
387019
171912
487716
48780
503490
773966
820149
709710
305389
847608
202576
283285
468995
715933
701454
609349
939171
292137
334186
652922
15961
991393
452099
763189
275054
993787
59633
181321
467601
86366
70393
854620
774630
74461
419752
278120
848428
239902
504182
153817
603862
706758
953454
589209
422692
654908
198558
878215
947046
49097
531137
963007
40490
499588
242549
315544
493375
818534
13217
960976
904900
83611
331949
679530
674424
268053
474002
522852
507955
978184
676669
111817
684943
146475
217379
623987
801384
932289
502202
264782
981386
549692
744141
21877
49280
503042
853773
59008
321576
866991
536336
742828
466954
868285
938710
141378
136339
412712
664231
160646
390897
857252
788816
592192
3728
6195
216179
321464
938484
234733
102598
436223
300777
846739
458100
350058
866134
828225
925418
187710
211568
461754
446891
678522
846392
385601
336253
499083
798314
516836
176081
189211
890440
964897
781403
894168
487444
513934
731984
942281
265019
834582
378504
565797
197674
352956
432207
580160
181181
357625
767870
909102
819379
214761
103976
182123
116715
440229
681206
915029
957065
857288
620592
847506
338537
401995
258026
342334
432281
506363
284615
697300
857297
663119
263097
571323
532427
695304
151483
229960
569281
919354
139062
905013
650467
243039
87136
283534
683268
284695
198563
156686
141983
819155
4192
996872
737502
778570
339206
686135
284933
623821
383436
142231
803292
162885
229906
335719
374542
381390
565680
943823
817096
221094
848836
983915
464133
452325
267450
663754
737020
466013
820440
395355
801521
340984
392227
539023
119554
247786
741511
920840
387959
124947
579423
191252
804184
809329
43323
695078
190719
125355
638902
524167
346450
4090
508083
326935
972767
775533
990689
226139
241546
811129
621494
559419
668465
530074
614795
304372
777860
356306
225212
165819
997605
320987
873423
801789
646668
433099
496868
353740
558454
652122
877907
421256
172564
385990
748192
145332
161523
738881
371471
919422
66363
509318
478841
734828
39392
93636
39200
333604
449942
780764
15775
447547
101751
405551
765689
264772
838650
778909
618512
397104
947383
12771
334713
119947
915114
82905
265279
76637
821786
153103
512411
404501
662421
991253
139330
218165
601241
178530
68121
567536
475647
83896
531435
93750
5799
297124
358522
844449
592385
493386
757906
539768
22510
92619
659716
937624
175524
441347
14261
513662
110802
43025
918164
773223
34278
573846
507740
151871
268728
575861
719407
744375
176110
767195
838126
181909
580671
713000
542711
173057
206387
300617
229177
228897
393236
888893
166521
85112
846593
697134
115126
957395
740159
33290
246971
290789
607136
754711
959013
392217
330573
678420
136592
23035
445615
974718
721296
26287
687719
264007
715696
410458
80976
944873
155707
474212
350119
322228
75676
196712
535714
190803
670459
792226
740445
917430
83015
863934
672142
42028
256151
519067
236801
392743
542102
198768
883814
779750
741407
87885
43758
457103
498343
124734
401977
170402
115299
268448
492630
707327
465160
544696
898130
135619
336922
154928
569402
936290
18862
241544
978318
791365
276963
731471
184108
819065
930240
584274
115167
187999
672159
158925
645103
686854
800012
563432
857256
915311
831880
866238
622638
813392
410935
37121
465363
264209
192049
34765
200499
727263
792661
695170
518628
69624
942993
219088
405041
389585
803363
520209
577585
991874
679134
739040
195081
995498
818824
568689
427161
650704
434928
49800
980448
362215
603273
962163
142776
311674
996929
343276
555289
305942
554798
590269
375567
497791
809357
780608
887377
129072
817169
981314
637299
12656
720354
832380
8154
539178
401069
435316
706234
352349
1468
203034
714564
121093
165197
857341
949119
678478
716969
504408
984421
788119
94677
876340
285910
420386
173300
689639
549459
990470
187305
186758
519478
424011
535490
527632
963189
452911
479300
185775
805261
480768
905161
36177
601861
70359
409870
550980
265189
643191
571740
765962
431310
666417
642302
233573
86804
331955
439564
152615
322425
626870
855725
841903
50881
391215
885887
530423
360478
365188
232550
682091
362308
137712
718269
480522
724423
644491
31502
505964
287683
119595
271927
718993
786012
430581
468918
389168
762536
908483
58135
601313
51705
913860
959568
618938
821427
845456
665713
181906
726996
898264
863997
89304
552328
98618
569826
793103
743110
117681
299067
547145
237276
570994
782490
539640
517928
251409
445161
280464
676244
503296
398130
727949
417157
357698
863239
754936
719506
528953
453194
446502
943569
833544
52159
495897
932162
621985
289000
191624
256018
104419
738769
9646
191766
37612
549287
709694
289021
510800
506510
481617
14096
904640
209566
947605
778691
589157
218894
498197
118110
672088
461052
61679
505632
29563
73928
954147
651548
879280
145771
423919
983700
400893
433565
175466
438505
499204
885160
243878
10004
391670
725495
540453
812663
451413
4410
591354
40570
223304
605903
158681
411745
583307
736712
917377
612870
810641
871524
780771
206273
533648
204690
189973
934541
154607
365439
889398
653812
766951
133276
663816
674974
858771
720621
487637
826536
725032
595343
867106
464688
717598
542139
876433
817258
278852
310163
430128
605845
181687
210899
812118
231687
931941
518444
682580
86549
883883
571978
256713
167187
221606
436881
842161
596729
157503
846150
423265
398887
957845
290372
379927
675443
348863
256361
492701
144067
82876
439182
749912
264563
166433
78383
12603
98375
596827
695183
701276
997062
783514
957989
164249
5120
394870
522762
601850
68725
885264
541467
467612
843109
348191
847540
34905
697055
620253
43958
841122
703129
483140
107387
484044
649574
185770
496647
264301
298949
708183
481929
812363
491697
439918
492965
13169
351140
15727
131371
419866
900992
672839
403830
260453
21030
251370
295358
234437
387975
339317
591912
607456
822457
699299
91501
988383
401421
104500
769036
700370
812683
250965
512733
820732
207235
5698
833902
558376
537778
481625
494594
955122
154464
898424
215575
691847
666147
27286
442636
54122
882955
34548
177931
221764
733847
269432
210148
135268
890284
495536
351990
219320
746502
864724
40052
953737
386774
390306
28465
440904
871932
523059
396026
542748
421484
127954
750947
603983
671592
193584
174457
554547
228132
352388
776311
961980
138172
502811
613600
28457
998348
965591
247777
261202
346667
804181
214939
249793
710840
759757
690698
99124
282816
603076
641872
220652
247382
392820
824635
435326
102756
999093
989873
330888
867833
282537
292868
6006
301700
422821
34463
816400
388412
798592
77602
251431
602773
808894
501224
829965
568651
708274
929089
851467
311351
87314
72120
75085
996486
413107
510412
99242
928552
16637
430130
796386
815526
239351
318744
117227
662172
353207
933627
566936
151799
527582
818367
270924
336476
319591
100890
905127
27866
546331
756594
855569
633645
345066
447006
630131
274526
957418
245725
719430
490408
675856
515816
305934
915207
834560
939513
93731
704119
389493
660667
372270
917075
479034
159547
253551
314977
776789
675030
859195
323120
947976
714764
473118
809395
161771
619601
83921
635541
865327
803351
642301
541183
835520
948236
972742
186432
404101
582825
406904
793594
243492
779174
227021
238878
455073
996924
553855
231862
671954
413051
71335
619931
644167
544453
429326
322290
164054
29599
957832
29381
349302
600133
86916
184822
64721
576010
371255
985175
158835
294511
295121
918679
73685
522143
157557
528759
35419
227765
276973
223726
157168
348308
843657
317687
892761
789335
639978
573168
335286
114162
602549
684588
230647
205818
869411
811721
781828
757018
796896
940664
51529
92017
859343
641566
130512
533253
686677
682284
761018
963651
906010
434538
311959
266019
752225
721073
571706
392203
294241
906992
22717
413142
591580
253365
618960
977343
65086
917141
734361
378334
857805
302242
470351
233500
460161
117216
283105
146838
799500
44123
626841
705510
995013
455153
487881
747239
176226
59587
655794
986819
966579
678512
399961
558159
931877
535274
535503
513315
452415
786216
891649
826572
604811
878352
60072
64972
995568
343178
728162
311420
903653
355004
533282
898667
810157
21163
162258
502735
80750
818052
5906
563681
496564
405867
121841
944793
457493
173696
458108
909908
476264
866109
252832
81075
744462
829257
662399
256382
688787
390562
84155
592440
745566
617437
7459
72075
154953
686069
91162
752055
504122
97068
315737
517038
19287
953930
978184
476781
127626
952644
903041
120242
335106
672226
201318
79568
501483
863717
852302
190270
254279
936457
299062
516197
70247
306522
104624
225200
508943
195786
493607
529417
292854
809344
562808
828494
763274
540992
821627
407252
9988
724668
527495
345094
396894
245165
941014
414729
625234
793317
604999
395866
246126
904062
912063
832725
726936
533040
57925
235879
728826
67885
281649
538033
877229
844457
882879
156856
901801
704506
80460
911789
945526
124307
256884
858773
885824
197898
273502
511059
507567
878502
906925
270046
298916
335340
102771
25852
868380
677049
778083
113559
744934
59732
167944
622163
904189
50823
295371
805990
755329
375832
717780
700855
16491
491016
75980
902316
205266
349483
413375
229186
227985
836652
499232
526901
688344
602003
69105
73077
279052
847188
186636
23986
423273
870932
162502
327462
921755
457873
649805
193436
350057
883937
410643
882901
374953
486624
785217
96571
836107
714944
325757
580444
551596
824989
623697
239940
426993
209154
829369
706045
56342
16005
730032
995967
403289
408886
323430
841396
383111
973235
34832
733169
857172
961828
132422
748477
448452
917639
845048
800911
632583
170806
897707
700531
512147
521404
456823
939140
246910
286193
645186
819604
818550
891570
815572
221840
300456
139002
63236
683567
628589
614421
933088
2113
576249
65510
266942
24701
499501
111990
341964
648436
799148
239671
865319
311296
277427
322143
766788
524337
124688
411974
860293
943238
819896
675865
681430
636704
331219
261019
320272
959808
875440
769712
478273
451689
351575
745215
992742
851076
857206
334706
15865
172706
90729
881184
354
884508
203327
767143
408845
328015
695469
269138
787606
515366
461356
469036
152070
792575
246407
988694
752384
121847
758407
747009
89888
626334
492225
82630
477410
865783
933688
493275
38489
540769
890812
555196
425277
94139
322339
350474
938507
17808
619613
242465
49526
80969
227853
201597
389896
474261
706643
658632
596108
465050
405642
685997
607736
897867
284979
85147
280002
218668
94774
834843
275789
985586
390039
701067
596078
228730
51541
50937
246539
187506
293402
296065
784827
521255
14014
174724
511868
720658
833356
107977
702060
755350
310326
309797
653217
595305
911296
449571
330325
522422
284415
606115
24361
674454
823534
620439
903185
875075
187728
666076
62582
481130
478493
847409
518737
8860
538485
30606
245870
371842
654935
947930
127192
965261
774079
296762
76918
201727
746333
923596
724150
547100
529711
748511
737907
353245
885302
157444
744672
73030
823520
807254
70512
818365
171016
105601
343577
709501
136207
589447
597695
307494
53730
241240
272755
827809
538002
866026
29537
800687
789622
270039
864140
319333
534902
602047
188930
420204
759491
933602
9586
99363
257209
80098
917728
944577
185699
261306
654078
838259
367105
768126
145753
420835
9366
934861
248645
63720
800887
794534
380759
590509
580925
244899
426194
115827
846946
131476
52383
606437
581430
61969
222152
354991
658419
656233
299568
360470
433891
469999
198729
800996
754477
860835
221832
763843
795696
986829
343915
112935
297715
724674
219796
878640
485926
162342
510819
332872
293818
563202
455662
391600
625171
194166
746592
799942
850399
562512
160412
284290
548863
359142
601639
303340
736329
823471
67183
532025
326652
927450
161312
624367
168477
381108
19359
654403
543450
530178
503627
353620
609732
475641
261572
751255
669808
8164
551197
520207
87029
711609
320850
635892
587103
922489
939233
323432
262312
522768
371809
588964
450219
533121
729683
135048
430581
265394
789451
974031
311924
809430
844003
921656
285072
105576
672911
471232
630092
740460
507791
233473
452069
828641
869366
555525
267482
324951
878957
529794
847719
250767
635110
814290
300240
364793
465690
730822
146539
255141
221205
458463
580924
65209
380119
865996
687137
569382
337228
833581
309842
845019
67055
278264
190013
452773
833789
457495
777724
229098
503642
141795
479865
138752
472438
780106
19898
938128
27280
166437
709622
248485
624901
290546
830046
521372
672894
33535
607107
10122
867117
433301
371493
450524
711565
561506
903297
61706
535354
197373
290805
38996
339168
287022
694100
327958
583480
713998
266087
610760
396788
975709
859246
538041
782607
205644
59413
455501
239180
182872
981975
622649
616174
353468
73173
327739
431327
492822
905798
966681
690195
196603
522029
545715
999977
216129
390026
583458
446480
656113
710570
359620
148174
86168
897661
447133
291813
473426
902634
530993
656299
884609
669994
272473
754429
743167
116564
185756
752341
22362
668789
958888
735317
190818
504603
735295
923300
410981
835105
886132
67094
545675
245752
731620
631844
143413
178753
923657
616839
81387
971002
273138
482348
640996
545611
236778
900515
662176
422534
652856
200890
607676
611744
936208
798494
632699
187855
238146
43681
22960
124278
627127
84987
370030
875100
716831
513443
53853
156840
130283
651593
644194
919773
650293
801542
465385
887071
702057
643913
825958
871265
844803
433634
999361
297363
748480
148413
485218
986627
708446
24530
110905
851925
109518
480936
727025
342701
510731
297231
499542
641014
465176
660088
77140
115469
461631
542525
518893
680040
702790
344851
67658
63945
294837
583371
361309
43317
731784
362879
29944
956582
387410
657202
808508
13280
138138
535533
355981
165221
349116
371875
322588
814292
31964
399728
446114
9947
942253
965007
206339
161395
309858
273997
225340
604695
857369
103001
164364
105505
465881
710661
62088
369643
367863
870596
899275
22353
922481
255256
187574
787950
143484
510162
602242
691800
909890
48356
218099
368495
13363
424438
529890
839573
214788
271583
960620
72157
374584
124985
694014
356817
835646
756102
726460
719861
143050
625735
742214
581884
397344
929788
369834
540828
956303
972076
748980
866193
536785
967079
751041
66500
391517
797283
906074
606305
68866
383046
194814
443451
508031
888829
800268
860029
161283
43081
579890
820686
185168
322104
402570
582512
768245
772404
123340
724548
260832
872320
107093
797617
355751
374486
864118
747269
171770
286544
353574
756988
669590
64741
716791
693974
953570
517060
554003
631205
76493
650246
451891
261661
488702
854461
844174
773299
143217
483866
14199
404050
872539
121293
718019
228290
12131
98489
491911
183901
385033
361838
940890
570976
426579
657681
264950
896501
691093
335305
527706
283938
501903
495950
545600
990606
350411
906126
763905
9981
906344
778105
414031
295235
415750
132050
523526
427881
746892
531789
128135
131925
893627
69025
219253
320206
243058
555
216707
450504
335861
260766
734442
837764
756716
796394
344722
623479
702520
108628
633460
125217
886733
47491
420452
818835
695894
460330
246716
959138
992120
374851
607415
885747
960228
826669
205954
719639
827224
939013
170143
679437
199779
420937
517202
956495
217332
378276
579975
436204
486904
213435
561421
889989
777279
498226
708824
989525
958556
471893
948663
950676
846744
556078
836424
323325
382747
558730
42964
726324
497743
729459
405761
697523
666748
439315
170370
884080
817592
750345
836637
820848
480133
914410
710838
257412
412636
419662
763289
887545
891555
711952
354573
254652
784382
707349
94329
683482
266079
653645
409806
280175
383104
331919
494050
566204
771235
664420
450285
105179
931118
803274
926027
411251
234036
153217
185015
163025
572880
948304
50570
980787
176608
405143
751791
477342
112493
362472
160824
894924
16117
570630
175099
915573
418902
185501
481778
706489
849922
448415
811668
781040
768041
254047
708643
2077
407265
893658
165102
496497
358314
732024
993636
51274
653520
745428
528616
766013
624252
689441
177289
640370
776423
868741
555943
195325
54242
554073
901814
420516
2488
229834
201556
770529
483882
910199
288959
407499
320209
454061
903996
678523
186086
897632
729797
839606
159412
258414
121971
783665
947855
815612
940387
240630
684353
12682
435956
254948
566756
854122
675464
85596
83957
393373
856126
84191
303572
145085
491690
140134
115498
912038
818657
817936
326022
64807
173894
485435
323221
295865
785452
787428
627830
725839
28058
312183
738521
980366
83483
821629
834489
758948
907226
434798
668673
279704
518989
972245
424789
527031
628731
56639
955421
447389
874576
281443
512196
48470
283230
351769
860688
68682
139197
488518
310873
683607
317053
565747
663974
916889
387376
498463
192189
294602
933261
860862
90658
968602
349459
515447
11985
978191
88439
967406
425580
963015
248849
454128
527837
532080
805897
904877
117114
461446
393395
427988
145053
226801
510087
325379
143690
897463
823842
335879
708418
273455
196741
799076
758409
546200
830876
770394
40743
919315
737800
466323
398682
503002
436803
442871
35082
242700
347749
152196
220498
257496
96536
881904
484297
606623
207283
627987
20439
547478
480218
245209
820933
676959
44285
579343
739512
391513
866089
780255
827180
603890
762931
742214
106892
199734
185086
658326
958787
49187
326874
695637
306683
423411
577541
307333
546386
784825
451672
566825
332303
931891
812034
669588
125202
372672
765283
381066
280537
631373
161322
107718
751615
440605
366284
374859
156691
67722
33185
115478
116909
876411
811116
939945
299822
905009
247278
362561
689834
698950
445738
22137
147193
774125
208078
272396
146797
973361
653462
943686
604734
331136
567756
872701
771741
934041
247560
928433
1763
797097
560263
635025
673509
887731
574970
489683
792741
822248
852244
482575
37550
297983
21065
184744
588460
229143
457140
251609
718856
626954
195295
323591
958091
763052
196292
246184
697093
960205
690969
215208
757302
251233
850233
430811
138964
425203
920495
448057
763803
289091
446985
801354
103426
468050
502450
691886
213545
475942
459847
448753
102896
655143
288696
577339
934547
1341
823524
631640
961546
514493
363200
718848
282078
213434
666012
937395
154989
102859
385452
918793
391950
832437
236499
11729
816839
738949
219967
546736
731243
679815
511842
834139
334958
800538
927831
269505
801879
267707
417497
763425
782200
297049
998626
580631
510483
664638
518026
665473
283849
419830
100618
192151
768620
337117
203880
101811
592418
423848
164900
840013
620015
676742
190504
954973
477280
118335
740830
795512
386042
674679
75289
684595
971728
73915
265226
998564
254905
299604
664037
55106
235786
281007
247258
4406
134476
451138
622570
726894
391338
787470
83259
11353
980564
273763
482678
457844
392099
739860
769708
294493
414539
844998
979088
902620
435265
760666
901184
206523
576622
81573
261629
812409
362580
508887
333167
497056
960026
955737
740302
867716
259559
823561
879070
240123
97324
878100
214320
5775
617961
984028
300269
548852
345378
795709
451472
780644
72728
352656
987167
649350
434229
248796
978111
796809
757684
311279
810217
234062
783368
550519
618130
42928
374080
13552
283051
987757
891653
13723
993532
25966
997752
810153
574818
859482
605863
26291
640126
194943
895299
143645
844293
329529
392442
822405
642690
666478
650036
452908
416892
433404
519779
551374
476332
410212
564927
275736
397969
972932
289459
907853
998898
803563
718007
573716
663046
840222
116359
819524
35165
11659
963170
395810
857540
871964
734567
500230
54794
384603
469490
471686
818008
989270
23060
810692
915834
104339
602780
313803
77271
892240
738008
76169
212155
972367
166238
391553
812589
282597
211078
364106
810608
174248
276269
668148
46212
10836
684731
617358
395440
670573
605396
729800
176195
628456
540492
92029
249148
143273
405832
326419
551865
660193
918941
764020
632560
601531
155574
961502
884128
366652
325608
211089
57252
118229
879237
619816
129066
80320
237174
524506
750894
842570
254306
927089
987378
311150
19119
236526
454423
941303
79298
522640
601496
514591
286661
750409
116122
958587
711911
516602
841591
553871
727691
898843
672101
606929
35011
801167
687249
788537
842025
954495
631107
612683
881585
134837
923833
417056
887716
894609
874711
483366
417249
992560
997957
220262
742969
114079
178849
454880
630681
536792
525103
358373
951987
197204
481654
986998
514723
685255
775535
873100
639751
922994
485783
37688
57832
925969
971096
461900
336930
845807
945266
270531
354719
943223
490794
97688
573654
185995
68920
720687
722788
594024
595412
674775
307580
77066
178126
822304
278674
953661
695404
434777
393008
697540
472465
967192
139861
959913
429092
476791
805720
374358
747322
160440
833933
754468
774480
407587
456816
843401
128274
179604
953777
240039
370731
261357
317105
548857
83661
112131
18871
295418
546908
411879
992958
535725
379071
132819
495638
324515
125962
817711
698873
389636
494503
532806
144105
268983
456745
117273
628736
585019
296877
582513
825058
183960
360223
658516
249170
960236
286999
784393
255654
350260
196272
764964
402337
91695
414135
414328
416210
56449
232039
631435
446086
242894
164241
106543
511877
620986
223816
656966
722357
37045
755831
63768
737357
116054
238636
986527
592643
525635
770920
364649
875895
483544
645966
794585
91591
60101
208913
24153
632903
440952
655588
78989
200198
336181
701884
712075
473519
442052
885393
195877
479097
641225
775997
732806
273631
14633
719334
866274
56620
6606
230924
448868
6503
876890
243453
98094
453343
452366
122248
86246
409670
294188
681587
609868
630370
899823
838295
103889
341875
240041
816118
337324
881266
592115
70131
671249
123100
305817
53876
696073
312423
801152
144941
318926
678042
904746
933373
647737
873464
55621
250336
283134
349809
448275
409354
496531
348099
247649
600421
206326
4042
416539
543651
885308
525007
130134
72910
648107
435951
126786
860532
264726
927938
5473
100005
122332
426571
549730
286421
300035
605351
536757
583169
471512
985033
508875
968044
849484
272877
84817
55810
276919
17708
115813
678580
542715
762299
751490
707175
714602
394628
567707
495681
322566
89533
595686
961250
516104
661768
247671
816140
267119
300781
915661
254983
802166
424537
739379
651650
697414
340548
223812
974333
358257
855978
169265
900972
618277
920755
124499
332880
315383
692207
828561
154301
298092
940599
631903
814196
602367
879575
630336
385838
180356
62350
157173
498874
486887
412905
150524
700653
753453
890688
191338
111710
746666
360604
529035
881296
281359
653534
214176
113095
862093
559089
783748
160185
16040
415652
974382
618407
811579
121070
520597
508287
183420
194122
7161
186659
607027
157685
887312
360481
564725
595003
472191
311392
955607
1226
709040
753318
171113
923216
382765
33206
998657
166514
193392
14697
582166
684126
149456
910097
805196
186405
418384
504969
380527
425545
691628
987555
99582
95293
348036
664307
690296
336579
492051
162255
337806
201091
915573
25271
640659
298339
58477
155668
981205
251869
686717
79723
935995
352525
989820
257544
538930
924556
762513
435810
350101
970493
423365
966035
582138
287753
146694
788786
624332
155098
467393
478490
872541
382967
503761
29553
197658
562239
185221
695215
330460
871939
774938
782808
224464
281110
556704
279747
205666
835569
715557
555767
322414
138922
38154
904553
943027
184848
209691
567359
339946
677085
562202
212488
576404
582315
242041
774062
144554
943614
985629
991367
815553
760567
290527
556370
41677
847231
836117
247343
199152
68026
319462
521566
723300
357616
426119
666327
542464
152163
750038
398763
829248
312240
127603
405652
894556
885996
696066
555462
829610
681695
63181
161516
958614
870060
717886
291
717291
70355
763986
916443
654733
83448
954362
378033
957416
380481
560712
16232
532644
310750
414995
878244
139343
58950
283896
550251
944946
496314
105713
774557
178009
685247
452425
136623
555307
686663
653266
788951
273370
417252
221746
928103
500700
176108
306136
458116
72942
383200
990701
121938
693950
405696
183
833293
464647
800431
383544
925945
296746
5610
700502
991107
207209
152927
127731
762516
839590
780997
551467
629312
714602
773214
557415
731654
465674
379903
706123
538616
763103
696824
660555
457054
102520
660738
806699
83519
977521
706596
9465
274267
228558
226319
265375
435767
895599
909458
198283
251541
206807
266103
880854
921409
555669
954621
653064
21343
334525
359187
559960
97628
572363
736867
71034
674883
913957
394086
274755
891478
617034
800572
682098
845592
543243
947473
281359
438842
373283
995994
206736
580090
262097
87590
501500
817766
42211
670916
355462
893088
546455
431774
507069
118818
684993
578103
310053
598950
488541
101160
6780
105575
901732
688878
951167
444976
152703
748878
400170
525986
744873
606906
106077
6970
210848
123929
341089
769412
311197
212903
662500
374004
644677
169569
492822
329670
264025
319227
444972
752566
420388
451752
374494
322120
656983
842013
283448
809686
590892
683619
852025
335765
806877
474454
859087
17726
598383
716528
787138
425932
929431
965990
799936
90460
651912
292758
420130
915937
128337
381454
184855
548725
833207
559349
870846
490190
401363
670646
816228
508607
354265
668253
844372
161143
142707
219811
695221
257442
936340
998711
683374
865771
964701
999662
956232
616613
808772
892714
48902
937110
274169
750110
485835
623728
309459
873033
113918
227174
543680
446498
735781
414297
114752
96505
575440
773811
316317
787013
31254
769009
785724
230980
151132
266778
230643
623716
399743
39415
516431
448646
976525
306952
715108
978713
930680
540919
851746
560950
768094
395426
7448
20227
809724
638552
633085
901516
412364
465754
204882
959970
234763
990606
190950
385895
773736
421593
9612
173480
977361
42395
138478
470238
349347
853586
448951
796379
394505
300698
873681
678951
212476
397481
215531
538552
36034
848616
956421
964750
830722
161303
924720
581837
668261
115670
967732
441998
53616
493696
615478
30977
536091
270308
501215
401790
123894
950167
714521
34751
767217
588202
230055
496045
985684
445586
34598
538070
810554
507371
502820
641276
668674
427540
223113
336935
59562
707197
778933
113178
200894
910763
660507
253337
697423
161723
171480
337669
628242
886001
372421
911811
990556
602476
407856
976240
564414
958806
30662
374968
466177
533482
532596
134851
477374
272061
988139
536936
979258
283424
650115
696504
710540
826974
466194
407963
988697
154026
745633
133291
556379
634406
561454
546935
753234
969311
39527
317648
444469
70189
208968
426999
120023
741564
78202
597397
13625
66341
650686
509235
866118
817153
722092
576658
644127
188286
984621
632825
858664
246606
282468
415043
881012
843923
478331
150598
329586
517858
468246
290407
104400
677214
717406
740775
935130
795609
338173
465107
861950
988859
974343
728068
806012
212787
821078
450139
917425
322052
599316
776089
568658
398137
191132
966023
758412
185815
116621
87998
703674
101220
378405
324426
294786
95812
65201
229917
891421
919726
211376
269723
424937
702071
514144
230949
914858
335222
197441
832283
657274
313109
608372
742285
711246
315857
224660
469658
501672
857633
74008
721698
958853
452414
562476
769992
64578
627678
516261
472351
63756
727637
258426
488694
429709
772570
235995
860919
624145
433436
693203
797771
746546
817927
540056
974144
650136
281068
443803
668161
655054
34163
906211
130259
486577
468688
900251
67507
612718
416512
56210
676474
144150
314637
165168
90211
603559
401164
951130
227704
350952
160685
25476
613850
494965
81884
587995
145101
879305
548150
813262
534359
582313
719474
664618
585243
704514
564870
169102
317232
497734
225313
993706
641884
539950
675227
248447
143509
592743
715930
887566
460047
876615
913042
73898
371580
511278
661893
33034
390583
726395
362648
924942
308708
82122
589561
410303
302988
154431
579406
620220
652165
321071
130279
810402
377373
321858
575201
520882
914601
291131
924800
891000
167747
837842
964898
55679
349121
143143
88713
256056
869538
451362
180999
694599
49836
770560
621254
352825
441343
200660
489397
609860
38083
619676
420262
415456
457886
511816
452691
888839
802947
377491
779840
487046
215334
744738
59078
80807
887882
147791
336863
273772
115505
34214
968371
681694
804774
105978
550871
762469
306638
40268
372330
344722
176297
308944
760178
634183
820760
729221
523023
140060
106713
819215
627106
838399
563953
202536
919206
968187
866680
772421
241960
982185
322988
726683
180231
127762
832661
731102
890232
655652
771371
778914
516726
947668
87858
793256
98203
424971
522478
137578
565031
629191
956793
708489
467590
520747
911026
903148
5286
777706
191921
247246
276243
514909
490282
456475
159024
839295
703929
565608
494947
475300
344522
11673
939320
948732
804930
553876
373703
843760
691454
455086
472951
648248
163576
456893
685347
590954
360041
206985
368660
68314
970584
161255
583224
460866
134082
742248
300161
838012
824208
311461
829664
168730
839486
285337
117462
644416
839213
7518
4528
530667
462604
477479
695267
142532
934372
896966
733486
810765
620304
618498
879080
590888
779754
462304
568106
430188
720904
868267
784552
545112
696080
614217
230194
535567
899554
864008
696335
255119
871526
700864
302138
850483
178343
513758
993015
629068
410724
726502
439833
547380
345000
835265
138268
641106
813921
706374
71295
534825
90994
372199
596289
787074
986416
342835
322641
402322
206844
18977
657441
78370
719841
959580
445205
414536
473338
438221
43604
400414
164723
999790
947795
26075
351407
86063
667182
165329
308790
254829
216506
399784
627028
329148
186858
129797
671983
25852
532119
878827
561181
705913
473550
281022
665493
918755
211910
655183
356976
771867
55597
38051
771657
519744
580479
639416
122160
764013
804745
430950
18842
21252
347086
162222
350400
533944
808371
22383
76148
856843
417563
637329
562756
891113
434703
744601
809868
646614
399784
683197
418481
971733
237600
706490
7830
818079
345906
129990
98444
150652
560940
633638
688256
908026
795861
555008
958322
120584
577391
550823
977427
511306
188152
540183
402419
622856
801136
728640
269470
717272
411837
204303
205358
165789
910793
213188
500221
256699
343178
598665
923703
420470
232304
611959
844848
544517
683319
319522
665101
777063
870345
158881
288369
574850
215416
690789
197706
16553
419429
983528
733825
347618
704183
939183
29759
614976
668723
529980
388027
528253
644998
311731
948723
877302
440042
309923
938171
639714
629446
603272
416777
16143
762153
705146
590993
493922
395935
305051
510475
331716
804931
760652
195686
509114
216188
225446
640442
884911
271778
28470
413165
916776
856553
878240
794078
812947
188164
248601
452661
333962
851874
869438
350105
130379
574585
457451
624301
486872
278854
651128
334941
83786
411781
530627
109252
144321
272425
749695
29232
544204
778165
958749
460980
151070
836990
771411
964017
541506
20012
933031
875468
388238
802469
741925
34970
893406
715728
175623
896631
994583
826752
747924
78369
754885
278551
187621
899206
67329
453668
928438
611533
231833
403540
588865
899255
240530
876628
379625
298388
412993
312656
690208
801231
631477
432133
836201
524884
664214
11825
937867
658797
354929
685791
253518
109814
480694
957491
9020
64375
411160
453810
675908
159345
857350
781126
58601
614232
657754
438226
912620
70747
750882
602828
388331
382359
551314
740884
423595
215528
752709
877814
390677
623990
79957
644195
733804
77004
601686
742824
141379
529198
196635
333640
688544
570337
114766
263497
184570
288872
701723
613542
875972
968957
216371
780655
867668
284037
521539
807616
15917
790601
201782
406594
414591
281740
567141
148396
358744
685179
407572
16475
214378
604207
350115
419274
174545
981233
682771
875467
786458
900846
489009
662430
386155
221732
959437
253823
505769
480976
577791
38038
787929
779574
444632
202521
577666
528125
867269
452762
213305
274841
469237
427683
395401
335705
363309
86298
316938
46080
961765
619748
463278
967126
282178
849433
188859
757967
619608
210980
238944
713752
249019
543225
9678
210003
745746
587344
738129
129367
556458
951434
404209
542047
895469
315962
877752
258778
402260
711043
304858
880377
330791
284488
847503
129322
133921
36362
887289
269881
247343
642585
983633
12714
185811
993311
222717
447909
97007
960846
577277
169817
912280
497838
711865
807749
813800
105969
66527
732412
333364
887737
612789
180508
688577
976644
309830
338850
13007
713471
608732
776702
872409
592365
305768
574572
102029
528485
538833
715388
489332
632462
885206
917964
130300
113423
242066
944100
219392
308593
192864
69109
712683
805653
249617
917612
782298
75799
256463
311657
789270
865195
604711
178031
973912
910479
752603
592293
438964
807789
307682
444648
440251
709240
362613
570552
822663
604679
31004
558407
429624
223869
627516
658659
545874
877133
576272
844524
952932
349087
672533
258555
214282
277244
436586
704546
704075
705542
296840
659392
29683
120874
104040
469934
830114
983005
556838
652777
104036
587843
211184
50013
328064
355053
225024
390290
232186
801296
234815
701471
666735
907348
476378
881017
700945
429316
585564
405020
651210
398756
64412
680893
519630
684805
150828
349744
184162
707666
2521
288199
811861
730057
338212
656277
85110
563236
46568
833649
880885
797735
51472
547620
705083
527850
944990
922380
957166
46906
327401
608377
445662
908165
289270
481644
109322
956450
831388
293485
180469
350261
581684
508682
596670
436248
164960
198133
515836
727880
31782
913073
525615
83254
977046
230698
611104
922036
669431
568270
485294
513184
692999
447308
421349
498622
928952
47024
455072
276692
340509
151893
143305
438545
660576
739975
391145
341888
938108
423333
69768
486242
336407
595383
569496
313453
342433
696952
751841
11864
781575
237135
525048
474574
200795
462750
973196
646099
509774
944621
922791
366635
96514
66096
321532
273442
322423
712677
615330
776884
136010
685098
263126
988769
280481
348975
818574
139267
45927
570415
151131
343854
323902
192532
334781
41049
655282
824329
687148
681408
768950
609939
48043
381817
192387
369575
655259
31163
598604
786942
808047
250966
472040
587525
239736
268874
452852
574662
924493
15132
145078
75624
358986
985332
268156
693767
26382
439790
518097
713530
121198
803399
839822
685593
701568
548561
55168
356828
579724
170124
660122
904123
937443
132162
8001
693531
917388
460853
268193
841881
475985
929623
433858
351324
914956
218366
561443
457690
658157
595892
687572
295707
399292
527394
981301
100860
75956
552821
974040
172032
722946
634162
592508
660389
282677
600509
870272
716417
577714
138465
74651
53700
68089
508509
921376
499397
726875
482819
957087
901384
595064
644659
197092
510708
688406
178393
611568
280714
731214
101961
452746
970512
252475
561606
147253
51504
162115
17525
767922
739830
155991
842573
309882
740432
351082
231258
239829
594309
230429
713268
12046
825493
874279
209138
336201
79037
903883
464122
359751
635097
82435
328850
605610
334910
890456
269215
386415
568924
286741
670689
308754
959084
513262
134988
699516
380696
366246
455697
491357
113027
685317
503403
454873
75948
712541
307426
154986
616424
287900
31089
767874
370335
876291
889836
221598
766748
159051
124365
335672
445792
795054
160778
404876
308316
295766
620744
689012
178364
76441
696721
807743
278110
200125
262616
354059
429018
86395
509045
561795
374295
56486
329669
744631
932778
219505
966229
699526
894908
90594
551550
857053
402000
228680
261929
710316
40798
399026
915680
219162
991819
612401
543257
269930
328878
322226
623989
757897
408621
649386
319692
782916
705872
649361
43899
638650
385218
526480
854528
280126
133426
406078
137179
535426
151110
915461
762094
191908
314487
677774
927422
822658
806528
470680
92588
135406
792906
716577
893303
717879
365963
212995
500795
588188
378708
61047
226838
280278
587527
81367
76757
720954
3797
730288
772732
671260
162101
534827
863168
476588
728953
306943
815599
535481
293975
908187
187240
603233
624765
80543
321112
507080
809891
338259
611620
704951
399306
838459
985230
503186
436178
61987
224140
956327
308627
513224
143939
470729
48051
523460
463669
777005
830403
279268
828838
124378
187456
16078
727611
328573
612974
565075
352005
939217
903334
963626
644168
302641
318437
145750
322179
270967
724089
546319
743646
32717
575895
887586
503446
623947
411046
967115
917304
757801
762736
746142
882179
950192
762221
126142
278765
891547
691217
147122
830764
110903
110748
991284
929896
945537
653387
252075
216504
377476
314746
476503
926545
890642
364089
946343
514589
291487
429811
431893
49288
192547
178035
931467
142739
456608
573961
937856
864507
781530
84978
695271
892433
712079
202908
822330
657616
856295
74405
390473
750123
389152
866976
193021
279794
747417
139364
310735
38904
569175
742628
88192
278074
437015
536011
420813
409976
109972
875021
274483
891502
476352
486107
783935
188431
205367
122617
362399
61662
197023
269224
328137
102527
136200
521158
382321
399969
660523
693056
438873
746050
952036
527065
24125
905403
63076
961290
831731
689400
352664
106215
580902
829016
108674
881190
533799
314041
3807
412550
892055
200830
681775
220192
303357
334327
257703
202030
734297
434578
411438
173170
180628
879826
216588
721105
785230
279664
198748
616961
969065
67764
239528
66319
413132
864554
947509
946931
178595
467669
875833
70650
668499
73960
807195
488209
924640
64898
206591
658937
15828
134382
348459
712808
14208
81399
433914
315790
361064
149014
932752
846481
216778
688632
429152
629910
553187
893014
93193
248134
360683
485378
835137
545534
559339
642332
550095
483979
223582
756687
659268
239410
891069
7727
952218
421629
89127
902484
737420
966543
567850
186524
329376
300980
875156
274880
930890
944695
167894
540435
192830
528577
25814
27967
74112
101505
186651
624207
585484
410233
897246
244752
165995
304667
768831
634565
726297
374310
53402
980069
857205
621252
166593
186581
922233
558101
461462
369475
502797
145708
426263
695627
674286
452077
239946
264750
553582
426597
405309
655418
353182
302556
416522
35529
123575
185353
670094
366224
76016
239848
346293
933221
377453
29238
636155
816038
587340
613969
185513
90137
759677
128128
302116
950315
96557
542062
215065
650139
968659
620375
821909
838193
439283
238431
873722
562858
940137
60168
929083
16153
300017
275376
949374
677470
304615
101881
493508
408307
715850
195373
498444
475528
323502
316912
425843
420059
858974
157261
586551
343985
777636
924812
182178
216919
679596
572252
779777
619733
632420
225212
635886
932437
500589
101612
126259
321556
203494
136119
729863
435696
331493
744659
427576
171347
61571
369772
107758
436897
527033
210661
297234
304669
651826
995764
37940
331422
568016
334069
951155
200436
559282
103393
132874
576223
721357
775485
897779
441203
911605
143994
876900
243098
888653
304476
930797
466576
674248
554907
903473
717633
765569
200707
538654
417395
712823
576594
748817
280839
910664
216324
481275
986298
319717
130501
562521
41074
905987
460300
482278
817592
604294
875530
577042
9299
696358
24191
475875
886959
579098
895700
604592
861019
612759
143247
794766
325582
236193
59935
606421
663209
276259
604048
649507
112328
250902
212028
669755
673241
188680
668385
490833
309326
543915
584227
318625
240273
608418
310852
643584
703868
206552
248177
564888
335663
907776
359654
661245
143969
419590
784018
323531
212201
904419
973038
324530
155321
185067
510637
828562
373747
179022
835747
683074
722937
936326
518051
479562
61096
828904
123147
764964
551808
887676
329852
887472
795452
205859
65069
455773
141801
365440
779304
870354
269859
268695
711236
941532
970114
221873
286446
860213
400895
638545
543287
640184
574871
577691
119747
635967
922947
759246
917283
474755
646922
247136
878579
958726
969347
460001
930851
111148
825441
226508
981502
611652
495203
692739
553184
465317
430964
355982
325530
831860
994527
385170
988396
85750
962861
624495
238069
402160
383741
155352
876915
547015
918840
271847
22093
888187
731848
952945
515687
557289
179453
13542
168941
191008
222633
238477
172677
653597
594459
498207
1809
105338
399729
990206
707440
878942
614701
945509
281102
514795
617213
158018
61810
536054
946217
83904
940593
678065
553201
972633
235354
249006
986175
920647
440014
208808
675476
612691
378757
269935
627250
380567
891625
26980
887125
599065
422274
501826
544574
703377
16621
678139
377747
594784
214193
323964
195040
671139
2029
748241
643772
753735
513599
629947
190734
953613
355107
866210
82656
250216
136145
709906
630783
544122
253238
34260
143187
675513
536087
204113
895242
69060
882252
272989
180196
612798
113305
375236
283937
115334
639829
927709
385421
669780
74008
576155
623393
945467
442365
222401
195683
94862
448660
342819
638984
218250
377079
298523
410115
429518
502636
305357
14931
901240
578346
195127
514038
691651
86716
314327
323337
242897
758388
225110
912678
832396
801265
52423
294215
759982
274825
489899
371196
239837
832718
10180
458087
209797
825055
868203
155668
844043
173560
170599
745284
268259
365726
775674
476262
968794
606354
799600
211692
364742
541062
124370
713491
342328
693145
7706
618662
967970
497605
989859
724159
846675
516391
182247
572825
341447
566802
728493
185490
740362
899092
447126
524973
781170
739153
1236
749965
345507
317188
478009
710249
858250
602379
423740
716930
295524
431447
335593
779847
445404
325452
20358
292080
841843
202605
381257
183290
769407
109750
885133
26122
525194
848611
551095
306364
587764
68683
572681
933271
902223
50690
643521
760474
169421
583613
993756
981298
531412
329349
761145
976817
171153
781503
785249
12997
500461
166506
712639
786220
792608
114124
812342
317802
962736
879790
140518
550500
464825
713200
483772
367049
763890
127293
643875
449664
710906
637631
430962
242319
483333
192107
735488
654486
489962
37089
667483
506775
203595
896475
292996
512555
10599
621690
830357
973335
17832
487227
523836
482658
200427
7608
366059
480670
651253
9934
930334
878511
163917
361296
120830
647250
69755
372670
301737
76069
409759
485572
582845
129706
382047
392193
642261
392647
530235
988970
365982
548068
992550
406170
547078
192977
930130
913137
189999
581383
923071
636685
459895
603340
997981
97077
250591
584088
986100
552328
660158
395859
554252
759355
41918
936300
667900
200531
845299
198135
705854
727633
262555
698404
133804
809633
891381
63934
722770
597733
161670
162193
234418
137917
765534
748752
751346
532477
332840
737446
84805
509350
649658
155409
268705
207928
91709
452957
408459
453360
651093
114313
180994
913648
812717
831150
723282
220451
411436
962404
818184
573106
640950
568954
227375
406484
317706
978722
938961
650547
232520
540118
159897
398530
211879
944955
606458
303589
397912
14918
756949
565357
645583
454295
479006
974653
285445
718640
195104
696882
197396
529640
786340
838346
98594
13716
761182
416301
992438
216495
583200
741310
272965
743097
139841
484845
204404
746299
304786
118669
277569
61735
684026
439505
32383
679384
414158
317828
398024
609262
14710
595421
655254
801051
950119
753848
331119
711302
686501
839909
927797
269701
581219
717115
529151
237412
201960
249907
500064
506746
368576
293985
84833
568955
733490
117216
248339
147648
435045
162716
273262
966107
274489
928516
283510
224608
198717
614629
935910
401570
970890
380060
187624
552110
97175
716775
305874
815487
483034
805938
322233
851611
99924
407066
420566
833414
524283
185257
497415
475680
347973
770677
958139
622462
215546
758002
847071
414263
888983
299333
815833
859874
195745
519809
928336
809272
236584
234210
624759
235971
556501
946992
603934
172777
870411
540852
6191
911046
726109
19958
903078
74083
790636
861217
696545
522534
619219
59968
936797
24555
359302
268982
884429
71399
788792
812765
880672
541728
563327
505431
294051
119828
968776
897985
292605
355539
438837
815149
266585
164947
351459
169663
755382
142095
30880
968279
180981
166452
28248
117778
191007
903902
903113
591788
975301
208257
920905
372325
266337
484232
394109
560389
120413
879237
458374
929370
234776
413564
260871
501361
578511
612331
671024
850245
270778
218256
818524
451760
901060
846772
85890
608419
267026
505355
200207
758680
229964
121112
131005
496302
121697
525114
56691
758462
404351
31417
204184
639127
444981
981408
656840
539844
110091
327864
390089
380869
62473
724966
348981
963533
88090
951224
571953
355117
972931
288512
113797
202896
925977
761154
699198
564026
802621
272241
322488
723324
820010
43024
878804
264992
24432
535644
321188
134523
379861
227630
31745
442334
952596
897078
405867
557038
364654
494172
912155
337586
299037
542304
540482
225014
819811
756032
789040
622432
544625
627880
345756
364635
670904
224560
145979
211689
760205
983520
346212
140066
211150
894309
98752
680098
307740
20971
237136
672394
515144
665644
9980
814181
207948
66814
555547
27759
339198
344587
166543
883823
972467
512300
764811
159723
253212
427142
371412
529769
410662
233977
186187
138164
644638
284939
818262
952378
305911
55399
624773
337407
721043
151105
667940
445343
734272
223487
473103
73470
84426
639646
473646
573245
668298
754809
732968
921511
698303
104381
451280
108966
854710
637468
247130
499348
922407
65393
451727
744670
637144
592852
598429
358187
260309
266369
319882
994581
6208
309337
584404
606986
465336
574402
180231
133634
845563
913200
571497
543866
533933
22778
652832
388643
176598
416315
887991
615357
481708
856070
876380
635204
448922
474809
509743
709232
257531
829625
220165
263739
138963
804569
870726
604299
895323
567309
254285
740886
480509
825783
284753
14442
364913
453937
403085
541511
870252
291077
673220
868312
147147
549600
503516
112422
24410
13259
338006
281941
359237
558171
62032
14552
879093
449110
618851
774416
16420
389488
515303
496929
215271
316408
27724
96536
770345
430809
638047
156950
238238
311268
25262
901738
860868
45131
14160
401630
574742
352166
683571
933979
426689
261956
948531
305782
711066
83734
80199
727486
989575
111854
740768
204846
428262
768492
301383
714959
199301
455782
871909
953892
283402
897172
855630
144271
458655
386142
62253
33397
254660
745825
483729
681349
7781
948612
503484
235199
32347
583683
962686
21922
695537
219806
743120
640151
988298
560855
355110
703951
532990
227020
657843
816392
640544
29825
477015
99199
932319
539269
648948
186979
285094
132677
384681
809227
81290
404517
44426
629989
988200
523464
168263
200089
743270
911383
840240
247920
988591
711702
951872
521581
455074
126067
337973
95618
672245
331341
711169
604564
870610
360118
307896
672056
492795
208929
997635
574085
613446
42061
720426
117998
81878
888689
318087
341500
316425
674679
589421
305016
902733
57645
342949
357808
700064
197274
453426
372309
528615
680948
493226
399225
41066
801122
587633
50213
526403
585268
140651
656201
143682
861077
774199
741912
749767
608638
83412
66192
799669
672833
887560
702402
246830
230509
60210
946895
427783
29989
319204
472751
710937
812430
388328
268355
129904
975962
834920
172659
77582
975571
828860
737616
353001
119411
479528
619120
244401
562941
685312
44070
752126
89224
746473
998957
319733
323035
945852
263868
353024
781408
736619
580313
593839
641300
365020
240095
617262
199941
929107
211196
691864
274319
948813
44865
393731
428341
663985
638132
991282
865649
198555
743409
954873
945028
258718
790958
784415
204570
571179
137440
985978
824150
234105
96169
465450
115478
852617
599064
315419
781724
810261
523635
572395
759074
84853
482478
703767
748838
636963
211402
130840
835518
954811
602065
296898
729881
393024
81313
934451
480555
735105
920429
304705
485563
532951
286508
601041
385568
885572
432812
683644
212185
956447
772391
971259
41300
254870
191379
306491
891833
402781
437331
727351
873944
39396
540601
603825
948772
621914
538276
945679
357020
975057
250385
842583
24360
53245
959976
926280
938817
392788
609924
151003
349235
382316
638614
906888
153538
346345
213379
45371
749126
167062
289074
623070
722810
829675
226895
671583
451589
281523
133614
324961
772933
900351
683896
797293
953596
643872
723574
408766
36660
849850
76121
902248
748518
714735
325488
902056
61081
538867
463779
326559
705929
752853
949630
945091
98880
692877
616674
66822
974401
266641
391783
747334
166992
592032
544627
120589
235904
784553
529355
788917
634404
605476
207517
382922
836563
533005
284979
413996
588224
265110
740556
810505
17964
206538
755596
116844
899415
888623
183666
390168
155264
91802
137502
322256
683834
198482
959197
436090
499387
4904
741359
133791
610380
465228
516714
963296
514585
318045
893644
102809
583155
634200
429666
117471
840738
185263
750668
256506
73886
450686
646674
745502
542488
300529
67758
742674
15363
543308
695117
514750
548212
952828
648542
674945
934409
681608
638241
448994
516005
531885
68156
615512
682438
497822
249336
39528
683085
4
296034
273323
967042
942709
18825
509531
243238
602936
768557
258601
146244
980026
289703
694456
449207
938245
369401
383616
136205
523994
348962
168562
572232
417118
784075
254670
914941
33411
294198
598026
549767
106585
387702
516809
49294
406527
542692
808884
9463
827602
583837
672059
323980
873540
366516
773187
328138
252269
673155
980695
292616
22118
149258
381200
439236
449685
635870
354177
999448
446420
468556
549215
553005
856258
582376
118651
262785
641421
443887
788601
469023
544076
460660
793003
933969
343528
82543
778459
112150
755698
759154
921118
777816
908412
302318
217053
874449
454540
571230
873897
900960
556138
939464
970318
412396
521841
605321
191534
163262
565561
980135
632285
109637
957147
941640
559958
300676
24183
338417
929178
779882
97572
850296
557698
522336
152614
291103
396786
607154
862334
270683
24466
934824
210148
511136
347221
248341
632810
538755
411603
198371
35242
560240
824360
992389
501880
384319
809417
42416
722736
738595
822298
820308
588891
896348
858997
257857
187452
255783
381363
566138
42818
405830
500962
252966
433318
364535
501307
66128
903290
429262
780851
454884
989502
605212
447274
7735
989531
256691
50151
228619
511639
388801
48928
616882
801501
907925
874740
505305
680060
772455
587795
722878
694637
605110
492197
127956
969645
509856
710436
389288
939119
491288
844172
444973
96500
291446
452708
602383
64490
19211
831002
576129
924364
396282
193011
725866
820559
584103
231171
500619
356559
818967
739850
51196
424077
232047
695504
910074
258255
405941
299362
713726
897229
659887
158700
993729
951333
127760
596112
532175
663324
943466
624656
587688
339749
817668
829906
160308
918123
61078
660928
274682
396397
917130
842231
336826
149177
537735
763252
923784
943676
578967
637511
840905
238854
312563
350986
706539
440323
463450
238715
103647
406917
863371
207688
263018
197391
37594
423326
115515
615024
84254
906549
11421
517736
748780
864599
183265
286516
144204
107050
746544
723171
744561
103802
962025
573476
971140
668564
13799
434591
423631
633799
357860
287003
841487
620878
484394
879081
560556
116261
494106
161163
22811
21879
678899
771591
402831
862165
574459
547035
969215
837356
270206
230128
941158
748583
803604
912298
417147
333755
863241
840779
967554
221101
644134
325393
358331
644880
204475
918888
761142
214933
80051
783953
236812
758950
71896
155995
137467
162708
219382
106682
64
5940
853162
941222
754523
656766
369872
688023
506874
233114
528802
474428
970567
689288
799822
845251
334168
520649
764139
611662
735582
360542
911967
488746
635844
983864
644742
773312
662924
864124
396346
662988
870065
249509
120562
140940
422627
490434
828963
929501
239900
357765
403930
210468
563405
720104
55719
897574
240753
336210
509236
492687
213104
421204
981433
365300
921420
142527
138612
100696
523004
534959
763684
909421
300820
400598
50361
723447
891032
879325
652949
647285
753442
573231
857753
316848
809687
429824
730774
50440
282386
756362
59479
11842
693918
40912
377142
615338
699792
32107
716034
222796
83418
996070
132217
384238
396668
182578
107685
804053
61903
276986
451338
331698
366569
825443
648546
176256
771619
379320
743048
570357
652034
802527
582199
345953
359792
959341
961291
59584
507800
193678
282380
591218
706100
414597
975456
619121
113527
599494
423174
175431
876480
390864
23481
243050
732659
672027
935658
504278
567699
678707
590987
219733
481234
173186
565686
841026
648879
43330
900610
156680
753360
182990
747898
975812
113939
239707
594933
227467
839201
534459
919250
715681
925323
942731
475083
174334
131110
410742
678612
698809
89449
269599
434894
87035
959137
516933
928062
124369
76615
345024
281049
346327
44367
545299
322139
158306
785006
917073
902125
140559
451532
821375
372593
893208
280458
847676
67542
411568
774770
262507
626729
380571
48458
61624
467607
523948
94909
912021
648317
687876
257045
445718
34203
817764
507369
356342
976071
808728
789767
394548
949287
757652
732276
321880
167212
12734
685909
234754
424303
460679
13613
567384
357603
578424
145360
825210
102372
240269
253583
750689
928145
26980
712759
962348
844745
220128
835043
337168
28856
141162
731716
978144
898814
463992
816376
66026
993079
502285
817133
933734
479317
830746
501118
836920
409170
646479
178482
511542
403100
948417
778583
847598
975397
491342
326298
820142
227823
161341
673662
773031
302504
921731
751175
717670
902075
83904
783697
895154
102541
600830
828888
581858
947928
846359
935130
357099
9190
629964
384993
412290
578381
679929
259888
553779
687623
586187
890273
915446
263880
80288
688478
82736
2019
956005
800407
904094
39909
100456
315601
658803
217638
660841
240661
165566
507200
692144
39017
516390
322108
424011
445033
416842
103940
221273
486973
307915
807460
893598
223362
587693
973886
428192
186781
492257
384197
503540
912704
940459
603996
228305
599262
821634
405498
356275
987201
429051
48419
26218
945441
886880
966581
906826
303722
586873
128100
790695
894789
451912
684293
634503
555957
174532
62695
742739
666789
963244
246279
579493
903703
850276
324150
19317
188262
729649
375593
691815
158700
940364
234386
620493
827244
200967
527320
647318
304193
171772
438013
715334
623684
638659
349837
695994
329543
928884
438733
996332
892128
685012
92178
312184
51640
416328
331501
756255
662329
223446
448070
821029
163811
682456
957875
991055
399776
1547
154726
703969
173319
109091
935655
313355
747750
801844
9349
77293
730728
964434
589978
139208
165799
682156
451392
217439
614836
299246
973694
277166
522692
938117
614547
686503
620573
572422
193911
536701
90321
348637
757022
263640
457728
692677
93348
721831
494521
619049
315476
741601
583484
421806
880810
749283
103962
848554
483074
235151
147800
973121
512317
670493
911238
126864
873348
48163
215639
67259
584865
305960
932248
341887
85953
906329
550917
695653
144512
561790
314702
459988
303392
414538
398147
700554
680173
18461
549108
163248
253612
213261
652721
765929
883754
563959
409146
273454
128474
141137
340714
229691
963449
789314
87931
49402
695643
638848
261407
356507
716990
92462
332848
20382
507000
730995
237288
187174
749456
786397
866774
3069
516010
519495
285350
916116
599806
210848
189570
244632
351985
46636
474324
831787
835951
562255
397541
47946
717455
658949
404454
434445
751411
737302
971180
774763
468297
208468
478289
734105
511217
345063
737174
27227
380910
538877
943343
980716
266077
649266
225349
134415
695902
699673
966202
48205
778280
363743
96152
495735
22692
16958
446532
290455
270612
417712
65219
738909
626181
59860
989366
653750
404924
242893
680978
785834
781770
140673
282903
47847
789939
508252
182262
485842
724277
148464
534047
502557
28560
146551
514644
567604
679861
961176
858060
950473
895241
439631
205734
37774
499491
195101
691524
420767
437994
372502
206602
736116
513176
489505
783963
819467
514109
482578
821661
754738
147394
872061
773647
175954
18612
288291
743559
698474
765819
117971
648947
177412
557602
854682
215186
573445
566135
906711
994213
4129
279213
717167
740245
308741
723024
40560
644561
237133
523138
466222
991871
670533
338283
765518
846487
873248
570161
106398
571722
852332
224369
737021
29745
781971
108055
244931
871769
674190
151642
865982
194671
947208
99501
451268
772301
822525
491829
416862
576010
14967
399437
567881
201852
737720
849751
564692
610968
936264
671090
699042
304948
895460
952416
334693
193783
576823
95977
581904
251014
763971
964238
962037
227531
63739
413306
999833
886264
421487
933047
462274
436454
332484
546507
154659
70205
912610
719351
197525
365226
906793
412920
670175
318605
365336
4868
28741
942159
617197
610645
709525
381169
574884
187915
608700
154975
601221
124885
41240
22708
57933
19866
975514
390417
82726
646525
976974
995336
365876
690852
360563
789022
103772
30738
107627
985460
551958
652720
927619
169156
263366
153497
66677
354602
341412
191729
509577
458985
316615
67169
998045
374548
87036
489911
281317
169762
136437
258292
681450
18665
465496
558365
807687
569268
105455
431667
554728
173766
84387
998699
859274
864105
668548
925951
218707
526312
634032
244637
985297
950647
311806
499694
325195
915194
989606
122865
601308
642395
897509
799111
661060
363005
357476
985100
932273
979284
416767
3353
153050
17506
2052
12324
881612
186953
454627
100319
713265
88659
861308
698563
555659
173115
714609
880854
604661
704215
520071
205970
346610
417580
5081
524023
780585
878909
509123
712858
858193
925890
232563
527595
943396
234616
539919
341360
421569
510898
958032
134834
115910
819340
349749
671569
508807
64359
68775
113469
284926
588847
835791
147889
6427
840872
671912
787013
236133
181035
16223
94327
623277
248787
621922
83025
999755
678194
424386
937676
705444
382418
588862
821354
718110
454964
9275
226918
519323
78051
340387
320601
183250
692530
468490
706029
533402
140402
9394
285887
837789
25618
380214
977418
790757
518489
60444
306864
196683
1182
244540
418479
383600
833402
756186
101710
288366
765461
844980
324041
359864
185367
160995
543114
877897
629485
765496
927651
286240
774890
213539
124029
316860
110105
617800
107617
628594
678244
414481
341629
679426
175373
760109
579378
525128
516295
681088
329846
798108
526069
170240
157973
227788
331235
217439
622038
960720
982935
66041
763312
274178
795932
403694
591038
422390
21494
215008
50984
699738
145841
908966
895516
321215
185427
474894
846343
218074
672334
692541
16182
714755
862781
690507
458896
194016
424299
597286
671089
923586
663327
434401
197764
975612
838095
305155
398002
375941
520163
965338
75679
666004
390656
487547
987219
576083
962441
349914
794157
151128
558808
326692
865883
421589
533551
324779
615606
957850
438417
803047
397789
618097
753800
595553
593709
591896
417060
508063
484189
937223
473401
76221
119580
864058
563768
106799
956493
526210
973066
267003
193690
531874
593695
59573
469815
643598
900705
601773
117801
855474
404820
515590
473571
158621
627495
67280
266869
44556
575343
751058
498131
565097
827279
617711
945507
391048
240863
902000
433610
213929
169003
143652
262155
279050
203225
248322
922649
620282
850096
40450
475757
254916
556040
949328
929889
699887
532961
713110
744443
624656
464169
242575
189753
807800
860286
651612
715200
617501
553613
665162
347782
238968
808814
609937
518019
528392
858260
957020
665026
224708
997470
657135
479624
69862
606464
925866
769749
655777
638976
30545
280433
619497
789472
986539
427298
166110
638151
658850
783612
708116
324013
131394
947085
649179
257684
981456
177571
632296
938476
842598
857004
935946
499733
852980
522160
622549
778846
808261
794678
934175
838806
591464
553672
144630
94355
497322
827093
248858
156173
610705
956975
996538
258451
420412
645717
516135
401868
339641
148431
340344
698591
521787
792642
714676
374768
314802
337226
669966
123063
648256
604141
478222
239720
157814
139204
850427
171488
966297
99286
327661
577002
572613
324199
351806
993025
486269
867941
394893
825910
532725
251589
524501
570864
44231
239177
945632
359033
92755
615599
998448
741012
736092
993022
497084
410258
132227
347512
581747
614876
446798
909408
708231
19411
749960
60037
528788
752581
444330
923681
578491
977055
691622
102992
547920
735853
858521
9904
611238
951277
141855
609686
208641
877948
119061
705725
288206
767640
569589
869953
382516
532739
295714
90747
68502
562026
150784
597290
314607
595115
37323
409450
88522
728945
28794
152794
464798
887315
162699
76036
838592
820906
202075
47233
698854
321136
269311
503413
88776
838900
889718
987644
887992
701784
78392
956494
780162
229176
553785
611121
340643
591108
20571
429166
320054
49365
98312
301204
453033
777363
893593
291625
598270
95668
855211
813476
933156
640874
316889
538284
996126
206608
525928
884118
424744
604320
840613
204907
349849
394398
816028
690492
501858
836600
636010
338264
402317
250675
639469
855350
28038
533062
663328
626308
145082
518539
439785
78238
675765
756674
132874
671891
479634
658802
556010
904379
779475
396623
109286
645676
307373
441666
852520
325583
794618
488531
663848
196936
739206
303317
52286
283596
352731
715614
909905
497813
750505
866042
576051
942622
622716
225277
614514
618703
884079
686876
39434
179906
83499
665072
825582
907224
106738
678103
232807
901357
682986
896655
614645
938544
716324
666931
222140
69055
898898
648397
566868
165755
514439
659271
108378
653508
884548
239244
272211
284980
926120
827997
464886
525971
493069
806821
433195
116159
1276
182354
17516
200614
595362
632161
139158
311686
815445
877650
897094
230695
526048
463962
912802
556839
639586
537532
210347
40486
776776
998910
325466
702896
826907
306705
745219
836328
629878
178414
952488
631154
877121
970004
831768
988835
118518
487278
300521
450315
881280
713967
197362
923680
694282
110164
480520
333868
647697
207219
374354
940825
206130
216173
160074
549389
522878
905293
385718
669108
600060
338206
300262
477181
824562
648382
466016
459432
135660
282889
909747
533292
513209
107109
456973
207491
733626
937493
541359
897675
144712
432065
838500
867194
164590
998574
416584
203820
903868
802302
872928
503928
140508
173190
497461
481422
821572
479829
940855
473584
762718
366954
6877
275927
990416
980202
999770
724042
917695
57481
138069
578759
489547
976569
962306
170489
491496
378890
374310
911716
697544
247238
415644
354404
936781
429457
835826
274705
909286
293033
748290
188356
659988
271519
980636
650404
251721
980406
890798
685768
37888
28867
780879
43787
5436
743185
730628
13284
638427
104938
925000
335971
352177
856996
690375
288958
286453
42554
563663
712091
335587
828305
900448
995575
99824
397436
162331
867897
894194
53129
553665
448434
81996
850897
492221
603785
594082
222850
617069
232510
844140
58422
84833
196317
915418
291561
1627
718224
334115
81643
946667
186054
909948
847115
697982
526125
760903
860313
910374
655098
913443
980392
103532
511791
831289
112106
115576
425371
851308
732646
174233
695448
307420
259067
408118
222838
550628
926097
457414
401095
7740
404082
587149
434041
767549
801483
476518
528453
661797
386892
699903
91592
367284
803435
603383
198573
431893
235312
140297
799553
484310
314530
11354
791730
89949
419472
530920
640577
861921
988335
558024
869662
392417
661526
820055
676318
463009
296573
721123
641158
683465
421026
249102
50750
740814
852486
765675
172707
87798
905972
488613
88460
736855
499967
880190
826804
435791
411110
983734
297712
399445
541758
683726
308214
719636
503781
500885
182646
800354
222008
340156
172
643035
589259
50922
383849
958097
332949
72908
562247
755274
561521
650707
492129
577840
530897
835285
13631
458359
819019
827696
374157
877130
511422
682371
596766
531556
183256
295764
331910
405265
152273
332082
564652
741532
899356
948501
215981
748658
537761
778228
503932
615635
428935
512413
193475
476184
347698
723459
934543
683070
551155
308700
76552
578929
507424
189670
110485
207032
485435
958748
128649
154060
290830
693301
895592
706539
158154
111573
455197
212268
406153
475481
344255
835088
987894
54082
827624
851944
777541
278519
535014
845048
103572
127918
940330
127348
317589
50815
850732
803024
9563
979382
957084
816746
189035
369028
39637
863542
996953
11186
75810
403106
486667
936417
754546
990913
990499
98522
842857
768041
377041
894224
129441
996965
22142
69771
124313
339731
636939
975046
659107
162854
470780
132543
495952
659815
17923
535589
39709
14876
546775
631871
934334
549794
568288
205232
540707
558788
303754
899917
843181
197148
310493
972622
194113
848987
558746
834779
188719
195685
326177
364178
358539
796957
13074
854492
973124
30997
906433
12834
562226
969561
161057
12912
519355
729346
218145
576415
288134
38251
992684
647667
235399
303177
620289
945865
668516
695387
780644
373587
891072
106821
737766
765964
420130
750840
136808
393254
298189
559593
922440
860415
529154
83498
873328
564862
812844
607825
141277
617330
646076
650313
264997
397828
469842
401638
343693
138358
97026
640689
511946
988098
747510
766064
270414
683992
33256
923574
77246
331445
483168
999687
708213
12322
599537
97893
577184
412381
705718
234813
546063
868146
401478
327412
265974
871320
729050
609667
526031
826076
766708
37977
330527
514218
320393
117293
198210
353649
40868
791809
685094
524036
307848
909659
52710
907385
7552
629895
836118
229622
381060
382181
614121
782539
709593
880095
170211
954995
6115
696242
781072
772823
250571
627951
803394
570964
745244
517956
440965
786112
826117
642412
826500
133965
552071
879211
41350
75976
25458
877468
821950
406518
776001
436071
705409
1946
832519
875621
956942
838634
88215
254366
127809
338787
882317
931203
426103
143913
965512
867069
446378
791629
509481
272878
925595
577904
152089
483297
653880
693899
877118
475831
100418
169471
428254
322179
171418
260773
197800
128360
99407
802368
382726
743569
141155
781395
191124
83610
925308
156636
950679
371686
464618
976512
160917
906565
554417
313006
389862
724649
6906
783332
200480
623676
952804
145087
945855
124222
405860
660008
768934
21620
462376
668012
765189
119883
449407
956313
719845
891067
629302
670525
779106
93920
163389
940023
516837
717806
769381
906699
442456
776287
206384
159288
916315
159188
304375
378523
799762
226588
38531
568696
248208
17259
753060
13397
653494
718819
969710
373339
609886
115364
560216
905344
209284
239958
845367
242473
957764
614749
665525
916572
907388
871909
592213
823704
547449
412940
202227
347211
639528
757110
432259
887736
290721
185319
417485
460567
420490
903548
350258
30376
18912
426827
452073
744549
666785
297440
987022
140901
912189
652547
57474
819578
524456
166039
159634
71905
95331
878213
935468
734860
635323
884079
138948
442396
69398
556434
419315
6240
976334
769573
552969
995246
196400
5042
256147
863185
302482
243170
4087
214672
412069
577913
550602
452878
260304
226588
41135
355635
104801
976604
606847
256476
860683
745796
698872
446434
818582
118187
452674
794916
404112
5643
306514
600513
527037
562662
980050
829520
322184
984137
560544
734253
78402
627498
187131
338706
854086
228267
694342
958887
204871
817541
215363
581906
79689
430587
544692
898271
65126
513719
209539
469238
519362
516054
586103
562752
595068
566154
392272
917252
66643
952816
651505
145046
580314
838637
104
950752
583256
210798
909639
304479
28340
641354
886385
108029
71941
947430
522653
137067
461149
732192
122657
496863
764598
708761
59615
876018
791267
451887
793270
857910
921055
961128
519308
17721
316117
519413
968473
899373
730211
878112
203852
758551
519466
606589
382933
107759
554019
905586
761178
15168
154130
883836
512032
435081
108949
571647
311099
416568
539887
620722
790830
460942
581850
310139
478664
897967
345904
963489
313692
76115
357954
33896
351019
877420
156837
250304
501532
710857
155890
262710
242377
310020
146546
270761
745101
771847
358761
572553
188415
898648
193275
979246
875942
775125
805737
870958
189444
151641
834448
19488
744108
192402
53384
611479
586174
726573
861783
87706
437430
17673
866769
196160
844046
529667
466921
105499
301515
825682
678052
6282
240682
387679
501880
116625
679156
307617
503935
868600
975610
338383
404440
719719
47137
974176
331198
149664
700750
192982
753722
654532
727007
620491
850692
87405
150159
833966
709257
968026
176000
903661
974308
416683
291341
476189
49660
970497
300158
553595
355450
275769
408331
759890
995488
455468
250419
843038
121484
951169
552372
875207
122053
279380
495698
489098
883137
645857
323064
592394
613883
499064
496056
104544
432099
787397
97085
481759
274246
397243
551707
629696
189364
960038
905939
701204
931858
672710
544243
569695
140231
612967
444902
262284
408699
940600
751382
291837
102810
590798
884231
233045
89863
896639
853941
38314
200388
951026
36426
474635
864622
588133
620683
570338
64523
42974
271543
512733
715684
332138
82428
372267
945105
527330
634552
353805
984283
902286
161994
603445
493085
562577
836490
99300
459217
690432
137614
659605
157810
174040
650592
538784
278525
787628
109123
343048
830602
897018
855782
62639
229156
454562
434906
690613
981893
69458
560770
482528
488097
722764
85973
981182
285342
438815
596834
260911
129247
734448
920516
803410
424841
87461
342194
703366
875089
967669
562767
705691
864687
934901
284682
610195
389463
719589
300809
887708
305399
861579
886588
793496
100696
972561
291030
902390
411377
887864
163301
56976
138665
600169
376738
79858
687630
235285
299576
562719
202954
862343
784763
583994
313596
69445
194189
703060
305386
11350
107120
127138
389282
993709
436986
489978
482622
728017
392368
410351
132233
72021
467328
787250
672190
360418
867108
876173
595703
166685
438892
315010
545380
740007
899004
858977
325805
93193
78389
147543
104544
701861
274681
10178
211922
711668
500156
694545
956037
408876
104896
88270
480897
88576
391873
669439
965347
258981
545612
561050
942018
500857
876060
487399
240864
291416
346376
83021
384610
941117
230565
5506
642978
505246
15684
854901
733266
32192
65798
689303
441068
170694
293926
438317
775623
685799
107756
740970
944780
653369
818372
886799
154226
694433
890550
911442
985849
753278
994464
886811
694395
741381
408669
337373
246627
940705
708626
979894
489249
774424
669197
930317
461471
479475
884986
237094
165274
509095
494416
626407
678816
829140
29558
349394
39925
920108
260836
542127
673386
771652
428938
367781
513033
353960
221506
276013
811017
930133
255907
300267
704557
441456
746936
166028
920932
631923
919474
602558
141018
930242
228965
336186
759383
258523
685580
799308
178631
946416
341435
852017
234421
286726
736150
747454
157038
957657
23467
968055
404142
795726
268322
108699
753535
15259
791080
190819
163534
226906
793377
820904
157149
538695
157090
432884
797218
842670
748544
975850
789086
606332
344219
539859
893058
596722
803666
566448
70731
827133
534503
474873
139212
319178
583572
409099
334437
891004
599918
497971
117911
909647
318875
791412
448342
992317
740648
245561
834987
489192
737763
140425
95524
598334
680285
504934
711408
483951
71382
782139
827436
122238
257012
483000
441416
356937
892099
292205
247941
8369
306528
882204
918017
141755
189968
882711
134072
930616
644624
969059
936161
898739
109484
548037
497074
789769
52972
208482
790072
640706
506974
617509
279296
763986
100509
720712
637275
508961
529269
401569
517330
835797
283773
951699
977552
990094
834411
111624
437062
479035
597035
373223
894127
706520
921261
391201
12641
490585
116035
319066
647643
139361
936575
926940
903348
553436
647652
540623
62397
176922
458544
579728
529071
742318
531427
22976
248764
882190
134600
685826
877578
247988
575402
771705
470860
13015
679258
999853
503600
311645
318919
151243
451007
255494
78183
870707
808931
242188
411330
387680
935462
869875
967408
464533
128545
15188
487509
893661
413730
138462
95839
291308
902802
671241
579365
373662
684256
258623
373515
704208
86621
692435
371804
537628
464281
449987
408335
789564
208527
336017
177245
143989
722244
144653
124875
367141
676193
128736
260802
89924
783550
356642
897584
686352
544235
476950
576366
228492
251925
949882
449052
338546
158669
820856
876174
139302
787196
800861
928867
995723
136879
106112
656065
859123
767117
297292
226265
959663
426028
3419
49587
209579
876413
463523
412283
420649
940473
988650
165493
708751
454884
614545
47297
613553
951754
439824
752855
738950
240685
198074
734673
377564
820538
907090
753040
587656
204382
495657
63671
630411
499076
629610
356342
375490
93133
768625
312491
549959
273627
477984
258710
728511
608881
306007
858416
560635
262183
611272
299585
502869
325698
550611
880433
146237
457701
149825
250245
178436
645482
313916
808847
144559
943526
681541
36401
36659
966518
865244
102970
240146
343228
361680
485009
952109
184040
343426
29097
446223
954698
328682
949092
280396
395645
345878
426633
369699
495703
676878
548135
657538
507146
873334
318449
450672
554875
354850
3684
37745
220094
106654
277891
79674
984687
762901
548135
685079
106327
577232
647654
577377
422267
113099
374125
334264
458977
317111
703963
471032
510341
252098
128570
17488
125432
447019
984512
196659
318221
504548
234405
54667
127555
28648
134341
112242
307901
198829
313673
930580
776061
961327
24309
714680
74426
914787
48945
49755
231898
752908
37140
258591
521359
682062
792431
163143
645434
293296
876155
963655
797844
626912
534675
925399
171912
185368
553993
996166
384197
867666
926746
676611
345346
467408
907643
936124
382195
956588
502232
130445
225849
539372
905388
263560
221434
697820
426703
383220
991116
302858
346876
788960
446122
397903
230712
618035
583271
784705
614201
483821
168724
57299
160432
514070
524707
584427
966546
423254
541016
468778
553699
283217
8150
975440
546777
745937
673260
489832
129157
180728
309043
992385
969688
755165
390288
716752
373200
489912
501458
503753
973733
670182
561053
650517
700604
602112
234944
667150
25367
292312
652281
95418
91881
660431
587210
638658
922720
260470
128491
568230
441198
437534
76967
927239
709051
467256
160343
82252
473520
661801
102357
963605
848335
179762
130474
65291
781875
881770
248794
323594
174083
901075
935364
265964
77858
522575
420975
516931
299397
549466
85161
256948
503352
162128
184187
212403
145736
860882
811007
135608
522684
429717
99213
887371
609479
229687
952663
907706
111458
717809
231300
801893
618884
683017
67857
213094
205592
5184
730025
21341
71002
331538
278289
90706
493667
978828
303110
155755
839711
630469
291364
362395
60186
390577
766118
186018
136617
235133
93724
248075
952942
841377
566320
88178
524394
150529
301273
246338
155714
547650
267679
226716
879189
545969
317423
372856
524797
136885
44963
364508
283706
336327
243255
860245
243257
9374
46263
379874
760859
139987
144301
713802
497716
710621
801980
22110
861150
619605
268448
533216
167256
536128
759933
46445
598449
593708
935653
123246
730593
496968
4107
530651
349648
247362
390896
592905
773088
437159
489131
533948
93499
149784
764102
591215
376757
82434
129678
754259
218392
914478
287476
385648
450606
47409
948445
49055
157469
400450
688654
404414
897418
692761
935065
247066
456475
325962
356323
745916
279473
361806
279864
889324
511590
560318
996892
888347
642752
126570
642607
861144
41048
930083
763144
8007
493844
227941
573414
167665
628391
778420
572079
42162
471181
507144
805580
444009
349458
161904
189925
628932
523710
986141
518256
551653
546459
31500
956352
705563
674422
598959
83060
715471
45394
362556
239830
55590
590498
329596
223255
218889
108017
311686
777403
95550
818831
582984
539559
168289
744888
245836
313573
784950
231977
348182
336603
294788
379682
292956
516704
54105
408267
599764
285928
970014
478672
42110
541956
69170
371706
765212
288060
996075
76898
581815
91626
412081
164799
147537
96723
909687
393374
410296
210990
141703
758478
547593
952844
138161
356901
469548
708618
281521
585664
510898
251535
64336
553008
793491
649859
924714
75055
454271
920790
668306
36086
528768
80387
200886
676305
177110
626925
586031
103759
837915
244087
862237
901861
196931
516750
775114
182831
225368
56635
284847
736266
308170
865535
805626
618014
515394
246693
693069
969665
683835
877727
522104
212603
474467
722990
405260
651577
349915
991292
271688
704183
751731
133926
122396
948662
650676
897510
647845
392397
470498
449044
645015
295020
314579
450642
913034
346326
697335
122456
832343
381170
183
354447
110125
474650
77437
515385
642580
943705
23029
914268
164240
774760
564546
286636
239774
731575
184146
887619
640324
170996
336663
285339
466017
167595
252333
379051
30273
466020
17859
862616
363542
18043
733416
473667
9045
327205
505405
167977
270910
528434
598598
951502
819547
679496
238138
59321
411071
938637
463293
51395
109633
316308
853087
575650
483903
105420
471054
30528
87793
488913
893145
451335
23308
142913
441355
548706
470118
946760
716683
257381
991546
831633
208883
811093
511130
963374
870415
438553
902011
850060
489949
527996
166368
859388
619999
650272
964808
91053
680800
568953
579966
90297
20289
119627
233210
977996
668333
219681
924756
901368
477062
432654
733002
202297
243748
760484
165671
630515
199037
584034
480575
688986
112031
646943
548374
248382
813567
29535
339435
10720
114840
435753
101017
651481
555380
850580
629477
223713
70261
70585
125082
63675
503240
374436
265972
746988
134920
947996
893855
333957
532030
890782
539296
160413
537725
604022
408795
351293
149909
264582
878365
264750
700336
979382
916231
255716
346314
545709
995782
416575
616294
637216
996602
635886
11652
262575
899226
146572
726923
793081
996881
258953
683863
536177
935719
737941
140200
860866
605586
290109
125449
483951
554859
342137
979685
987443
597853
326000
533152
109987
742575
665798
747203
739178
818037
275207
518105
717263
421779
245028
26697
935013
20333
710560
471190
472404
964853
127742
333271
570439
934204
975072
54390
5415
317209
34076
992858
431414
876428
42362
541402
619003
224513
804957
874533
42550
80165
908990
759813
18296
154018
786510
953309
690704
13423
424500
163108
978276
68594
12731
65068
2798
987803
635810
8214
305012
186238
1072
736427
62666
43435
794181
198022
784300
599138
72555
826850
679303
497898
103015
697600
168268
889526
650909
858972
419301
591761
538433
397577
660356
551164
978997
663154
538968
614808
187720
843980
801046
188793
96759
863713
748580
890940
61735
532880
490079
650642
876082
685734
148540
979097
899686
316809
384975
66948
692133
804276
658709
230566
718206
835417
298083
697203
14924
837051
312011
202644
197383
113058
907789
294143
493123
656369
185083
554858
705601
191514
205500
581683
877249
870393
77133
776935
703554
462108
843883
395687
782737
18945
142606
500943
854362
440689
714498
385638
277740
542862
588283
475123
655920
496072
769266
665395
668794
470702
220253
374395
662216
942105
472431
55817
812498
549564
832753
32404
528024
192988
428092
310761
211933
570698
811704
582648
527739
42555
968286
805479
585417
72921
796954
757689
568994
82573
423084
237788
553275
159689
128535
731843
618146
600966
787661
946997
666882
620414
979401
194907
329754
407493
505668
541688
494543
833725
640688
22282
876280
125326
344113
978049
198248
141068
735738
767242
223641
675174
521382
776916
834863
649917
508759
453009
767236
812772
400006
434118
433186
379408
629025
762941
303253
651046
820981
797797
484771
978021
820079
877403
103347
680545
855452
817947
821613
591190
101541
45254
266364
622923
338522
617579
789193
363633
70588
72781
176406
986947
506899
125944
366355
652277
405237
185960
303323
742570
983757
788094
720591
320189
665497
340291
734
520949
158238
338699
628491
259780
383953
411207
399055
238827
28786
704600
118812
615726
777381
295218
602673
800633
937515
485380
452910
342752
671341
756233
85323
171450
60679
322266
7991
242528
178909
525077
279829
853500
863776
908320
629632
764081
835879
28687
2908
864665
249640
638073
480391
27021
933291
599417
827654
387158
601149
280564
729911
788842
553149
331586
960293
130180
170204
484636
372708
349114
9714
652537
718966
389842
77209
348598
153924
913088
893637
673184
777753
143277
311257
774497
686651
760901
890266
514305
148059
491415
311222
877970
796610
380723
725908
273255
510904
896113
757891
883612
761579
283957
52502
480545
673800
129711
829143
827724
559152
722780
17260
853257
382410
328518
144106
69061
89419
34372
99718
237478
42140
410940
631801
838750
791664
874061
628357
818920
770174
386248
218884
48105
186558
271386
528650
860358
917450
874145
204434
476602
113278
221694
329859
12040
550212
473966
81101
155983
24690
180819
909814
583182
108112
57967
938284
416128
932028
566641
235048
218555
952890
453932
783012
139448
725319
828015
516158
159121
702160
720592
635723
331790
458638
481934
343830
525203
472252
424931
681186
496943
122103
107352
80125
230215
681671
18410
162695
613700
101403
397743
348607
54293
851675
131619
710093
93346
959634
742603
252467
178147
979547
404542
509937
438186
886477
370120
963389
358729
795051
160927
372024
433506
268280
968502
180073
949951
503264
342768
80003
604667
740511
944962
175313
108539
592934
401758
718237
68920
144362
487057
763419
123909
407951
273357
562095
294428
159829
41836
169510
954880
202764
57886
904739
987396
26388
84812
453699
529652
427581
50055
134320
684444
995017
309633
309335
104303
227743
543925
173224
372105
30982
936643
496015
438933
726352
574462
249714
886181
616299
935576
357414
819063
993462
778505
806459
19851
863317
260158
65855
807250
310213
716527
8047
821583
542512
317382
925886
770256
861307
615462
142361
408641
68458
154728
363927
794810
729191
129993
197344
345490
65569
71110
680905
575383
849615
3716
111586
712932
780226
177442
36535
606792
893969
44582
428375
436482
878316
870613
206738
255976
2428
865451
664617
70886
20180
544896
382048
749371
674889
579392
611213
740458
166854
808470
832194
16469
812186
943780
245754
108764
121222
798641
715556
531544
843223
660283
968026
237891
530897
691116
493867
49677
556567
674837
120563
93099
219733
502611
358822
894623
598356
486387
151433
765210
294857
983627
298032
623395
927408
60138
732160
564982
858779
964068
96526
702002
624352
580904
456245
671601
788372
950113
721278
861292
624950
358193
954391
844683
860804
313214
255658
975512
315953
407092
257075
610811
907071
555107
750558
834479
615245
999070
399462
990376
963139
12340
692378
103843
593245
148623
291796
381617
615088
529426
759261
240038
887619
713653
601074
264775
543219
856732
240288
859172
780176
13715
986335
687248
85174
253246
38079
216771
252316
953893
207147
731807
966234
415877
352002
75831
80852
643798
973800
695941
173224
733062
452331
577195
963067
53405
841971
506286
426490
598611
881810
723018
612326
384498
410266
697500
637744
964698
914271
406412
918591
637770
654572
884825
53647
6574
477008
134499
166725
450809
830440
856301
183871
282772
433497
146938
852529
275468
169576
795371
874079
51386
518390
2757
952236
445008
700257
589980
409706
130880
996393
844650
768650
650965
729475
822297
173891
722836
956796
340616
173645
303589
713270
873868
586361
146767
537158
955242
422235
706734
750614
812666
274472
269004
815423
226709
230364
32032
333041
640071
162912
329434
484721
931562
496751
730548
270211
186995
453384
227007
43963
143381
46948
757233
17249
633309
904000
70759
104904
842587
777493
855518
655253
568318
640874
987028
311379
871238
19060
644420
27661
698324
490207
28734
629886
503310
275635
416449
690305
729019
159809
734269
388753
206757
491502
922354
356419
911855
993114
461323
754442
286959
316841
926048
371629
474067
913076
683008
345305
448489
843781
372967
146813
850340
918053
293052
353650
193688
225853
560308
439060
385662
810929
827813
592420
302431
750167
948839
730638
259633
926514
485081
546593
759707
411129
434574
233774
840557
117583
579079
805398
477716
468398
468564
328056
386452
761616
198058
580140
987469
758366
535552
889484
569295
363365
481904
388079
629885
947095
118717
889518
873609
120150
952463
149668
47631
387038
383442
888189
20973
478873
209939
498689
463624
678503
343097
850076
956471
541155
946568
943941
299522
482121
833425
385169
361838
831681
773248
508075
295128
408318
397594
685089
528468
866409
834757
576100
769799
218199
980641
307124
213424
190580
322165
677048
869084
665262
43476
825555
722770
506397
285848
538644
504870
635625
923813
866708
983658
213414
374784
278786
621732
288730
480227
150200
671491
314984
242652
441291
49535
223293
748415
262960
413874
70581
456360
799310
252195
499837
141217
974965
522586
943418
513609
27456
95395
437423
410516
79054
167189
301652
874192
788921
106734
354420
455473
778226
185756
698126
735869
235292
921419
636
14604
851645
587569
987316
650955
839765
3505
308525
814730
526091
251943
844692
69899
347338
798467
480416
426392
965656
782068
816937
270929
888803
171357
726402
183381
873465
424528
919250
108757
862300
919886
639713
230297
507456
143382
881253
863573
146887
706130
678303
672979
958073
39347
742878
305411
837814
739646
248156
803470
38067
581445
74399
443222
752802
317154
626603
626267
258034
62205
251377
120334
982091
407442
866984
5899
550824
264589
869472
697712
970719
64128
887043
928792
103475
146273
750555
941290
885920
515063
261112
440339
96508
851864
883561
365662
169018
510164
508282
427052
572369
276011
63739
70812
683453
447075
76712
750630
711664
462536
964694
682383
526664
368089
127527
146492
514362
394434
604134
916634
909498
865246
356973
522358
233462
240534
888021
918832
267050
396303
862237
839419
188666
442328
426584
388471
889403
19648
139101
601067
482184
620147
283450
525201
988236
927329
671693
502599
321763
275827
419233
231261
657425
776207
753620
407240
16741
157993
326072
283792
70648
188309
639563
259314
630637
582499
647785
520040
602147
786887
637459
600684
923386
437261
125885
911623
364590
313930
414222
686354
106109
349807
433967
763534
642366
703939
170774
659108
378284
13199
459252
448932
201508
615167
708246
832146
714019
356032
868538
316166
659271
505998
433202
99009
943259
75439
10632
824202
389369
941206
26908
495478
291014
460875
775365
933380
681167
946139
108840
59451
959338
84444
508384
677199
215964
732982
25697
929983
605366
894235
762501
780989
916585
195704
879999
376197
271143
890631
200399
176865
348190
227307
672343
639204
204534
447708
88936
402053
910200
714129
461505
385890
798573
486241
579441
530889
735575
605138
977224
340942
499374
739726
638283
932311
451782
518282
308508
239277
925266
25259
416142
789808
768918
604838
429012
973453
52546
34300
375506
479098
748429
353363
381341
63355
355956
960782
110596
91532
565921
87821
948826
581647
827547
103461
513958
795681
138096
338819
34958
579714
364078
967453
369522
132997
572291
314886
622802
624837
349186
514660
620288
613968
868024
1629
193675
740332
962411
304271
348216
44684
392092
297042
626331
735991
916856
656642
531672
54952
511813
566631
634666
392243
534084
4188
41592
622727
319074
180746
763916
184612
695407
384204
314932
79783
902185
508607
820115
380949
812879
168332
425633
204971
981726
568317
940963
898582
741311
472635
953534
253124
555618
104552
161719
606054
108740
203312
228781
944166
384058
992698
645131
595817
893254
960063
675600
795440
468671
495716
176389
281550
180400
118374
486521
162126
686691
943836
577061
428002
932824
530595
197478
488442
635148
359198
610849
260240
78862
355982
204407
462920
865032
365890
58738
758287
325953
734338
553727
794624
746406
246468
592526
926806
364842
595400
605285
51534
539236
182346
995888
988412
229293
193367
476855
864441
68917
604056
641034
147779
960038
361793
127051
825071
727683
702141
99710
53636
952832
169789
364613
699238
416257
473491
142397
297451
68891
264034
865337
124480
446380
861226
112892
192025
570945
106099
572819
156214
710155
213853
303993
186546
575646
947396
527969
303329
649538
627679
873317
602370
313820
237930
301608
730077
711422
960357
543880
296665
740743
409218
421145
703475
786796
534038
895501
874093
640137
468320
30307
866645
682173
850652
569543
257819
798048
97512
77500
447586
241543
950817
49956
555363
705100
867917
801792
932874
344626
345672
745891
85370
271242
167037
788845
58038
217427
684346
932131
373916
669018
962438
756913
351191
813090
326456
125362
127491
423968
719214
575077
181863
186384
625034
253578
891484
9303
571722
340710
353929
917395
86601
439299
704989
769990
744497
763028
503769
428843
695159
877686
97862
173950
634599
965405
503392
477408
607120
630883
417728
326334
722313
599592
512718
863699
369522
920554
873002
941245
261264
743283
858640
864218
698935
79981
150560
443432
843009
654330
388627
54521
48368
2841
744823
199319
968247
248215
676727
575367
395451
94456
418053
117764
210400
930772
981463
579922
851326
854465
521167
628943
597748
896159
9513
813035
976141
676425
256467
335502
330755
645095
390023
895475
647936
134846
94795
132535
899414
287874
224254
294865
898682
642308
928981
109082
89432
910444
205357
457110
281261
726524
602405
395361
139036
611918
208397
631529
288344
981216
967031
135451
626311
357055
547279
790600
8253
642074
439487
424019
929948
663742
235236
828631
822402
164217
454065
911834
591013
659422
885296
388626
902299
487702
300340
41335
615972
508737
672864
420668
6305
639895
556120
632617
513302
103399
939569
37908
261825
379056
461927
708125
559150
697164
53108
381552
861381
507174
809738
968747
682948
695035
357373
585247
699089
657713
142934
315061
682802
815798
735730
689108
972046
808202
838077
1700
427953
777646
39608
689778
156702
501536
914255
715853
198700
967364
613757
576433
474538
423496
545180
673838
634883
418906
259086
333972
76619
402020
165385
759422
734171
901115
964882
222569
709317
802959
224269
653622
580605
263878
343400
253659
281766
774008
485864
996818
741372
99622
573251
732262
39470
634784
406100
674353
53690
181538
524677
130309
583559
690062
406083
834082
591178
370965
56651
816847
690276
280920
470470
787233
61150
330222
40893
342916
104230
526757
339734
361954
142731
429338
94216
182201
64122
16669
372906
117812
198207
897583
764473
298118
587646
686909
132200
695176
574226
188851
28375
264503
986124
15197
51736
563626
861772
608981
422895
482354
652091
762629
844309
794822
708319
454877
977024
772441
471546
349930
406605
186106
763866
687431
484224
351512
890692
616425
563040
464918
321628
591415
245773
824104
122965
813862
904083
984737
422843
326978
467091
591286
605959
827752
386109
314279
282630
879485
603072
270528
745767
9678
456634
509633
213461
940859
377497
104153
73636
456889
569071
911616
564657
331197
252073
687622
145059
156156
672359
84254
483134
655802
675541
89093
483555
578002
919724
282537
973839
522797
553065
719606
48827
526052
229240
262288
983263
123089
882793
573251
579979
968216
484867
144636
299413
253292
832258
960824
925800
20969
45079
408934
193123
236972
14380
676678
331326
934104
475567
305165
456901
28633
24771
505728
554685
770363
284368
54300
409805
167161
627551
989784
135378
628770
650772
434791
882063
999382
911968
807863
20351
473399
733150
213474
710371
263882
406505
558049
197986
882072
863214
171240
427057
404337
193320
498094
691053
994041
552394
100858
161202
179945
606994
812932
325068
257766
764076
207131
257148
676044
531346
277499
149443
780848
7325
376166
44730
930182
934215
759069
328607
313781
446661
755664
234470
156333
770111
925523
150374
322505
26381
827929
18803
633375
640861
343871
891141
404937
67354
664641
597333
115052
458492
746776
895901
465818
639294
456983
912352
89861
732404
240959
919994
695417
512976
154465
851751
283087
79988
518477
121944
622722
346406
140747
772449
987268
970
179943
908557
68324
844584
22243
699729
303077
285371
595630
285247
924666
568965
197599
530879
817722
954911
450874
513139
467887
605339
881242
750974
201679
399720
872918
824401
746126
530018
596851
249746
530988
776794
674656
115665
621378
696899
815394
440807
982270
927376
726054
423288
496341
440006
954168
830415
394917
405042
343555
862804
526733
224797
130130
728412
624517
519400
69166
886996
49418
666017
653094
580407
959163
327750
212424
580541
24649
27818
537701
523272
955194
263755
462912
967887
220113
417080
798303
615030
338474
141858
994186
381559
883007
640668
109972
23877
160069
695490
427225
725839
361507
80319
822598
837022
408070
35022
417563
949071
62840
471616
472343
18034
735372
935256
985922
955485
868688
300577
86868
723515
442435
597406
105074
841794
238075
731398
865671
914496
426888
292896
640335
304747
373216
462934
141769
297638
497956
75685
246709
560797
547301
235405
95183
799025
687013
597457
270863
72053
898034
874083
795568
856821
471489
900643
698616
225916
148393
80639
140412
91634
889888
780748
396381
779456
243682
54503
593446
257990
130188
840155
335139
193841
591912
430323
992867
278925
544132
780082
350979
958519
654165
662899
815340
125654
79894
30308
351571
228288
627300
491983
319922
33540
789083
232655
812996
549117
287158
922794
807108
417346
762949
142247
127540
871214
88922
636759
666491
149407
416841
533822
107926
71006
196722
923266
713012
276616
469927
64583
504904
97227
72919
341178
130767
862002
573834
460115
411120
860992
382909
734580
794691
662210
393179
922231
49776
998454
558990
716268
147861
975831
250090
255787
563189
446812
695405
276201
723429
165332
857137
744685
778911
930056
85864
426030
308410
659698
886145
235882
520690
785406
970462
831733
963969
879994
753964
13745
878448
829306
246365
26309
321489
496456
798448
884678
459620
10205
677232
699401
691890
534369
444087
470801
464425
529951
896832
772835
706001
299329
525070
743043
601088
495532
574777
81409
891878
845093
611506
770326
674400
857872
312987
512241
870680
627787
396920
330300
637993
74152
29702
846235
124873
473789
317036
589298
520092
730220
878485
742445
545902
403555
485488
146990
415440
576617
228399
823670
421711
839905
593997
612463
214129
423336
124704
84809
51124
37976
415110
205469
628480
961164
51704
753353
951305
885092
859003
987749
615313
253841
730194
161215
173748
732034
824557
589188
825004
569308
412859
763067
925565
523208
375530
139695
462896
16586
740856
30372
54563
672318
235841
199395
633482
803897
952749
584787
205342
811752
572536
820655
65593
819082
498222
239342
551117
839131
344882
892473
924791
274093
655540
850356
313653
31070
506403
776550
564008
247260
806922
618571
919578
559116
334319
69413
879365
287068
170552
84707
615172
259441
421714
197118
78523
436288
436460
145992
275419
297694
38465
200210
88140
694005
566919
401793
241427
73322
694695
805436
836934
17970
940359
272865
577086
274678
342278
972803
78098
29182
57511
693271
288623
479225
890389
367147
915514
843201
513139
707285
657247
67957
423848
745387
278314
990767
663533
519742
580441
358228
841530
933728
376198
298241
206593
469636
572920
65223
442440
167370
94405
16303
860641
383029
495528
267382
266528
927394
626935
296019
151032
284183
363976
91232
545922
158643
81999
209455
678385
178792
84036
519915
112520
976586
334508
835465
446223
907428
900688
405015
591151
511446
421318
451792
410827
433198
235527
193707
876945
862462
489726
544329
146645
370055
635561
692568
528698
233912
418375
723435
412704
502411
759702
41577
478998
94210
877042
441573
1639
294083
362940
592790
321881
300610
560934
249060
250160
796461
442767
127105
175276
932493
187786
321921
302548
823347
530841
347598
57259
949217
71033
986316
967980
830735
544245
963330
924946
937639
921255
442937
748074
284195
552079
69955
101157
629365
319015
351318
425827
761782
994775
601103
210628
182562
439376
29528
5909
970218
377127
579521
435787
448160
82189
920119
795248
142786
883450
720194
80425
804705
679483
344852
605253
231562
414807
706410
860927
250175
57728
803106
528309
568856
920561
738937
751418
359938
284818
273679
846508
661945
369552
798647
626457
968093
718766
938057
110879
118568
658251
707657
923274
337734
52509
44879
85648
983668
751289
946576
750195
325370
266034
278505
894226
186596
533794
161996
62886
334964
435675
425746
996909
321580
224393
139719
289673
459511
77776
916905
578080
252380
624562
17706
106466
193423
62585
192115
177091
813874
655043
443639
655596
921077
238496
66174
624025
772290
228170
686911
623607
180198
629009
620516
18130
369754
276587
307803
829266
870716
741060
923698
123096
365622
941404
745914
75397
3989
938029
768841
334215
109424
212480
506164
546854
450976
572338
170879
739618
316861
374143
363225
497059
3152
500094
31541
889259
293033
339344
718525
163749
596757
642223
803197
962379
99979
549112
554129
620320
3493
322970
954535
112918
535450
460699
659772
502778
549390
347003
242396
866251
237498
121974
879662
757003
622068
911203
646262
915101
766899
881139
78851
363656
39714
398400
842388
139693
947512
396517
760013
467358
235839
230900
580276
287641
207952
756400
790419
757342
619755
549167
139945
857254
671141
19607
130609
293209
447162
776871
724663
214061
658010
319866
577718
697724
718266
936458
837417
182131
332975
113782
649489
568814
861034
746117
372807
68986
18869
163226
342680
638624
228745
482625
12230
899887
502232
142839
709448
949394
919710
434111
679808
94072
270329
257526
791796
504948
710336
145565
687079
43311
775699
336568
128477
636734
599037
501284
705720
617906
180862
48401
772882
409607
531026
785113
825846
549611
927952
535295
15357
364015
485758
695165
458087
272440
469043
766236
777388
179379
911801
464467
739042
687501
317387
383871
840587
916424
885155
546307
50682
582369
111060
823564
508329
158439
608677
334175
224402
52982
385822
239759
416997
871581
451277
391436
144021
436672
157672
437761
132404
585826
902228
871446
273327
735967
771670
113914
168743
656825
176573
219425
755547
803986
42989
263876
962425
168019
598051
186827
737353
500226
942938
154350
371807
394215
62138
32180
347240
219811
469941
479644
805637
888521
867442
595316
624488
639112
225582
793231
812290
918507
529008
567837
722493
88349
348065
684918
256368
462468
871745
993721
962694
814684
664423
850853
725251
726562
883033
72491
462725
869326
552135
784714
274199
935930
896382
415039
575042
121964
208270
387332
556823
253630
471521
279317
341980
819586
964235
598348
282055
352333
108422
244749
683369
289197
95603
924972
532111
494988
997464
994836
880667
65951
295902
154866
518233
708636
569906
93276
830600
294528
480608
903776
548159
952130
183093
890139
771716
663680
4839
570123
532365
113261
814873
732086
918811
426828
657059
450922
921816
170875
962111
802483
753178
258013
957350
271412
966650
43608
364688
313602
338136
361648
217378
886295
830130
916823
776434
118199
96856
297626
688322
629221
927239
19547
361308
846050
446375
18367
296973
368192
705594
259084
687027
458772
33449
644377
246536
516451
204337
611224
346406
542474
489225
563784
428769
319355
996960
721556
437554
93816
19182
125877
723037
462773
145424
600697
308824
108152
135416
605797
476344
841010
381233
679723
816135
414682
840453
62671
447486
44790
190248
793892
587264
679473
874028
16034
515180
870988
253942
952735
481156
789476
594964
204194
252249
256740
321243
77425
364892
456660
199574
841236
297670
580807
520960
630157
511842
361413
692829
959328
406203
883077
753220
509820
78902
627248
42206
594082
14589
296148
63169
495745
601976
658133
216291
370577
914874
537535
448003
279766
510547
647577
637355
324569
744737
158315
954727
256579
36080
647556
215907
958635
46985
485479
468455
642239
629079
27013
752673
643668
323161
815843
655766
441489
473976
872057
812067
388850
925944
260070
668617
436491
423999
305972
761061
168736
980639
715788
425315
533071
879696
157574
8058
443033
159405
992866
601624
788485
19879
354297
948505
859393
170140
604271
300882
644117
476329
629301
32967
918625
889371
217936
355117
829723
40260
116178
998459
537251
348318
940127
70322
744366
97701
594733
187399
773459
587599
789023
561944
123830
143320
26801
983223
313461
631073
800458
473930
623754
429759
506897
542379
835483
241186
413848
665206
281446
46378
180017
818698
394696
120144
405372
139062
734198
516457
842813
507657
104056
148188
585953
744239
807861
612754
727462
637674
760179
44272
111604
900285
990384
134853
442665
825867
376039
372865
7425
173838
419244
703794
992536
813940
823939
914260
469355
558137
430718
828520
582146
51126
976709
168099
795365
784570
297205
39180
938596
573737
599804
50200
474022
590188
185053
433039
932407
561093
805905
456184
251283
225149
159979
243819
555441
983918
674431
541148
58407
621501
369669
640553
188980
862730
325004
984345
647300
138561
539877
102248
228650
139682
152448
702673
246222
337501
652064
178630
414946
457969
151166
666229
199470
311145
426400
271264
811415
617184
812412
869822
238685
182081
26727
427665
44811
868083
928363
208463
6645
984592
310711
751647
640626
979511
454320
886849
317013
622737
581831
248311
597058
732997
430893
796529
560495
373645
67793
371910
507181
880205
241733
745867
578639
268460
689884
623450
652896
134599
348266
175893
119192
658977
927540
759818
154841
898213
163019
988206
520950
261202
236517
118008
994200
183762
914537
554695
73760
498682
926605
580941
895240
684690
326808
990231
469503
533045
130033
122399
183996
478299
298292
819540
653629
225832
95711
808470
640397
258730
796676
161347
519933
549545
279356
30485
249660
710245
101532
323420
725280
28137
904361
136872
229180
747522
127103
698683
280567
257136
821082
980915
251788
635726
800456
905417
377910
896167
230239
18308
154897
26915
179655
191182
92812
975363
221667
342472
201961
323199
665892
927241
867689
570254
64113
96869
317776
707568
311904
114695
964704
649338
95610
216492
285064
896066
638261
179326
308585
868500
197634
463483
411767
893642
171017
504580
385357
909037
363404
587318
748588
29297
30911
616277
599551
611376
229498
433679
318944
57754
64726
800001
707092
160336
532845
508508
572755
171107
687835
881340
555959
885469
861175
967727
295463
32193
988659
680821
941230
352063
784491
206170
381360
331755
822448
497263
943131
568298
447294
778428
626053
512020
578429
849497
188709
111274
358006
761464
798733
45841
159156
354693
447662
20332
838772
743126
568877
827431
940299
26459
179494
724790
232629
77207
572897
571429
90822
516029
139728
538117
294457
282133
566489
389238
131630
755198
16864
5988
33014
815598
51829
192171
170291
499492
728855
9063
758970
297732
352846
699269
324191
532340
940411
73172
125899
513309
644602
216722
29338
300682
271191
840147
99167
354032
745737
747149
109231
762601
753138
658597
578199
804967
850768
264842
820811
579623
790257
579781
393707
143103
279050
717898
191796
735814
307423
317695
249123
952025
50769
794813
769059
838312
151312
868226
192345
897049
131727
817928
659650
884865
476525
754202
206185
327294
19044
543348
423269
809302
123130
816977
952405
918532
51227
144201
170698
358650
978249
936173
827027
29018
247338
112438
867331
398650
497016
576028
812051
628744
393956
471702
29961
386833
742256
752498
230479
761300
295847
653749
86954
935329
987078
39360
370213
38305
699913
57264
913308
194514
993437
256687
223533
240776
369126
607216
155778
866142
699596
967830
11238
609904
955884
557552
996737
698140
310050
743569
975792
122249
913670
62747
573930
900748
618459
460496
455405
318372
517760
885065
29239
27549
141753
252772
268325
510879
376340
940456
893373
592288
908286
420964
202192
380522
978516
715281
78662
804918
458850
54454
927168
372520
117201
17450
273268
252012
477946
245026
86737
512058
130091
115976
539608
271844
885100
324285
299075
261440
264741
708801
370080
689379
129765
572272
69901
624633
287553
148563
429551
262756
719370
356719
635276
352923
890522
424897
604936
368468
669923
691673
396879
316366
324001
936487
104563
209101
777124
403638
986893
41866
628791
356973
247597
274908
929245
317499
899541
733150
982414
329093
995906
701784
202164
147535
571060
92686
572432
692348
977507
758707
384021
374386
75073
224374
827225
179636
433475
604349
99627
420368
162567
244770
777341
410165
519679
222938
244016
419220
472440
226430
264665
984699
444567
983182
132234
15627
75868
704666
707975
53375
979725
608348
944113
54798
832722
771338
750787
782549
375688
366766
202917
538255
611536
496610
464772
131215
235900
708788
66788
224692
935219
847805
209391
896138
830987
341625
911765
423208
562643
136092
992935
542368
260792
937049
113519
93514
708387
864306
392415
84075
747424
595332
138683
358960
608294
603455
6528
360546
828596
73316
585238
763815
437473
794630
176305
268461
136255
88070
691669
698899
740514
684604
757619
1306
621653
871138
611172
846393
251796
3587
930468
999220
115271
585503
358181
723565
705311
881061
84111
533907
954377
185701
814074
908202
980331
990379
693015
632939
594801
384684
848190
335315
585641
605809
336621
723646
476948
947793
86391
245096
467732
16860
244317
583003
118715
118850
306568
824026
999911
907031
357933
470640
92732
688359
378842
589416
678738
71858
222355
273539
972894
586897
608854
74887
192706
461827
798534
186006
925972
884925
431103
393704
418137
675420
976707
53205
794270
283275
877231
794181
706658
751517
781173
315743
439876
160015
905159
118615
231873
643866
908506
721120
230763
33713
796007
939821
495540
594541
125828
421513
995819
556931
331569
930308
748703
308277
983513
59325
107904
377097
369858
814563
128614
151031
646658
84842
827398
551817
719809
59272
195683
628316
780392
942798
662029
576399
882619
673921
687293
8447
611786
199464
81730
943356
646124
346785
251633
629638
922462
359537
523087
808672
690452
651701
959703
337110
252895
787102
405279
972705
362726
117314
601021
659470
60112
779402
752221
459084
969675
955866
983883
581462
155330
65614
524818
801455
928751
292803
947445
367566
168692
470532
176238
375497
638585
135942
712607
891480
439396
634239
380537
802122
751553
981558
977944
328018
277312
730165
787102
246988
686032
770985
344802
357714
352951
869620
675521
281703
678775
622966
649269
847467
609850
825507
222964
764787
477801
451924
172620
917197
86163
553157
235671
837716
51068
729967
165734
328380
460133
469188
91720
146165
240174
436522
20231
593125
822494
695753
391180
501269
318719
556801
865089
444922
382309
88053
726061
376462
56329
898681
810012
142492
968191
562035
496561
19259
292003
178647
863991
752136
647836
955712
414653
888010
908586
434884
997487
247433
130637
388668
748702
965709
945469
130143
926983
844130
734549
653044
736945
790878
68078
546957
933371
36269
625344
946284
55528
917347
124931
919519
185835
289119
391583
600488
177129
816522
551725
690969
63955
198714
595989
329009
164423
57810
459153
607758
901941
193702
260803
155238
984580
328881
218547
434303
365150
843891
380587
937030
761239
21871
372901
947074
310990
764485
63915
4472
581007
131992
211793
161314
330706
807782
490323
11482
865592
949476
619240
767533
143178
880043
439123
644111
725276
657670
594766
606778
501562
491706
543808
779153
513577
916710
242579
340919
197547
306494
345391
294906
438486
557184
456220
285545
881318
946543
297027
746911
412372
916267
30796
71902
312663
469920
716013
37939
127590
310780
161070
145504
802486
221230
924657
832415
654292
167237
173334
851839
990083
35078
663097
944922
108614
635669
230467
989933
98565
43846
253196
510937
960113
283992
582839
272776
753912
815205
827068
397855
125985
504490
59711
444823
725720
984369
793590
380013
667958
483276
748204
174393
34706
927654
635667
143321
563323
866134
649606
661888
909980
419154
689177
386446
703146
272017
175574
973411
87222
518994
887618
729559
23484
947329
690734
265557
448050
484324
161922
632360
967600
910126
323106
2307
354132
958773
661980
433808
341260
827938
95696
767592
247092
301226
154038
466590
573243
329613
440001
176817
364959
843971
422728
388444
791301
113462
654001
755703
597786
815923
388064
81738
242401
711170
84045
112886
669943
262377
546694
11203
90315
158742
778796
853759
459968
449186
320350
549563
295151
760351
726380
660111
604323
665460
48555
911976
778922
218908
667679
893060
551183
572095
974799
309936
799617
575196
422822
469561
837574
969516
997116
444241
128259
292264
298001
588227
257803
618351
654143
552954
895054
896875
729417
499377
562336
294324
927705
341258
513232
595385
234319
580767
683832
725470
890704
483450
300666
313526
469363
654592
799395
466479
98834
927654
275096
396835
32233
532899
531538
686376
602205
426592
583252
331623
442322
661940
625947
370027
3198
655532
481764
753869
236299
165597
479339
643355
649047
780006
956882
118410
950950
756277
101241
49784
200283
892689
962971
748868
941940
494509
435245
544146
437454
534849
392121
879776
713141
534420
249803
716339
189952
247920
470209
942604
413517
465900
585959
578916
762258
59193
213678
713209
331822
314919
762993
48457
207609
242317
797326
149549
736826
748923
210047
174280
800124
118520
570408
513265
652941
336564
229604
359245
584484
216165
818201
514353
198418
920513
93269
960676
496058
306947
673885
827881
138218
953231
876338
862179
195548
190016
528081
448726
938939
738128
139359
739063
373001
709767
252328
25942
562683
998285
901539
147167
730802
719741
177872
929220
156606
787493
889897
652664
610792
80134
480545
749011
549717
873236
611190
745265
63252
655623
710344
518544
910104
366055
257607
283105
592174
26288
825399
154858
24573
726938
818377
755375
963031
996250
200948
119637
783743
607197
772302
910888
687331
769199
659899
237049
158787
787441
498666
738392
443065
725362
256936
869521
91417
514543
152626
683592
540831
978025
838450
81756
221315
656827
837132
184347
169429
554432
820336
469525
161629
108990
380413
848960
878190
556664
602361
36977
344105
101028
775369
303522
826390
32305
173043
434160
63201
842021
117752
120384
820046
956202
202141
557714
129381
555625
258413
298811
110057
78749
768336
271686
704092
665101
120646
582282
221765
239360
135611
565870
856740
427333
385745
199482
975990
75140
633642
39191
917162
751394
159576
253560
707596
878069
811274
353330
433694
586039
652141
543751
181141
936829
815437
885233
601930
452435
983867
340047
691795
119478
422269
548535
546811
808014
264370
39154
399507
898012
594697
316669
649407
754273
86581
873355
148694
897856
226685
582388
247
395178
126139
181388
848359
941576
582973
966641
394012
566840
306688
602159
686319
728958
667047
749482
53324
931417
304988
452831
829429
899686
769500
995188
170311
856082
868544
319006
270290
611581
901394
786889
6760
27534
968278
371471
485462
67603
338113
395826
634444
644801
997986
837115
890111
665033
102949
943436
596450
407938
396267
942231
307624
682120
937420
994287
538202
322316
313293
324844
933897
214688
111733
457009
758574
596363
828481
760388
663967
166594
156215
814763
327747
154201
651878
217859
335586
754827
161295
448388
679117
73914
390619
986741
756034
844391
981029
810588
166707
810674
651784
100605
541714
763518
73966
300288
876233
902447
60677
56552
585393
733244
871315
429493
403797
523193
647352
739383
794373
324999
704123
473490
398913
611094
976584
671300
455486
473965
481888
138545
284639
133673
755502
342706
413543
829469
159346
806128
248268
736375
862681
833662
469619
733996
263155
873416
773542
426859
129151
84267
751858
833274
74109
667123
444369
50693
854775
416207
41010
336664
554752
842002
986689
310255
184708
916584
139724
344054
722712
387992
80430
101745
738006
550049
835742
1161
939818
125636
944372
68969
209903
696230
418596
284012
879706
862965
851058
734481
279172
892068
587497
350276
250422
90538
660531
435130
7122
800255
295537
246187
704600
375967
347932
442606
442368
700026
960120
898538
342014
904492
967508
68269
117075
386104
868634
996781
765421
719692
247614
560945
128112
351464
911221
378535
442002
571753
330017
965477
888360
625554
728016
109312
517873
592300
551919
476594
292327
512039
375132
634341
416531
858992
702611
49958
761448
571245
563091
526869
807289
810706
604166
451753
678522
31740
830288
636876
119845
676658
118705
8205
302212
846721
117518
336438
439022
185789
813032
247701
214180
188164
398394
147063
47157
617357
197022
808605
704954
760113
851827
512243
87171
455993
963997
765693
4085
310637
402570
123930
503647
521275
132136
322212
884349
766006
658650
839723
468147
471682
87424
682327
659846
485818
345742
223355
103176
542764
548313
324482
819230
400140
836726
906401
372485
317075
672095
376571
144064
591017
500501
647712
112292
148989
969924
512993
431347
628574
352716
415846
100256
440140
614525
276454
442311
960268
499810
61839
503032
564475
386321
322262
964615
739399
745016
853452
56474
417111
230023
716891
524480
246877
364603
636772
912218
850879
149766
859918
995805
18834
275764
612413
975327
890290
888867
417638
850558
905029
995829
869942
469504
898502
708557
950471
637902
453573
803924
210728
387036
550299
927619
911516
313528
808574
64640
225747
175805
730758
85665
171610
749593
361429
784023
724920
768071
189243
658910
618629
610624
654739
4924
80129
69593
713481
546952
707495
683406
350876
434576
70442
417528
878547
981958
731056
687122
562950
956803
379279
293709
558820
550890
559654
436602
851265
284574
204673
40508
459836
823303
651133
114575
828227
247614
184168
58060
794566
408016
741466
661795
842592
811908
79323
721139
310218
326731
924613
389520
799887
820245
683229
358707
371135
242883
795309
222400
43809
999983
779261
503645
339638
430394
134572
684217
194360
835093
742277
988926
243109
95
167073
602053
812003
762748
839544
638573
89480
280510
28093
889367
100755
227675
764426
471890
470558
76088
210642
30720
592423
989903
534365
932061
936649
668938
132630
131009
20383
391259
636288
779844
391354
803361
381897
719709
566110
221441
358282
655590
18303
902727
61309
119058
130402
342087
107300
117313
418175
317943
148033
10598
824198
198750
459011
277200
867688
107993
924561
404423
499252
560849
184267
890606
364211
566164
126667
446673
303958
484949
618615
322261
904029
679924
957672
34431
538363
64972
668096
956539
899267
816129
483489
723466
14880
458853
517018
398920
566846
441579
803344
582451
2429
503963
989409
882992
70128
116077
329665
890438
117378
948280
729051
21407
144556
686723
572191
199271
751696
240287
155810
167315
56417
155652
407133
587649
130857
924151
986569
697703
365731
306265
796506
884512
810229
785916
283856
396709
418345
129873
287147
535723
594505
532550
557131
739061
219274
129322
454684
487322
885961
610495
654637
942378
282499
61771
530027
413356
502274
32949
627411
384357
339214
423918
785221
665795
726186
69077
62504
144531
198950
866003
196606
793455
398554
753737
48868
134180
399411
503553
137854
285373
630400
308843
744103
429251
886966
790483
842607
389241
823432
986370
773598
678998
926640
558820
861146
652826
144249
923650
313709
343200
306006
510316
653007
220912
780405
218228
871444
696169
721781
9298
981542
868533
834493
241997
297784
721460
32480
656743
110701
372264
643113
400651
567615
569754
475823
428761
738932
136425
868763
52642
479625
174769
562958
648984
395681
859715
867212
267125
555884
105345
792775
53778
490230
627269
295776
304366
348729
844608
961109
975782
733225
120575
892785
300840
690329
884961
729601
429261
21386
114716
998255
17363
289486
77565
666347
201519
937281
49912
984997
493165
671609
777772
63296
678192
921393
875424
982558
270122
720032
943668
762256
969609
580595
171394
270449
270924
56355
516402
216537
77741
631119
731145
95104
436957
808710
277803
638476
745991
844067
623473
755509
32029
917598
335157
710221
838991
210581
692779
625466
446965
152799
387722
416575
733394
559116
687024
520670
615471
719779
737208
209564
350898
468353
821020
787855
793415
615176
942683
55759
975595
82509
811268
7624
107
662777
717845
355450
873358
926977
980916
320323
79776
368639
736898
329523
444107
940275
850193
575931
660054
103753
301847
527304
88458
122868
831511
881874
254396
290546
937633
229991
373055
265253
237616
889514
928030
471813
244965
317740
398790
225881
638063
994919
110872
891314
324442
554980
831589
174635
647263
7995
278389
949110
51651
366847
588330
883162
765073
842726
173708
702706
589070
63116
484311
343038
952630
928693
814851
197595
246433
213642
423477
884497
724913
534349
292163
49355
605681
640104
223990
769296
648099
18731
234759
699750
901931
339441
99264
667004
698520
272972
886063
287590
852440
886726
630628
805071
815420
445479
2666
61853
175473
942495
462702
900386
476845
754865
466093
598878
394969
206436
884527
559420
225167
119286
259170
643450
975079
874786
826807
673599
664111
712870
961189
516551
115948
108169
321622
931368
70001
324289
509574
761826
266784
488628
178565
259981
243494
644658
375212
154815
851094
776091
714236
76262
411729
489758
236064
386808
364545
62871
60408
545008
292093
537949
61559
408042
162471
383182
855762
232472
223823
881688
994298
6959
370317
689215
266941
613811
333874
158505
284978
184968
934596
515566
777582
346325
5325
13647
249485
886222
592870
309893
431230
884964
364195
9141
809358
526666
392323
665120
275490
132498
546809
786140
139458
917126
475356
922751
47289
325582
81256
332267
510550
532204
847834
804485
394881
369511
334484
644366
772085
927354
470612
719667
812318
834807
728808
621676
877825
121132
803149
669667
769982
866310
455807
909440
783436
447515
832191
347077
773097
429799
195696
800000
962003
559882
604485
356884
929393
455321
517603
217830
382675
988215
937497
711346
339374
666306
849374
217199
303790
652523
403218
73772
35185
859025
983213
818621
306541
331756
682050
595990
761556
877747
395990
239911
953981
475
113148
399727
455796
630751
617557
354824
618966
555055
66170
474692
221361
431896
208243
41503
600772
611461
115275
635957
470486
614840
970931
293379
946597
652981
889370
224505
47080
801712
464416
1062
802188
577564
400789
774336
724667
18346
645512
859985
89753
228034
334677
827466
659931
59272
868969
260703
670733
984245
413012
657572
115437
383943
950951
62034
553277
356673
802891
600357
158386
267308
117771
476926
361224
518560
767614
602244
53259
413127
462229
659364
641161
313259
486831
817444
372531
355800
78147
559617
856397
491160
217189
488187
391455
684492
66573
944732
557518
869465
61442
715904
653125
179213
709182
530701
214126
993148
132945
783737
406275
111527
443101
563789
941138
929932
897585
313669
802085
975733
873286
658482
983245
606827
146669
891052
291320
729595
835785
848838
599060
413579
81094
252185
592792
790276
782886
806918
299776
432184
107007
222404
60063
550109
302545
1201
480041
200130
831222
282126
175863
220861
456961
675460
827688
119982
82865
119008
849577
435002
484198
448637
848581
565292
217174
441373
871920
516413
764644
171697
948597
871651
394101
8660
421760
696646
526213
418154
413128
357435
216632
105344
578296
673593
780804
922337
309928
380021
41345
159505
815023
41896
124495
663604
607188
858021
104978
995461
374434
385974
683510
839383
773977
593963
364395
712090
806961
890608
130244
220089
764396
346876
325433
859044
536822
622590
781381
846750
2611
339079
522607
817635
380975
163454
481239
504515
21476
102569
499976
912262
4895
183486
267998
778873
293801
632393
490963
100762
39354
137559
320852
320102
484435
646285
179146
21257
268875
960528
384359
271487
299607
906967
605474
196934
70421
86713
701449
608249
705635
717778
36864
710530
417616
304862
489403
711418
453607
496718
812180
492961
634277
649384
813063
118713
295670
508562
656322
80897
469090
40682
868736
285049
464001
474210
481983
50774
560924
183432
175376
266559
417562
212240
977089
835179
517102
982845
546597
970709
479563
875129
980023
113841
524514
793086
748906
336536
301648
405228
417433
287090
962262
286170
572139
426263
760380
570474
993390
837656
753907
168766
104215
687821
381006
597657
523000
898108
580502
585949
385169
576417
977431
365192
206610
501945
674631
955516
838481
492631
877097
772266
779722
839359
58436
868213
781975
335169
438688
291717
172825
708947
460483
793393
396768
841489
391050
436121
255949
487904
22070
641118
580673
999501
522663
787284
17798
197294
742800
372631
689925
136249
144898
985999
491961
719686
854213
790288
54855
292901
82005
227681
518200
542488
537426
914968
900329
928476
351089
672630
932732
373160
830100
513405
889013
352763
300689
906812
66409
559842
279443
272687
212443
424341
258686
704404
660380
629251
494692
715235
438504
576697
459268
956704
635537
996694
871673
535866
441522
222762
724848
374254
112274
554949
404012
517640
424064
221053
424452
490474
297247
220247
763161
509691
160941
538199
214095
821321
167451
708788
52908
605955
801837
512177
562660
437375
508871
434333
973241
950394
173447
214442
841000
802074
769391
245012
319714
193455
982418
260518
200281
279665
480765
963442
789356
158058
501642
519804
979379
185445
228592
32288
791400
30429
60817
354060
467804
569688
304745
957398
36434
994545
171840
393787
796619
457583
155151
632685
167390
137569
893203
367672
933587
890320
847466
722943
48379
865460
242747
544110
50905
987691
92750
842306
534473
153567
712718
518629
239608
533816
992379
792394
44713
680571
186181
841332
138154
341333
474017
305545
995254
883572
189569
928841
773892
37035
168137
822271
902496
927236
882734
953401
431280
975484
312059
965753
129052
541130
734
885012
591298
993114
677406
636011
673685
863588
477343
328192
721273
467712
150089
232879
351284
339658
161721
641528
376693
846210
463800
795541
773446
346534
748943
204726
838370
577354
686831
967422
118484
687566
368786
226134
197032
46193
862145
387069
426133
855840
715261
663758
323552
381702
896637
191188
721360
574710
832717
614406
937272
812869
409947
710719
675755
675242
431797
514125
252597
634981
997900
887433
322547
366686
113568
519579
412879
975713
906648
839012
831554
138262
19122
671458
519964
915760
378999
757677
6822
211716
372083
944095
24585
298382
171166
216692
973625
119315
730817
742574
754296
728717
630007
593195
95404
259927
112774
24635
751993
535775
380000
99899
190389
399122
771357
226705
831234
666708
984382
838057
878424
872817
298504
419361
171200
469670
636053
661177
588985
883223
403751
859634
611940
550110
452829
223696
326390
81956
248332
78383
134083
628332
178282
324472
27454
465991
551177
858689
132700
51912
213098
527476
924729
27954
463190
95929
497624
615595
273458
602961
498818
677209
462595
110759
743672
915425
334455
70062
997381
582787
148445
131464
727471
843079
972288
754926
825422
39817
129967
474474
91729
859417
1951
16459
887371
981493
628740
901347
597088
902199
20660
95907
95760
483256
723018
839432
915033
573825
909494
428766
672965
574291
76582
400436
933722
565222
671714
759145
605039
801681
233619
213121
661098
751922
745932
64821
733415
374672
966168
846856
793223
986829
942763
405336
986437
182133
244768
417822
755958
670615
362940
428923
761258
439522
345712
694981
4744
17426
454126
126135
819108
204097
339256
996558
472372
85188
577732
205787
976213
543900
568995
285788
47081
511758
691124
549870
210243
452245
967692
966202
122860
330632
911477
884118
286506
257189
95451
291250
274616
65929
933738
610076
270027
272994
122986
258751
358183
700718
464538
850748
760971
549886
136536
808052
61644
827661
357923
788240
279906
841967
754442
919118
172600
665919
319588
459106
439461
415040
266709
230429
997321
716799
840505
783700
989793
963491
42451
864328
180562
506990
715076
941533
56876
367965
265937
634872
195626
623860
423112
991884
982180
693906
427354
671132
876178
746942
130238
315639
678334
913299
546068
675656
630098
902925
459356
136244
382768
501808
516924
563330
525150
748353
504863
98378
116318
770801
249602
828296
911013
189067
820180
409545
882973
247534
80677
275503
510828
727268
107494
189163
640567
169914
381171
787018
72839
840527
439614
971960
858687
956538
535290
900189
704891
556506
998567
821209
327307
764522
649505
754672
953589
986037
164218
352914
233571
244895
144770
260752
972163
252264
449915
129083
422179
347438
432453
11370
704317
872067
983330
563005
344957
34973
463194
49849
591479
978114
387410
435138
742636
553268
189810
212577
539305
870380
81843
289229
631628
226613
549981
120143
478878
516248
765578
417409
863686
714383
945131
84355
102802
928462
647360
447760
963435
626907
13961
71266
121373
917723
506404
380361
470991
212566
109290
526649
599299
191133
332230
230927
417747
398563
867422
412977
914811
149353
830386
294849
863736
775517
895556
966539
220331
542917
930651
700118
686176
460964
287736
323901
378687
794140
704262
366031
6707
813552
409032
606006
4685
741262
353285
938784
139825
737059
351761
570988
886412
698499
382189
266501
990369
277745
749392
727052
337014
680043
427171
539542
141007
714907
863443
36046
25400
84057
918429
32107
897609
327461
154465
418647
68723
24102
873783
724900
761161
225545
812240
163926
924044
194429
430427
914413
988527
179819
641466
325541
859862
584989
381436
517221
816248
244879
69619
841648
328937
988049
390107
742898
831862
60924
677897
416938
85026
551681
141838
846188
777226
954079
10114
217622
664860
440541
648388
653387
136712
806206
495281
512926
391195
876717
546499
723795
637948
616118
81796
966885
120519
471903
226136
952382
532828
904033
369320
134206
455714
511158
980394
749292
981589
506860
966915
162802
463753
615303
816189
600465
421509
827822
113391
329056
220891
659890
52851
858840
792361
134647
342077
912880
122903
568213
381614
172083
472247
750934
822641
927961
778445
803036
677254
276386
826248
160521
439188
290002
775824
771730
406819
713685
599552
36563
42741
820444
212805
611944
679284
5166
262944
537713
434399
902199
105927
816013
74282
578174
83300
413275
22487
378097
216311
216093
654483
558912
892966
93672
365266
668790
865402
288437
898827
981306
325000
457920
801750
54158
69865
997386
575676
849161
535100
10075
751360
157379
342441
341994
251905
942093
755269
790744
320190
487933
6838
974673
46845
899804
584697
928463
84947
450099
216900
500126
431406
541901
958047
749508
112411
27912
263247
688087
877073
314699
698163
144785
472078
556956
486779
723983
499049
242048
514727
335591
729981
37917
310264
293178
454074
894962
221641
55373
861413
954894
555499
809171
496795
513546
75032
609206
57810
338279
813645
451235
169330
511808
112372
641408
585116
599151
881743
600517
357552
912822
936108
603885
950740
762725
897064
921166
174039
635057
976539
35452
589951
48390
360976
603098
78289
436008
728656
652451
290639
542302
103687
459969
570462
732411
617729
671931
331563
499472
272448
689115
928646
724909
809352
395738
487634
222768
316904
661673
857826
809795
213477
964129
858186
574453
83580
936475
526813
328588
588926
817452
387242
208965
277421
474057
941377
411502
145988
789292
427326
934788
478407
355973
659697
804111
751711
663683
26880
584968
841708
401058
394763
55186
365187
252949
145991
965119
189424
672805
293708
294703
6609
197302
503668
800383
671359
961397
211885
817347
750689
639212
752136
745448
511537
928185
549560
779600
108221
576440
364568
949929
977498
759332
521467
859037
12281
667459
340509
718058
856616
150569
529113
863225
347871
549133
663608
535583
510531
391846
352930
261220
31058
621418
523021
58947
65956
72581
838547
174177
165373
203116
124106
659223
478800
645574
34612
491081
829385
375121
725491
202353
42042
770956
65578
906266
320090
245539
441849
830621
637385
794779
608193
184795
932550
131214
243742
998506
203795
598641
689035
369168
801757
813141
544743
280557
975067
579356
287991
320804
954477
529834
523157
512872
300791
105088
419138
620881
866979
860987
967854
504364
172118
576047
205511
104668
223614
965605
619526
427409
564246
308561
312930
882356
638055
374025
679265
129474
953381
483608
966631
424211
13443
6140
937083
830586
111228
356221
967819
494559
217208
452025
998923
389326
28072
720786
10347
251686
686391
146225
195448
766990
454787
24730
649346
609194
398755
328611
255020
868489
812220
221651
292700
342015
227792
229783
172601
855372
102356
656772
349932
835916
108797
865207
741594
653221
585994
751941
421260
788737
898167
133060
555727
869306
157790
205073
994852
72897
50037
249872
941386
862257
471524
750438
720624
699316
980221
893225
71040
598929
66349
420972
434845
175146
802532
176440
828367
904878
444733
249627
693615
342900
382687
249343
728558
56829
970768
723410
646079
20805
973283
587465
399414
961159
337904
120038
660475
834477
529615
247867
433407
595964
668840
384604
287462
471372
561044
115830
892602
5778
881809
586217
865030
780849
351912
593589
837678
839033
833351
483757
376190
806634
587575
775605
767793
441831
411995
944620
792660
457963
192488
226067
570279
377680
610672
857742
365404
688068
489924
258006
693846
888085
360575
558877
668934
712488
668818
22965
551521
502169
23074
927711
825156
610649
219668
109301
568832
148016
570274
361493
605979
279114
103912
692610
173146
230936
66704
538550
919005
556628
312908
612851
961066
673483
688080
630000
902323
873250
169317
970196
375420
192392
414260
716928
803041
633928
342581
888226
298296
429207
249719
420627
708321
353631
113238
881467
584568
179942
936369
503573
252923
765629
632776
213989
439113
837209
843989
857788
710459
13307
827985
602231
722051
242245
835511
41444
392525
178093
929670
690822
123652
179389
111449
831974
49373
224687
229793
150293
920982
682515
170218
173905
448144
802994
387894
403609
156555
748235
261398
867015
277894
89383
469246
516297
847980
821110
557742
240505
999203
487412
931327
122855
183154
559129
471181
748879
300168
217327
899172
221150
416194
69390
911407
864338
388736
815653
784300
545292
80241
45698
928659
358135
651433
914257
874433
499413
735367
948527
739918
250922
435939
187598
890130
135445
746727
361311
884324
46895
94990
299848
784398
511184
369238
695805
891875
274327
511459
676175
335971
108052
238225
264630
466187
889658
695239
856972
389071
430607
321851
645341
681529
757791
349291
571659
409588
612370
449323
293913
659266
60665
110113
960016
571850
995704
172173
463725
270031
199984
656252
122354
308036
894477
903336
290576
784135
598575
663900
689558
29182
985752
851251
227064
259895
200543
798723
669483
812913
764398
479748
988531
825064
589862
464899
913266
585566
637073
376991
371949
837057
549595
494303
661446
444072
397639
952022
744559
996214
615922
434117
541749
118026
801720
768813
377921
2263
83888
47405
331529
848287
43505
836412
673351
633367
301312
586617
735285
454737
479960
623586
291794
545907
117889
469592
989979
31880
421614
734538
544447
553889
685007
86196
671915
486727
371361
49837
488991
455249
613594
336872
303536
173451
173284
493239
806819
990948
596208
58456
445685
592520
682043
253832
138427
316284
723424
644758
864517
661391
379296
925316
731632
64303
527864
403547
551031
899225
969736
556374
870826
99682
409598
174363
273134
99234
183954
596305
90183
296515
654761
535868
405387
853156
306052
543815
685793
545829
188573
66662
207220
84222
991978
938852
664877
36194
858751
215908
935419
828488
288634
806245
444522
698232
496960
717656
797467
197267
313961
404002
493782
485075
456222
899169
854583
762275
959336
56728
308104
664262
123390
31676
264836
631720
486880
929713
667914
345631
661974
603333
690471
950608
925931
134994
165193
939243
369002
479012
136510
682964
883014
146644
684391
339236
562166
538974
617863
521502
595703
442319
702116
235445
990347
966952
867166
477227
413018
535080
339211
74992
654766
546034
25600
580697
681028
707145
519940
566383
186157
172803
765699
69171
319447
450090
924760
881613
505416
58975
919468
617471
501295
137936
852917
7994
621241
236435
485222
34259
771515
340785
109251
426281
886819
134851
523330
84200
841997
559623
650583
544506
248778
416282
130030
568225
382724
54790
966191
888140
630117
402011
21964
647764
539947
874881
655759
161188
111316
657333
711799
399183
998118
821050
341817
884937
472254
381499
485489
830603
457474
136072
375109
706252
68706
505139
790830
451430
76281
273373
855923
706399
675384
394239
354163
731683
269120
9922
409224
896788
667255
121023
812323
181725
942074
670492
66663
414328
51992
68504
244931
509466
204577
620040
732071
789635
641532
522901
757418
717813
796274
129693
424212
471658
523932
778376
719693
309404
304650
128917
206192
971906
249941
534867
153631
192015
205360
736646
122695
257352
805151
367626
283170
526080
504018
15241
315715
661902
538142
589485
379716
850768
719178
803928
838778
243110
98656
558472
552514
403307
687389
275058
891565
937330
809926
561548
645697
531638
814547
768392
305342
136050
652370
588512
662130
672741
120106
494197
334643
174600
83683
714359
25369
319213
34640
864147
562324
649648
422619
114838
52955
110009
906249
460872
563691
232527
22421
209389
764165
353320
494133
69507
489370
662856
174371
151500
335597
294477
162049
186592
469078
762084
417304
10799
81298
451944
874946
643622
101592
297566
274812
670900
923927
697413
648124
3970
929940
186897
729711
210457
540217
740197
279964
29587
403053
970688
181087
738650
265165
859489
441594
250595
621573
858898
261394
702871
310842
136341
346493
928787
950259
137658
116039
390538
835071
764163
910860
281364
467413
640572
491821
7630
380769
771786
37218
783822
258826
218305
38824
40343
77794
480418
290939
215720
855669
68685
918591
682863
721378
781437
611650
187989
919095
244041
94879
270518
524557
5740
551882
991970
646312
43704
999600
543433
331842
36818
843607
107020
771476
398783
147363
365622
395553
438302
581342
251222
23340
499934
934086
744718
797723
62088
932708
233170
822482
27587
503688
347039
549679
571923
855361
712343
131979
371313
255776
463821
924484
615735
570841
212312
14518
234556
577934
926424
672859
675629
177646
212551
691915
628084
957269
489638
690173
406329
722808
29007
950269
742848
892398
499948
314771
747759
728644
446750
635424
500772
426923
559908
116508
514116
772220
647378
748673
866507
573802
937884
542136
267801
150435
750403
895885
624056
240041
102410
30386
479201
647769
497007
222049
540167
513307
536821
804278
241951
499923
439703
742724
926847
515963
375584
440963
804536
22962
189636
671043
113117
127520
729531
897270
794307
479934
309507
418364
236327
411918
965102
715528
576039
462109
937577
116207
975416
990750
436837
733720
490674
876540
992796
933873
908856
368380
374836
713392
907694
80825
384435
20811
724697
630318
434433
519005
110252
743941
453721
346579
672211
418823
578459
248250
397284
516036
364457
889052
23139
317647
622772
30165
710539
615568
964038
619395
500300
855226
849139
407995
452403
749926
945158
693453
380244
379592
728810
490496
123533
182531
353427
795744
117706
931886
560346
514990
964275
441156
404042
987414
758803
26815
533931
469342
158735
497969
88738
175388
869547
937877
99735
838303
687804
561245
531756
584400
457189
260566
74897
97074
443097
944676
409170
560803
876563
969517
592145
840838
410673
996187
344604
169476
539354
878535
155170
214442
892856
243908
389830
278755
698138
5917
117058
902294
567162
648814
486694
24352
909380
77943
637778
868829
22620
46949
945984
415535
16466
538129
772725
943491
50669
117329
112967
590023
512216
268137
320817
921424
28398
226999
200179
242888
232916
833590
661534
800079
482404
148228
340783
908137
742524
978561
293318
765144
541862
755655
697031
558328
810136
469756
18171
860805
587085
647490
967181
615653
431980
287998
537077
460378
514998
253608
219618
747914
87198
881152
64345
85955
545732
921480
510444
288256
416394
803762
569752
958256
559417
266783
32937
369554
736539
51108
746711
839976
698599
713892
971981
130579
518243
509058
107309
33241
279019
326927
297507
882569
724431
878205
968524
270163
799685
478968
74772
732431
799083
644524
690688
874852
427660
239977
760758
164199
291085
507470
520528
506036
737714
492509
636615
255957
517920
260276
289198
796939
103555
586706
195860
827986
464911
164385
614502
780948
159705
689274
513380
475140
850150
720420
349993
277810
960397
110751
958362
767834
134573
478890
273871
872288
487751
426838
128245
5671
687115
417444
318962
790670
520502
514823
135009
501765
195560
749511
799065
355265
955137
828797
346758
805287
549217
696751
599450
509614
323854
557812
793801
458428
553054
67672
330716
40805
10862
458961
562829
697977
392757
881791
5000
429611
396614
656361
447728
592174
922224
246794
463792
877361
75591
810550
199000
141161
23653
798450
167127
347507
872614
960928
805935
942020
544952
136651
982826
555815
111965
545655
770144
504722
943798
291496
450686
340413
947857
898414
448939
870081
661560
429083
263794
253504
755985
979147
394665
779638
293949
78144
643498
166564
39073
449433
108584
584025
102437
607762
139840
214402
669769
426337
235476
613568
717833
202514
470333
665691
100929
919272
52124
278841
864708
832271
532345
620693
811418
443362
916684
105367
521507
560182
788283
560580
525967
896868
660957
144756
20982
317150
875510
690752
743487
110987
820672
461320
829853
291005
643363
930782
726629
695488
725976
591337
44111
258321
212031
855529
701684
645067
960896
739543
205249
265532
300123
247568
678752
477432
392325
699734
794582
267835
906838
538069
895174
727510
515742
725028
534867
159105
172162
261497
370945
898138
852834
415056
156460
64865
270585
374496
709932
747834
114039
431533
13366
930514
679102
692118
407946
71427
908204
202529
339262
331395
256950
750789
58905
772692
475817
593773
448150
647979
371622
819095
546118
224456
234152
218930
805674
21089
593426
31958
285275
223817
463492
814993
154331
658946
23463
78629
246725
931668
797510
102339
263063
54461
853128
838320
343505
328945
948445
791655
976925
320067
610751
39395
60876
361255
258325
866550
898696
368103
898508
700324
108272
878352
515317
778955
537298
538781
857584
300375
986801
171447
402715
766216
225908
772195
120888
569413
101141
585686
877421
594418
422105
488172
150165
482981
365779
408490
349531
780827
292945
764392
481151
917569
642744
996469
696524
696395
51602
70460
996770
554755
241907
915837
837323
984167
688033
474563
553581
789174
60249
947354
899944
482355
951878
50109
481688
317657
974951
831220
98484
784248
595612
579636
701817
754708
92457
398341
451103
660411
985153
447874
215166
227061
363711
568841
211228
51744
43404
281161
357270
620006
228515
257214
618713
180393
823675
100401
14402
798626
447973
112887
582874
43585
208875
284691
798294
817684
199384
765749
478095
184538
213623
209613
927951
93687
778454
139179
661783
821858
936693
19054
958216
681560
792620
576929
861954
616296
677331
876356
414922
125304
505595
514149
685242
230822
315192
999888
48506
514577
765637
42953
215467
979261
252566
143418
589300
31020
798949
251083
369231
251994
270137
327447
933555
62758
904377
311861
195406
98060
704569
126680
223364
210165
640829
424958
957339
956022
424846
522198
986951
190484
565151
202418
686097
817718
862188
275397
365090
177489
42832
734321
429484
312970
578121
879391
892080
998850
191252
603838
96910
895821
730518
836626
622338
371348
261585
579678
843722
686431
618228
347025
393267
183379
65795
79364
517449
927983
871113
398892
621824
913946
649565
567660
743268
227686
447051
151700
226536
154655
755538
839798
50477
486056
676425
672815
373756
938010
768845
733830
140793
387073
80855
534061
86805
663002
129777
604254
590985
517243
519498
729162
947541
169064
296822
690809
913102
260226
358861
139639
414881
630751
495789
465358
116807
172214
654526
6916
626576
423371
257098
767370
326797
854306
817783
413602
517308
463912
534208
624646
981155
53707
353808
445048
222771
166982
652209
135873
943560
11070
791864
358442
641821
287654
340152
274981
976220
511030
798249
602797
450754
55347
886519
777551
909653
220654
191153
426962
200918
241713
567960
698426
295420
921768
143474
34543
605102
795684
686769
548663
806754
994985
423457
964928
798991
763609
239909
775212
790992
38158
894361
241746
609857
297232
19297
35863
34238
726802
979177
235156
968515
547137
933582
780288
468905
77057
814831
590359
872741
17952
139022
195847
12938
562479
160775
811929
842441
917036
103493
149785
471546
997854
391531
597756
295086
927180
633619
329324
653982
612796
80833
138849
159933
14415
435489
145190
607824
766673
251901
996917
784625
390924
192765
797563
469755
869892
125845
828548
303281
229338
978333
291179
743545
886216
888935
554983
813396
522554
400660
983730
651702
481493
638932
327987
12260
74421
989529
620085
841094
241431
617002
625720
148707
326119
939635
134814
712364
581832
963363
15645
811171
458048
306824
71068
860617
195760
626051
674013
234666
26711
174096
886369
24556
813028
730708
36817
887449
720238
656902
244896
961669
790256
870616
110376
116376
326603
761542
828740
908436
724905
360737
235959
699306
667561
823379
559923
379673
449430
750288
614340
992494
440736
17061
17050
253764
747769
570219
657566
984359
227121
902462
946028
17378
289430
572756
650106
132385
334299
478846
557173
575556
839583
309484
791214
23496
132863
351137
919522
582294
617778
50214
91140
58514
67275
624542
828631
331396
194762
486197
315756
938235
905011
778136
471965
710793
867245
122071
359530
717896
117269
916704
293452
473204
226188
84667
13053
359052
952156
932575
457698
86286
982789
65190
144801
566416
689732
973432
897812
884494
975981
729920
822730
397344
508057
294695
624489
891654
933119
984019
609550
50388
417075
903002
39945
159616
504021
52998
518668
972530
985573
492718
575168
968362
557908
719969
534778
247640
209753
948942
648487
702086
678863
471217
615782
703272
282264
240271
594926
215383
740643
204476
782124
157718
623830
822069
317334
644204
875067
352354
133086
376992
361424
708254
345354
435684
944576
396484
199677
154329
345426
848164
372768
540641
835733
988550
243913
117997
745174
838839
849733
2169
559667
631857
676239
183498
970278
509926
344054
361697
862280
477140
738689
740057
185394
600395
175741
646322
996879
375418
800652
858657
739934
689772
399299
575667
194674
159564
210017
456200
998404
59750
458369
74423
207959
134609
257921
694589
644535
118327
56286
23167
595467
794975
763224
297214
395370
455318
943536
392249
347088
260540
767258
87023
950312
166557
179042
661339
326122
389059
117539
840878
965161
575909
915301
689472
226870
689575
384061
871405
807902
440347
410924
919722
235322
174149
733288
147044
145819
676824
539293
9259
453717
822904
612634
920381
989461
791677
581720
831935
697088
699260
189165
178602
791521
104467
868074
534743
310394
768488
406148
634648
208835
817072
554370
960510
507573
287658
107554
169744
480835
163200
179004
934552
986104
791638
854933
491917
99667
953006
323853
796756
168618
513018
491710
476491
133837
876136
11234
444231
644624
933734
595232
369812
750806
665954
330322
774732
469965
954228
460828
950800
117428
639832
401704
103532
947823
772989
595450
47490
725995
435655
360598
410965
465025
852308
887456
598863
728445
898690
559446
889421
832424
154678
259233
99583
820633
589555
390667
290598
543784
851495
757750
177564
7680
159454
797449
955503
448795
909251
2993
174791
344906
879944
585756
809931
248604
989565
925146
977049
888255
484593
382823
237032
155623
642056
336615
976256
747964
243634
783206
808100
95129
540956
985664
102809
216762
783113
574664
665558
208716
94010
356701
553622
973954
458809
879906
222558
448374
805052
715960
852982
805997
98783
90014
961621
257191
942981
937877
5155
186615
237436
813255
281744
294744
315272
900906
511507
614737
991922
693417
823454
85932
566470
893428
59886
541631
773334
798797
990006
94739
514757
359340
900736
129892
449354
862357
387083
908687
316587
908591
95302
554023
721846
893398
848767
553470
310656
876626
168208
302579
86395
508014
388511
652865
401442
964750
194497
174777
763547
700855
269516
794656
60195
686604
924548
25901
548962
311631
934588
865549
736574
29890
419572
458421
439640
784691
528243
750297
661318
212803
52876
747713
720817
957739
916931
638612
922489
111428
813389
686036
812283
599257
480692
388830
802213
921592
414731
351175
749576
349319
216724
486150
895561
152648
460923
335201
453692
989167
85498
115010
718322
654726
379075
439140
612466
812358
77752
534955
923786
407493
737344
252421
523102
734388
157603
325315
655981
572334
192843
405557
438005
925919
408059
333566
78568
868983
185120
532260
374502
786970
163622
92824
441697
59049
531964
54163
871408
126068
105470
311546
49913
842814
80320
89367
93555
237923
414683
749536
810258
123878
671445
764615
49797
79504
98182
128365
464839
799654
176977
839341
586624
856951
932166
28321
432353
980482
598836
303761
622903
704307
131659
672816
63473
211979
762184
157028
449903
693219
906564
260161
817097
94361
24776
866894
690218
639310
511612
155057
438964
204941
994399
25589
578245
442917
570262
10598
423399
169099
314359
46302
389758
446018
235471
453231
657998
997655
610260
624253
207226
33176
884414
540675
643890
425542
923921
334108
581205
951885
489165
20169
156827
999916
562110
735072
442833
132373
745670
382585
817824
576381
428887
207582
538751
664358
660813
713101
178365
787425
337354
901943
820602
738120
442618
464492
163663
882892
314952
744868
834777
320469
281389
991604
320386
843500
243028
279571
492225
505050
662156
826401
597783
607396
33983
136535
788106
211148
849636
966472
998574
703343
384767
335528
441463
827386
316372
121478
226630
631324
866346
61407
951793
664088
569364
788531
507588
812392
584455
516165
833795
762963
342566
431578
370359
892901
568113
158466
620401
934102
641290
618975
153797
26057
470855
595260
369795
787227
716739
596425
934903
99437
657833
403049
763525
743549
191580
787465
555941
292387
819982
906088
55351
678900
337667
425710
88153
422132
100528
708555
872586
741818
327530
26383
284228
314738
137996
654023
101965
371087
250449
36869
470524
424634
956270
750402
168183
147850
54219
240476
956590
874202
146565
11941
69454
584
954003
157608
422716
570884
866163
811655
312702
710045
838038
113282
24783
976034
767306
643101
347121
534107
679970
333998
475093
636240
600752
643276
300442
654971
400104
773384
45525
63021
785325
631332
63605
255681
788940
2674
826565
655103
814329
655619
881500
168719
768902
906284
661106
52560
549385
524579
103019
745707
374929
578112
898299
975681
737740
715093
147005
654196
488478
708882
717218
790155
340214
297175
45836
129154
816201
388753
300609
146882
560725
182110
315602
329627
604746
976708
898539
154131
501287
1558
416190
876217
96022
314489
368250
350114
29582
515255
4310
34412
224138
237880
824568
564352
535056
386756
209859
351257
291862
510468
14492
852587
208930
330094
698566
813676
823154
597105
967807
840793
115015
383997
233362
727389
214838
601613
77503
760773
633220
598165
795185
857358
836046
136105
938063
887454
39214
147922
755063
331076
174742
769555
700015
383673
99649
398581
197349
439155
512038
681509
279949
143405
581858
513311
870794
796697
114924
464649
73822
748145
62814
869007
121855
415212
521465
576270
302666
77031
240544
574082
408107
415287
343637
624474
315312
959639
23055
512661
398794
51445
710522
678743
194850
808733
192055
581996
121782
823331
562997
195604
87828
142163
580963
209684
557376
618780
302306
376394
695811
542851
950476
103918
474490
810466
244744
789802
770105
784151
818815
168899
835596
529338
847643
546798
338071
556050
645146
976205
379381
208143
171809
467210
350307
752772
193246
424035
371553
11904
316781
67364
554755
267258
687635
29245
77724
448731
819047
364181
232883
637863
533080
68479
683553
897075
131630
537976
453125
776776
514181
348859
501272
202342
332421
367931
955114
42019
308318
843019
53923
625099
426736
125031
408709
630723
154276
486433
79454
489676
850614
828689
643891
900047
897169
327444
797122
545151
381772
766600
838279
412305
631811
339551
614647
480584
223834
569761
522603
532152
929133
92878
157252
872221
217909
565961
19296
888538
568747
615102
894566
935713
443792
538457
352112
857313
382253
665587
402464
764025
432187
240743
176330
580350
96647
307329
60934
320481
877090
99889
368986
322575
192767
526238
711148
927029
608551
730444
331919
693650
861899
226485
629364
305691
764942
981476
679356
663547
647063
81820
943924
595602
838915
636606
692304
451914
943935
753238
288748
337377
369479
657734
176305
562247
700324
887453
5628
308875
134250
853899
2526
996149
80384
148242
818192
361678
646070
497548
25225
293134
95720
485501
405088
450987
122107
97393
419254
66042
366983
708002
919771
736463
365736
96076
815062
66060
499882
820690
891287
634132
674589
410165
146633
271325
558407
481177
633003
204478
978725
174580
13964
590797
660081
935404
41784
298540
32797
977390
880934
399781
685392
800705
136244
567480
896782
467658
149892
396664
288348
41180
547148
479289
967697
210133
266966
526105
691310
899969
246935
186387
590901
777251
777184
250982
712655
335320
65874
745453
312711
946808
661586
514455
747513
314182
81936
160647
781840
231828
557311
586540
789360
620811
582181
757058
830944
849147
799515
522254
265468
46450
708641
856369
823701
2177
623703
536356
337498
689577
798161
166561
636385
976099
681016
383898
290281
762952
60898
588473
511133
134561
175013
300493
755373
757194
57551
102669
606341
857066
624924
871809
419868
849917
244530
759921
852095
868233
812630
705945
557810
610791
872506
710547
103243
69874
610798
393524
832827
671696
981998
343960
806257
157011
160805
77982
430558
218357
180652
553251
591775
321928
425061
527996
171845
669591
287917
540292
54177
100547
762589
128339
227691
151447
838887
330934
221322
449685
240810
54149
637733
222808
914461
960342
896172
75266
38325
843082
809975
218977
396333
918103
540905
337746
446099
229102
523690
250368
285747
577867
350916
48336
706206
94959
199784
61445
942245
421106
511130
183055
991607
665215
922216
422420
625558
334740
497686
663883
177822
824014
399212
574155
742117
456469
911902
704568
685571
951944
954936
971318
529811
822204
536007
236017
433515
735791
297463
375760
673249
324945
558816
664856
506513
997384
603628
648423
332124
101314
312306
509946
441680
227870
600453
700149
684339
28707
404717
886262
980651
359654
373933
26814
698210
909940
779184
131726
162083
592999
507486
835332
434296
582654
16540
940809
580038
620168
589232
428514
237834
417890
454812
679515
645760
571618
379664
846451
116677
784382
732714
97329
660388
106647
640495
874950
532939
419679
6676
695022
12678
30515
530354
446975
129521
546894
904136
225912
167062
9721
654426
404896
427611
625591
600763
589724
197209
980428
952527
313886
281162
685241
927567
457902
308240
568063
332852
357531
504094
855881
52553
33125
402748
582907
996452
532269
646153
900588
274533
329567
910309
445312
250816
854273
70903
851579
960349
784464
348359
912876
614702
145873
598118
542270
603775
422710
626685
452980
780242
647131
308861
349147
680256
227961
448407
676708
276582
94560
577297
551116
940480
3958
996428
707648
374583
583683
75579
334932
368147
423939
247809
499201
86164
362279
41471
689940
301341
184508
659272
81583
831640
968133
947083
511896
196094
395490
704957
989028
490050
798606
540144
946882
802564
52924
654530
693500
636607
730110
28432
521106
670401
276241
20308
756565
154872
578131
446505
456214
762640
105777
54149
110632
590262
1232
138880
302708
396722
843837
291737
403125
642443
348233
350007
961360
401158
4538
654860
554117
251000
199644
75224
921401
992238
611884
677966
147110
190015
640824
119676
469007
262953
173826
95991
369568
691410
751224
672276
88133
595061
480365
7610
753857
828599
357617
231569
746109
878507
402781
300226
129507
602425
891802
567260
111015
503686
245227
258126
210054
402403
377802
195413
665356
67980
807757
34924
759391
558981
223553
363876
670394
220270
371486
424251
565221
245455
172172
311330
640315
574953
127909
286174
693731
19711
853435
804746
39750
615014
62872
766156
17417
957027
477921
199125
541359
285678
234050
817102
361011
973955
697330
31406
194225
585168
972009
275799
346976
144182
103481
987291
719135
231390
273465
929218
767454
643252
733965
323556
258266
313189
606064
792035
786568
83985
991161
327928
886016
225211
661382
763379
715518
358713
794785
426095
460233
766795
701894
807209
427329
805376
310852
146464
553118
584318
75683
836924
743922
326000
160480
518541
639189
766544
310576
425758
366882
301737
270038
769250
43300
931420
532629
758818
806485
327415
184914
783071
610562
403160
590280
37891
208536
901133
700707
278007
1803
292742
114931
745725
618742
275412
264266
774284
558308
91195
200042
441542
392932
986432
210792
436233
434204
743422
195051
240690
587189
896317
23761
714103
299478
130393
268346
24366
547878
485405
818725
549681
294500
933657
811759
429594
725421
592377
203878
800081
683572
920272
241624
592857
906704
452416
29090
340909
712190
740493
97951
815731
153163
638064
529834
968993
768457
314532
993359
832688
799938
328437
382369
94438
262094
710480
524032
987515
819210
244263
303948
19134
164535
545572
611991
71240
997989
157433
928501
226531
897927
26452
42263
567442
180868
88449
536435
949325
919334
46146
782013
719272
374583
680735
330062
636677
907567
854094
140544
726777
614709
444493
262264
779245
990065
874255
366837
504406
31689
295338
247290
445968
838142
289553
13410
19010
894354
549845
484687
813688
595991
783053
49312
970575
463788
379374
123604
887707
749821
780501
130837
364530
224994
393101
143775
731411
267356
26964
752170
815397
322302
999460
261365
160444
805365
791127
179454
699719
857324
664142
29760
969668
447195
79072
456595
427335
974799
580199
831394
240972
360700
962231
605502
102046
355332
265630
349810
139041
292594
618332
954438
614897
617792
732156
291693
939509
39635
987500
155580
896960
167994
185340
866628
131541
780765
323223
75228
755564
419774
906622
996536
296827
868854
118390
398873
224186
384020
265035
879579
192967
883367
834018
324216
17511
82526
132261
957020
122161
119761
112601
19121
804107
814293
402101
935648
595058
725324
10876
866974
145099
917499
379862
441926
302705
498253
357151
43243
398625
622187
922823
107944
21906
273193
432160
555770
355719
564422
512790
994232
200535
141743
529706
4643
956037
931807
940291
67447
657132
467520
934422
802231
901371
830636
760509
204076
328889
117660
247319
243867
256199
170142
351811
794458
959687
300324
350228
315406
381098
379370
825991
97985
521114
355697
102628
993503
287504
559272
60950
944636
543144
995372
263219
444515
826009
540080
164943
671250
657741
412262
431469
430292
98757
299633
224750
574796
116309
91330
890203
497407
470701
232546
595392
508167
588243
214373
501670
875747
289997
562620
336736
833141
74345
116307
794008
416706
656388
958951
604308
314129
887565
35778
260773
502674
851763
1876
77471
968072
93206
484026
465479
80259
716572
577223
588426
304815
307948
606448
696914
597945
685421
33650
947438
759766
149958
257798
176472
806346
216749
297132
636827
104315
332910
413952
606989
184673
415828
200812
152745
25387
684838
134576
621998
401410
228152
726777
706225
52452
333225
919492
166750
18646
953142
630540
294764
619452
888339
987588
942150
105088
284721
95329
725755
133983
509282
849097
318657
441462
49909
987754
983201
734748
638683
605200
136158
383187
331977
358736
435639
181554
278228
602389
716553
747722
232930
11317
883527
121269
998906
825677
742709
799979
437359
468465
933962
462993
833914
768971
904455
883823
756726
887657
618571
911761
9209
271082
294948
857538
146170
246939
39092
940750
365681
755645
688472
114963
283315
88351
752584
798573
430381
495293
598552
867740
480110
532514
330733
314024
301486
235188
714200
574564
639197
849123
486325
164758
120205
297625
22296
782727
544564
577741
723477
426597
849738
928302
541560
133053
16653
294144
931626
447034
305790
46530
314774
785900
579045
161859
616277
396883
913400
330477
971447
68949
179600
974124
233708
816158
271749
256004
598885
332665
350097
322363
759263
199836
767017
300823
849241
300022
111320
297220
747057
417110
343750
578183
719362
439147
740043
851991
836030
653443
182468
323829
722392
878421
297953
472452
694579
86054
244809
809816
935072
594906
648531
694335
311094
415548
511510
160336
715571
622830
457556
978980
556292
317658
73515
792007
756806
813558
643998
109188
983353
342819
949370
222098
221240
247323
694550
432171
849730
455711
241987
784802
50618
406871
995489
361712
822419
506999
38400
54342
646182
495956
549674
718826
329967
623190
510833
603125
953100
154832
228665
936454
497651
178035
674904
235243
941711
885806
667414
791441
341518
425753
92595
392136
832624
88084
270200
171396
111435
308601
742090
757617
320909
291765
476444
650876
914955
503629
770353
868055
174813
999019
320861
672464
177054
995765
424059
635117
881572
91473
426558
739442
33579
35505
131578
866203
123589
918130
553951
235025
226731
296042
508994
547641
587807
501790
714869
502762
5420
485223
887169
180233
594
208031
369050
177648
203796
793109
812766
601720
400935
755676
341162
434514
791182
989092
817069
431123
423575
371021
666148
650306
667063
175143
714299
254870
676933
429169
273984
198705
430744
161153
378939
431338
369184
747989
125338
89333
57450
454456
207405
458385
210133
548568
892899
517667
54012
709969
948790
477587
597342
131291
644246
264405
822786
358545
519275
499719
304066
309611
214777
251162
470764
593716
198852
839949
858057
324191
445634
431859
778647
653039
890245
505132
717959
299496
22799
771972
525817
487942
765911
123159
619233
410157
387564
442019
285055
423191
458090
105473
732802
672867
356636
203567
782935
71840
559868
157344
396031
5502
589204
691031
174893
995801
196163
892853
295297
735315
181177
821115
739609
947088
460626
875194
873598
848191
317213
675005
787734
291655
780478
520537
480875
653466
240456
780162
725307
316676
453859
637690
838530
559415
328721
13423
555216
41237
906276
366865
292904
603805
704332
32513
550894
164959
907707
940844
529502
741272
615849
317236
549279
912679
354125
546506
82498
594581
326669
324157
427609
296880
961847
266139
856295
806921
795915
927863
364510
218543
294728
657414
822349
999061
206279
889595
680372
630338
830439
209874
887962
962640
43462
953593
875319
397588
500100
474169
508521
343121
798326
452483
640001
276526
718622
12648
599799
30889
940511
964309
249433
235239
138075
71782
750652
860706
961377
947376
7396
308168
673602
411710
270808
717065
365303
662479
631005
381755
136649
139526
724876
451327
592009
881229
727853
826984
893877
844004
857873
834388
324665
623658
585980
979092
211792
336632
839798
173169
284009
363546
997689
957611
775256
268497
191028
140560
930977
822033
522315
583978
477912
763544
35305
69921
644773
279511
413257
55003
123515
787483
889391
964533
411141
991723
943625
622934
328356
299776
312455
128717
179674
310145
602680
954931
94994
793709
611843
542323
132094
650510
126301
610006
414054
161607
196280
575180
957470
609537
630183
597337
913372
35926
561870
324514
27650
21848
463800
872358
321624
292607
517427
501298
602752
120107
972581
214099
430168
584424
756422
78615
234935
882724
688621
648989
560683
401253
740521
518153
10791
370704
115490
440515
922983
193713
765029
950633
215561
745181
339343
53537
37789
856770
554835
156893
976877
527417
370992
923398
628193
643767
2013
863128
42843
206986
28470
119878
608240
768991
154383
135383
656048
786225
575898
95383
979938
857280
562368
195499
602461
901711
249036
156602
758481
320224
313496
251710
363993
200840
691460
992186
360959
693473
371667
403802
416812
916489
523680
25052
201832
194415
676787
374232
980641
252685
469615
960579
626317
31983
672431
745131
933694
437819
901733
208527
758043
731581
460238
638388
448774
668050
146927
809733
361524
518594
729888
294688
951435
769920
836092
153267
964336
512879
527500
944977
281916
997115
421908
908234
545451
94339
653365
995497
532159
71450
204025
806554
319384
180615
961295
768158
848665
108222
94243
726541
143168
824131
537581
94603
110404
373673
247870
74740
886552
291722
19717
168469
805190
957977
593055
350641
52317
762772
346138
100828
350574
66515
423734
669958
763482
385029
954468
128500
493251
48712
371393
152771
389195
908975
247374
499599
282648
11597
574339
169201
303319
110408
854022
108509
68386
447077
975502
637055
726201
837993
737883
76775
420860
161617
746734
184343
546647
217554
312843
556250
266266
684236
709022
171814
109563
472748
671413
392212
484345
762105
77765
304017
388865
931787
928878
457251
895216
420733
610658
621417
258726
348541
214544
679586
26511
477630
380281
89510
695185
209476
162112
477803
410065
871134
649617
519628
860235
837383
911840
860932
599488
989605
681301
988353
921392
610180
961957
332960
30913
572615
470729
805991
437509
685274
485577
464020
162904
382211
553530
374441
591687
715642
852245
1752
103129
501862
521381
479716
339245
949573
340648
455085
939179
21950
959791
376923
148482
921748
709884
695747
494363
696965
501738
931872
382239
503667
912244
61496
885878
465774
435937
477566
697769
288182
479318
317250
306397
517051
796966
161994
466625
653966
617080
405804
192268
576871
299079
340750
14971
525315
552849
509334
222281
54587
957559
604520
558255
869803
666016
444133
851930
101954
438051
66051
906488
433722
899653
212885
950773
212971
891232
933750
866937
508312
855906
575558
601535
154986
432660
616506
680301
985510
642192
418934
40097
116103
539807
114704
502259
205823
75190
870541
824129
513241
936592
246970
463315
836245
976207
414089
49216
867439
864191
432505
375751
720098
8063
493638
875084
957076
626496
71737
942586
785041
490672
499035
901144
30479
613740
403403
752654
205282
273944
93136
234875
726888
856458
698191
79485
832665
628632
128701
700105
492823
77559
592208
729273
601974
85847
604357
559050
228695
192447
501636
13736
199471
517024
914881
746302
647116
834636
15308
852398
108581
624796
603625
351821
481254
818168
431307
313920
446800
76360
14025
455976
153919
122585
701601
272246
208432
822311
831296
437128
14758
849285
967216
730581
366309
882097
476883
529777
716734
492191
382175
341667
116988
502152
693488
114594
320321
124795
428514
283473
201156
958891
255801
871427
81477
957403
143673
806261
779714
974970
759741
794472
340607
726958
41405
223268
609055
518288
753045
842141
526831
651572
183808
160171
153724
393649
274766
990397
518444
703280
273871
235952
178524
529672
107380
260001
487075
251053
582614
783141
742375
342356
93965
599334
69314
135370
822602
194721
653658
91999
36863
696842
743571
737023
857013
413648
130672
131779
404045
165469
351412
677916
401421
529936
723941
25153
306289
727368
792559
888903
510510
51286
747611
604475
650621
816925
739846
989575
527999
909856
81575
81214
606698
341498
818237
463712
755146
465262
111843
675544
147083
979607
869812
548504
25895
593753
90010
332184
321122
882569
737440
347984
450207
1403
952459
100828
818329
208657
606756
862680
118514
204683
943894
241564
62533
278483
221628
334032
743745
333472
9576
890828
313079
879388
955685
338975
473142
45695
187511
310616
444616
441303
174952
894823
442707
643763
512004
777388
852421
635112
640068
487287
839795
100314
728851
902328
378797
950480
236360
122543
800304
762288
529723
629735
641677
485408
485062
631171
47455
188926
458139
8423
630229
633091
419599
589288
276854
931603
366676
645627
83067
523096
132914
922862
623410
378118
341542
518560
844950
94255
641103
645254
856543
687178
791341
14572
688939
276404
162095
736394
465330
620234
261170
611911
769677
680769
201200
46532
612372
84228
208511
211791
123677
341426
134653
747087
235896
992547
781999
80846
603154
423102
242452
976050
626633
33793
990622
315572
826549
152718
51966
808231
289304
313136
420143
58982
993905
137695
621866
122629
221923
830377
334420
861952
688155
985425
609040
924051
494325
391039
521249
613831
330494
280053
589881
957127
830199
580504
272699
656748
249574
841017
464980
538878
670506
401475
114212
180763
539170
736078
819745
277445
82808
670517
139398
287315
655943
264790
211367
666620
172181
248968
280451
19027
529022
870333
976154
875573
967189
765205
532321
733115
122575
513653
271993
309433
915128
902558
490196
970650
154988
309941
248096
237796
980459
387494
525112
152754
168636
252831
335726
340817
18151
616177
359845
63525
2862
852351
939098
486403
133909
987772
219518
256484
501425
7864
565917
932906
910422
572465
903556
65410
882407
668004
819559
379218
55498
861023
531972
740486
630206
867698
81304
648357
227
441149
228235
519442
809852
167333
5845
943761
155105
225364
716597
172883
749580
798866
622141
660002
371332
42049
241764
770091
710054
577675
149309
281904
438698
197633
22391
585256
581683
103695
233614
581910
61196
978201
617704
871048
145534
623550
814810
816992
365266
531407
506227
114846
846626
128368
291200
217958
170417
532964
988049
396823
626992
137358
678728
65690
334991
701119
167299
916674
321166
400913
14936
382362
379114
632641
253410
41000
772543
584572
374344
137809
632332
396923
769007
478958
525291
60207
696916
212061
109523
684965
608884
736515
338675
803964
318558
190018
505083
485857
623044
826249
403122
154332
208611
298588
303325
978374
339588
75868
562946
230285
730029
195278
627208
499036
674236
668852
559243
887504
880913
668767
88821
6149
921634
427496
810114
240192
133866
831549
726049
273262
657799
129171
427595
382762
427759
730920
877488
283700
806789
440435
513985
53170
152065
657545
552207
826302
326397
627802
230158
723662
812921
318980
729812
734556
746476
56278
974748
396695
887827
217150
669957
61978
346321
97552
961093
290433
344825
838581
574133
667966
279016
604470
721136
431082
262015
273343
773736
104765
901146
3894
828427
714067
322874
558239
964975
585703
130869
939724
498750
535049
673226
168707
597027
19547
782612
558120
826332
127437
396702
916817
795403
192070
521287
516539
139504
299655
789883
429592
404420
207381
949839
232847
437800
789065
307439
402776
374768
954660
858852
389870
489709
532078
558578
603089
67977
341190
161209
894310
984979
74263
811127
780382
782686
848767
813273
438542
664774
119508
868135
585546
326889
817974
818393
281042
607039
642184
683818
498160
113197
59022
888030
602906
591100
962960
205995
175429
820502
883557
586091
805481
474172
913571
102215
256858
278690
915489
695401
943464
34997
79888
529010
878239
897862
863755
159281
21253
22292
359451
35765
135489
934825
440148
254747
525925
919460
460743
217706
739963
860652
803798
61796
334824
717369
164012
591683
996059
595853
803436
455875
147202
883324
984885
25441
781186
364992
701074
318791
387284
576877
870909
39125
511702
311057
293873
553979
230517
270968
771686
486832
131620
91836
548629
466444
325557
712641
58127
837968
824846
861563
293843
972048
744887
795080
513842
42425
160072
731268
877569
63709
308146
748478
102834
819848
575887
396707
890180
806404
667675
178218
293237
315647
270054
358218
782092
595611
587211
840219
433579
412057
218135
243774
900457
479374
38854
414299
38152
198926
145568
915721
262635
970066
180551
881822
306266
756438
794881
196446
79194
978909
374664
888783
294556
161070
247001
76648
273033
834212
433220
222964
246269
651355
466738
663079
647081
505592
77378
685233
220871
739298
117306
999858
709364
297857
881680
15631
54295
676562
212077
649842
171823
103094
538625
466379
264164
785627
59380
537198
136191
492600
760162
898813
660307
743253
561892
307388
248845
639270
508974
469716
378569
626280
469575
87933
924138
867607
619916
494785
60521
831994
660979
232344
451440
199605
215076
715604
501584
274456
769154
637775
283408
45669
536588
943715
788922
98480
767455
554119
254103
276429
540188
149024
902710
9763
753309
343200
393722
373226
354337
454244
721572
15317
202940
173012
731274
418016
404968
232858
692472
174123
870633
975880
736144
923574
435947
41418
538406
203403
111889
792509
479832
652077
941533
898894
178192
694843
758446
571915
584421
629136
542511
305993
160805
745451
479005
892079
163468
883973
641289
372292
574448
511922
864525
826944
951848
300472
868362
490255
503875
496604
282764
500060
148681
740650
915306
843226
951845
673753
415141
536266
302889
474004
842259
980046
219455
837616
872125
899275
721589
513414
271568
812390
541688
136093
639334
493537
436565
24049
983792
456793
520653
782908
956853
185686
39910
872159
28912
991755
62264
960405
44373
881505
950761
402984
861551
170217
240600
250028
69492
478542
763442
857412
807284
821483
993505
446618
831372
946423
987019
331516
403216
24024
114424
876421
726063
154335
264932
271327
662442
327197
231733
706816
208702
698846
626152
586606
869063
866753
836634
454908
861647
116429
312320
668931
937912
822178
631901
769284
768601
135273
100800
688169
159297
731576
564590
885360
402263
829522
156688
581058
673071
904773
287874
881774
603619
430378
468380
989035
813483
821366
960295
675130
937795
272615
860413
392059
611145
8667
677695
379746
143940
294847
584267
303237
26424
148857
704950
945039
494732
377990
526097
167803
282763
330323
565929
402734
760702
550661
908121
574185
372028
868416
765668
826175
657384
626081
218235
268529
151100
895930
648276
295040
190778
748895
598278
733554
414105
819580
678593
908837
197570
204691
592992
996685
535014
675274
915771
295716
225935
823893
386254
114315
208661
151922
456843
866045
294355
675078
134575
445456
87360
299203
740496
278138
48098
855126
11692
462203
674706
206638
887392
388628
411329
996737
901665
946343
672011
817437
758412
414298
157682
144666
44966
366343
296588
501809
232389
590943
176887
366964
552751
264247
666167
293248
58738
714265
664726
586782
692821
855785
793420
580213
244413
204749
576950
146079
667445
248961
479868
425857
179612
637550
570523
224578
3893
383463
726387
236282
490758
419626
119598
43510
200225
785765
853110
775315
16383
517836
362098
709204
889973
155518
805769
134387
876620
382720
796818
544065
148033
276686
486274
327645
430588
573149
68575
434481
956612
311314
187116
963722
247292
306714
523584
447518
608832
376694
222833
625215
410883
584931
850771
300856
256802
656540
951595
133422
39260
748413
193839
703646
541451
680113
547643
972039
253262
616219
922873
726226
443885
109989
689948
691178
416703
213533
138696
25535
106579
877881
167102
517462
979165
17873
334671
235967
190766
802618
885741
746378
551032
79580
450024
608835
759693
997668
580875
529307
130239
503748
255533
574124
130089
945481
781654
546792
159014
920350
88680
781946
314584
255782
815760
293749
790008
150431
529716
980774
953050
931809
727152
20434
11389
693529
145621
287434
207549
726496
816741
854140
746596
72274
944616
393037
534107
726271
456182
209474
646621
544862
991420
961205
316996
807180
771306
623356
473964
817374
120482
943366
749183
363987
963800
760572
57516
109421
564358
781417
352270
381099
635557
615218
969725
580173
8256
503833
306444
464438
713307
469418
525652
704727
946975
359000
28259
718282
982357
502223
535656
102839
445589
284840
466826
925741
561764
40694
35163
126123
822111
903785
507222
457668
35355
993300
37842
559963
497133
860638
540753
726792
330056
66405
947871
277032
425406
976130
995314
924115
994706
47322
543306
440295
332162
10133
366037
893927
567179
917552
20050
389291
337689
43624
363311
889396
553276
917505
449360
50409
778144
990113
293553
108200
572871
241424
901584
514629
733907
413250
438744
728613
460573
982050
685260
792735
508535
51297
203014
592067
485201
739416
981358
339242
299393
861021
228639
852669
778527
677999
419431
73023
184464
712984
181223
757335
470761
599160
271964
204668
12410
710708
933281
472983
209111
618541
782071
233998
186191
985085
826065
187744
724502
323775
43339
540247
184797
271978
392916
479676
466329
812347
552699
650793
41684
250274
408129
512445
849434
196445
717113
378197
423506
166746
367532
632617
785287
149603
382967
487830
651041
209033
675575
891895
49160
718914
432142
233957
507244
825058
229985
973573
153758
782684
140718
195442
549311
65199
707887
398745
261645
425000
293294
685151
591746
660827
834120
893385
810430
217087
381216
461471
942472
573143
353366
991633
808409
301860
741942
315653
126919
971928
805578
280677
270964
462648
476119
820275
527848
700358
735373
789493
125358
28667
990996
233456
205846
825116
643193
16277
558555
540761
994100
501028
113904
863819
492661
438665
165679
234603
270670
808950
722883
76248
89627
993848
55249
82098
814123
583097
782456
65848
888942
424166
610868
879938
173974
816714
221406
333520
832991
779961
874281
343444
797341
504538
723615
290002
943203
889294
40958
730226
214597
280193
806474
820576
274041
861723
902675
604517
961172
201483
670365
366466
142002
281233
246404
832328
614300
984162
165848
447291
280476
556482
307087
77817
61020
30702
884172
520575
436349
441482
250801
650946
721675
573628
987874
512069
951703
406901
116586
912876
608385
303303
279342
266739
100889
42099
615419
715189
542613
781268
678832
339441
337750
985920
933611
915122
532974
334135
435697
485675
775617
686499
652973
13644
776479
640848
525713
728182
47749
642299
157410
172486
945603
953105
439225
562844
995204
54645
278033
54169
352265
473217
393611
690015
459137
327222
121489
508464
661357
557186
994139
953326
760037
647113
966970
536516
287961
492684
264699
335710
651335
938461
508197
113290
891566
463774
676134
886770
34771
954167
457292
387036
427385
850903
593403
402874
694477
714892
427690
872186
272079
938182
825512
548468
585295
308834
84985
389608
801518
866036
241670
452854
804497
266219
566144
696064
246346
758631
99186
281117
229150
556478
668154
172887
923733
261557
92114
134562
492802
519804
523100
281233
457986
864964
829701
559633
173799
431038
949241
491669
297074
707264
944523
617924
973483
27020
313988
219829
785651
929526
17299
14801
2357
685453
704041
442442
463362
796155
577005
472516
315959
616457
753749
773946
481422
583451
849931
655221
14489
799173
146890
827916
22789
607766
445840
996272
634786
276180
732454
936789
722058
749753
467942
724415
951558
171983
683210
931272
968138
260215
403789
800450
393024
157538
90748
874446
257341
940679
529667
788183
256204
676558
616099
278993
800676
61939
791618
951814
854471
524072
888603
576529
790177
872897
300945
258087
561233
984155
189359
45723
760722
109500
846173
153746
783391
453273
544545
40732
393953
74212
828915
650157
267122
961366
929151
67798
23305
237121
19612
394128
761193
424567
970658
67722
813817
787955
325809
891402
288462
31520
937125
565536
657373
299651
235634
440764
752924
780179
997848
146877
854392
343116
313387
637866
304482
758890
705665
844140
996011
241629
238268
273556
182549
725278
857630
512718
513233
183439
404120
801695
731311
341245
883583
905036
157248
119218
345800
910173
899397
860001
573402
270141
203117
403141
908008
23951
162031
130025
384443
674394
888006
622712
464302
70555
347990
321932
99625
377576
21723
503745
179271
269387
361343
62855
174423
518591
698425
520224
945116
597822
896577
34871
867964
616046
438012
775972
639997
116396
422349
24441
307142
310355
163505
771445
897263
511495
93377
996888
405423
631453
16986
101047
900840
378329
163902
75263
413272
378679
111839
874741
976501
8416
909612
360817
624462
863976
653141
780812
980372
75490
805253
287515
385846
485110
575312
283109
512957
185041
279997
918381
816494
296983
19428
717334
191664
699682
308950
121289
78361
937141
996030
54862
945558
421994
932032
86372
285970
585173
383536
782695
660664
705141
586562
46510
190251
161874
845971
703209
346915
125968
621590
679762
939304
641018
913448
647320
857052
222398
768609
935413
159540
280991
506627
621450
702985
438659
224174
505308
23833
124063
288003
200849
829204
874565
247359
19456
36439
609682
239017
899706
735650
860607
579468
191306
17977
9269
354979
875029
231667
123588
326794
907559
920932
833421
45361
140269
788433
785888
645577
328618
909951
933580
529467
739155
324497
293178
274963
877288
902860
513980
776995
154862
890939
872815
862521
425268
398436
217500
816649
146456
857440
143443
54015
778372
493217
615729
434994
281650
917969
80571
126620
827920
530504
656087
83427
855001
465617
874743
732290
368477
388723
25637
39691
796015
414804
902212
221283
813241
119712
37933
959697
977153
181376
530064
271877
190945
662145
706871
472595
580114
303795
115567
924386
834299
771654
7814
205652
237271
882557
454294
122100
787632
996283
161792
583647
411088
64004
804931
740681
700069
359216
700378
193574
56944
746794
465451
247890
408940
688675
236837
505406
508822
352405
429793
343121
124059
437607
65125
877683
836516
519420
516135
140500
515703
677927
724148
443143
258284
45431
700176
958353
404647
916906
668279
977943
663701
650082
225833
588993
338757
462671
94399
847579
815076
524192
707052
455487
478151
288530
333170
314667
807950
365658
971520
840005
559937
695668
799501
818221
257451
499677
292926
178450
416584
961205
156393
596637
127640
382227
185630
466397
361250
280029
830329
176326
320574
53733
631813
798725
342263
481336
629745
666565
846994
601265
506571
923283
813285
822424
741505
587088
838453
550783
281890
255037
28341
438283
368026
155981
336862
553656
138730
698112
350038
969059
390790
186964
539145
22604
985689
881408
20292
131786
547974
383638
249403
570897
306921
579040
909673
564778
166128
748126
631914
448018
3164
660255
402654
887542
816236
255868
441199
471318
470333
307589
956730
861123
494553
495875
400079
996594
893635
936723
644733
441609
320361
894136
528858
143635
473177
438531
224765
155657
186658
856679
120028
706174
516934
522682
593716
849522
294902
551267
320841
765235
375208
277571
626359
386113
289798
26438
382708
183433
963162
27441
141395
799875
437929
670253
459862
911106
625137
684628
583116
328147
541307
703144
34321
58242
225826
144389
424116
520728
212009
744957
802316
587217
538880
428675
489683
828678
971465
872391
528464
450979
416184
669859
767207
854113
856464
227069
765220
997953
911697
348336
326100
453005
567832
876773
27599
793658
21163
451715
830738
749524
713025
149406
853093
251905
578081
342776
596936
65899
215167
641752
516878
147703
311611
284085
1817
684427
511155
283389
682381
939204
631725
8481
392209
199557
885255
419808
509567
422770
387876
856657
688646
100901
6064
541739
352806
100497
884516
466094
166396
616035
107846
199627
763739
935809
483712
765556
136589
511219
48945
335322
450424
197022
343803
358985
912931
745410
778794
938850
684532
166670
311859
373178
783923
834275
431270
136729
934773
832138
119176
617521
448173
743374
817148
728264
195536
817213
10172
332125
328432
575469
667447
295208
288843
527602
654194
718126
789365
432988
656976
473897
116010
485188
363428
899933
319463
794698
553014
770588
626836
188542
388110
591361
931917
721610
835978
643805
538823
846150
975930
383608
937972
159729
678816
743167
687331
333010
461294
476696
282350
634622
466946
914712
119810
346726
330997
439274
657776
400364
726214
284612
588906
114324
392325
37175
352287
228303
680980
891110
590806
656910
791070
45130
332991
469887
788297
20323
319249
249591
13371
117952
884214
996669
32664
520376
859747
880014
476002
517523
280378
202217
802135
869284
316541
710813
906460
185180
455468
103792
76291
562626
760703
867361
607756
610046
853600
396054
146721
689202
161997
676445
807154
562563
673114
356170
599292
532862
236184
75294
50385
516562
277511
368873
902199
110405
596038
325011
295585
51506
428803
888228
614133
705858
271942
221889
315905
125542
134295
462626
331096
812645
139071
138250
891560
328538
494421
490852
377752
246957
566147
428137
279872
843658
313362
182071
470415
909400
507082
766001
477259
935885
654229
91392
641744
926171
829633
474001
568066
480281
936627
899162
809278
592051
553765
700838
920589
564538
708043
298341
811495
274190
242830
91367
634200
556193
789790
104616
981945
296872
386969
459204
749110
41198
66948
907206
483722
412934
381207
568140
893215
834186
467302
218845
426237
21067
919683
863178
101957
627726
161519
913453
418268
920702
521172
568821
993247
827315
189789
491544
640539
576758
467101
389649
134308
534049
813207
618030
463335
710766
186170
356550
544953
169825
91747
487542
707244
11431
867073
809202
155509
544944
239007
90130
465646
276531
658951
458893
103846
848740
950438
744386
941850
933891
650387
76158
467940
463595
694189
931276
690713
396711
804178
752018
566536
895926
239561
790133
423709
622986
599335
95570
167930
354694
702052
633577
631225
877355
608822
251424
242447
75612
512162
184297
9503
162549
260456
993796
142496
470997
441424
833210
384060
761954
585228
950597
657880
341141
257082
597941
964127
372769
209864
132058
727463
911916
281987
875040
789272
407161
126464
31719
999126
154978
732369
524981
317528
992825
35129
976376
980174
476553
809586
364234
238508
911167
831183
412740
252308
88265
527034
732788
461034
736898
381198
188497
165166
179537
579890
470790
103050
222706
18862
102176
377685
751231
143510
695213
260408
694991
187941
240582
171545
997528
604816
926405
425047
952352
855497
193707
40617
898883
926495
18004
152133
307693
722853
317300
3582
302743
304442
106633
525450
323304
725161
903135
74535
868671
114700
851295
80015
302641
91877
251560
816521
213046
694317
241568
165398
66166
951628
722367
965050
878123
740371
633535
702169
463225
467187
705751
765968
771630
812384
807770
611286
53898
227257
202174
438921
858309
53469
518936
160951
145347
286848
493824
874745
981165
251745
40143
563684
203373
762510
45086
81496
19234
678621
300017
482459
145809
5769
764779
433791
334505
88902
45077
388403
316159
247251
827325
174469
300721
346261
851772
962420
633110
345596
837165
130627
113693
877308
694311
317066
156170
255749
914915
175404
934371
731284
174215
596532
737053
455347
30323
587911
544249
75400
976314
376760
839004
319991
551229
139725
182605
919353
618497
332067
781302
455662
979046
894995
849322
673358
728414
521844
445459
159681
213601
379830
890965
387816
976362
628019
359515
523037
732282
903764
114790
224948
796877
953794
544940
348106
609871
243897
783812
228368
575964
565114
200382
555010
460109
49704
744720
704875
571548
190180
864556
785149
86362
755522
689318
579077
899893
565185
102114
148527
468950
216904
373475
265827
687050
918415
130285
813273
678664
914097
41641
254628
995563
242023
325991
972025
808079
587063
676900
895980
293595
57809
681129
379958
813331
886799
959035
229576
451985
61149
378103
437287
794406
751578
219466
997808
186346
866103
811082
381362
296553
369075
152343
292116
127451
478334
264141
451882
65397
941042
347862
358993
515203
545344
255303
328534
432143
214338
74462
400480
791839
968917
354119
102597
236847
573585
616758
939545
439689
944192
320908
252594
313267
473251
544710
957070
467937
808852
408953
533334
266246
273167
408679
297801
818511
180334
626335
767007
394672
217149
167487
702864
186066
37959
321813
939265
611544
938571
878811
567585
882763
199719
820179
712383
189322
881242
669453
657259
206446
594758
706945
989044
867926
631977
286845
686437
812311
429532
969796
723336
646681
137284
426200
349099
175243
748013
288364
303139
202937
683527
387077
85700
399598
723608
798083
588920
604850
983889
246179
327648
94999
953125
316692
479277
585102
603537
682067
397413
33069
651863
120749
196102
305499
63301
61553
480742
327667
866270
300234
530604
549797
203663
132656
949396
927271
930740
538316
532122
430981
300848
859770
42332
253973
692815
521610
839075
812704
203677
236488
362126
855540
873590
558228
161040
936891
136134
158134
780910
2404
974720
311514
68553
178383
444171
534301
105655
891263
588970
154129
838596
889818
530251
880928
143791
739418
402538
982866
552123
122567
735706
914249
978108
125648
988829
655500
578892
124963
329986
359802
643719
821059
187669
712273
999442
148192
246574
621449
39455
835544
291930
394403
725362
822182
275331
385505
77952
194222
884723
630075
316789
620430
544324
811249
262430
533154
983101
841322
174469
313088
201125
818189
134147
905146
530462
649941
53338
293388
271391
92793
645285
563321
3548
886999
901855
278879
272505
979808
473101
157228
126235
306243
294010
670560
117492
556441
720066
100594
397763
894535
930034
115240
712724
580533
20386
759538
230474
73724
52927
18217
682869
698212
581539
686417
585211
999746
481649
374068
495906
471102
531297
622142
777345
341659
809054
894838
898100
529120
511784
295864
940007
441818
927456
652732
22351
947843
412270
769177
21567
981549
787395
220789
196113
885286
423558
297677
885032
905207
671745
897291
376310
719394
519433
153655
61054
844839
564845
959154
373959
592981
771370
830318
551151
698827
483050
89854
163022
411673
859032
700941
909574
646427
921730
105688
531713
345289
403365
933097
766848
591462
830388
143158
310857
866173
813166
888263
711012
894363
363769
601323
3697
651492
431642
554848
350319
431044
644703
29693
359069
503735
730634
268644
666514
652365
374332
198227
514006
294049
647676
797206
885511
994417
456717
712720
860590
269883
117335
87955
680598
481105
205630
684295
132597
153624
755496
999268
101021
916551
28961
460090
936638
275947
728734
603152
444664
619418
317731
958670
913467
965407
272229
315331
959824
728946
28051
336767
515181
661739
424722
195779
142844
146704
396427
791793
816681
668275
307413
917702
584826
852726
377792
521464
128673
622879
124616
573338
242297
958699
48360
672117
440458
320589
987448
400283
49535
531851
253402
564716
193590
194476
276848
852786
341180
189627
160931
157861
857902
468344
75563
959080
321070
969708
480544
449744
592587
121512
539434
351236
80211
587794
23353
520669
908384
527153
437304
474271
59005
690706
555340
768947
885182
832188
621734
742715
21815
782665
416928
396069
251010
8844
355149
88432
978552
352045
54528
87491
473557
593962
438727
70120
698109
978433
107141
606493
505586
60798
597116
564591
267856
152456
849891
669391
500996
471625
412106
39163
770642
829034
435232
538004
837878
306733
626437
332782
658778
197317
420273
648687
791280
375353
235159
5741
353786
858653
612234
375724
919451
725702
940316
187307
878159
790207
856698
379155
778184
785156
418319
548826
614191
369903
86831
968421
676637
229620
817556
851767
426937
237829
16807
734569
129534
768318
740310
483320
626971
868896
859045
546422
594599
315713
733730
989110
622272
106780
884617
916808
891937
819288
465634
22480
189192
68817
507253
382181
814789
324809
750300
241727
562639
767107
492648
692173
535426
232959
691846
678749
618207
67243
225172
729158
382956
475254
718268
521580
98386
119238
438388
990323
938526
420374
529155
644070
489192
36409
26251
820333
361218
292904
62060
440209
576363
71061
648735
628141
820372
340581
306891
438579
407824
48415
167738
307132
523669
402358
345064
622055
37948
783452
128731
976475
720178
657886
136897
209370
210647
679501
546056
571866
972405
124468
528427
548768
195529
177162
693262
15901
34095
153
454481
958271
564920
138571
265403
88589
57281
126819
226996
95230
910271
872079
588057
630450
46318
724954
356172
256965
404455
902228
345183
376860
26697
873611
441981
738578
50773
651595
754480
84869
168100
725313
43140
733020
380236
824896
821609
437517
951715
564957
49099
378339
953389
637156
8789
999707
878463
881313
256672
282918
299894
601856
176131
842943
475467
134464
581521
42592
786059
852353
127461
954159
577666
686954
687179
474254
511850
25140
428124
463565
106449
477223
841904
59838
630732
367045
59545
25547
248359
832570
308465
64605
950778
948
907548
942597
651764
489069
985189
437823
341423
629003
908334
435441
315957
111865
909696
827807
653357
337820
807724
759807
331395
165981
819645
478479
533026
395543
504026
297737
228113
328844
878694
695243
846144
786242
637840
497909
791664
623029
452084
649439
252032
360419
601232
84341
988636
27280
912148
641994
881452
236225
401801
212848
402206
737798
207679
451584
133341
711706
265674
877806
556902
144368
573049
403046
446963
210889
900955
238627
350271
869392
404418
118655
746163
5650
202997
734799
32931
631497
376793
430735
867722
294946
643583
786280
549097
367615
754217
198790
595673
19891
592949
152575
680611
165998
71973
643926
893240
489281
882553
759863
358673
803323
878518
104836
325326
81515
839635
874609
229365
732781
305344
613439
544079
465280
399720
609528
832895
670289
808319
428568
206532
401268
97495
887143
83618
169468
531070
976858
658749
929975
253073
17422
249651
131592
122258
574977
729459
478246
965938
475176
727379
271282
88616
787810
736562
4688
397339
85809
674977
722010
514377
397861
123278
611872
801356
723248
297693
332426
216459
956442
778754
469532
973865
544757
117476
612475
636086
846936
607073
602024
322112
850804
389658
927080
154967
126221
931768
552306
728382
123097
790668
242760
520958
913946
370984
322315
153546
668677
171093
370005
141472
466199
839538
631689
10956
957014
244164
163394
320302
367590
765418
158767
218394
671429
85847
889713
314002
533968
442019
42384
657065
749039
801496
178024
179337
688833
16691
332884
873862
187784
702889
15334
170336
58779
647023
697644
15794
407540
861039
852448
775130
142809
11215
509876
814238
97063
399590
128240
147383
357961
170625
804448
107001
488473
498824
286338
177306
515515
135574
51169
219652
838464
66503
906340
897243
713527
603984
429389
637419
465023
281838
412549
124185
809405
438777
938423
422820
354719
583016
570203
712681
269993
374652
336034
758466
389828
138724
452125
421696
274299
503294
157700
629115
569797
64040
526358
799676
668024
472100
953447
649400
753938
365996
773585
563343
321126
228360
502516
675845
327728
72719
904878
597721
963723
240912
872540
353552
895989
324665
775248
170288
344311
449300
799403
430460
513340
842113
230137
697716
314213
183584
347116
584503
65933
637053
664199
387059
381766
166715
579256
709494
239434
484135
823568
203158
241399
212460
73062
137388
537125
364662
824028
881436
813962
139783
311896
843654
981897
58385
541370
812462
758322
888487
913318
340607
41892
577517
244018
423658
260584
823274
649505
16370
823761
473073
735880
65161
685533
808942
202549
739010
689956
542930
136798
503918
682713
448694
347572
180962
23432
888943
993425
298106
293782
423095
638713
852026
612
399083
275685
777548
738709
441542
793918
562471
914615
46151
627632
116500
855093
346533
371862
545050
889463
508660
565320
88529
473706
429245
269491
13490
318188
262916
311596
128322
686011
466661
980348
202975
865744
772385
496875
120806
213927
807146
683277
644894
853297
827261
277746
224742
690146
649608
286144
95962
674620
851465
184491
148327
280710
453982
678169
115250
233251
989766
759924
435614
972779
740272
154942
354876
29010
651817
475682
759289
458963
158959
920536
828612
502572
714634
53355
192718
880595
339499
288680
555215
190964
989523
219894
988026
443506
898064
103276
193109
887830
863200
628723
860609
119825
783665
731837
665187
951835
207519
940828
927150
882830
861364
755763
385402
575999
809118
94473
456594
148617
899505
11809
855934
889029
748056
843960
332535
646120
463589
525644
50302
843141
670719
427263
962966
454385
159101
144505
922572
366620
85334
849722
249451
946698
605485
151205
39049
414603
245678
495643
79573
145184
23805
935507
34213
288213
779467
883100
934333
759408
925096
984635
602550
595815
928250
81868
566552
87351
226374
489124
970324
311708
338847
219775
774758
944332
887332
330160
875288
133011
342155
954861
794547
365960
890368
345112
654173
186187
744564
104858
945596
669660
605845
64498
781827
534096
146366
864732
621447
889092
353856
591771
200800
209055
327898
491911
669740
731583
822071
545028
380946
164226
16241
175493
46539
422961
36957
217064
609148
781521
838275
71096
967533
444120
651946
749360
978216
798313
614092
116016
687405
484301
224139
404558
693356
68390
412821
879448
799973
751244
424476
180919
915470
957069
872764
478361
380030
909721
211778
505531
207594
50053
92979
175127
494173
744926
440839
988742
543239
54932
104758
746996
55585
845249
667906
265293
913639
80727
144742
713612
831971
85570
410883
263794
42640
799999
742155
422670
709720
470285
928201
917314
520338
21181
608793
14512
766107
49633
3254
825698
620917
624364
89046
676502
469613
756953
941795
383253
837680
602889
613217
669652
688460
540453
449798
731100
340452
708305
670122
566525
178591
114676
483839
698929
652209
608985
713441
934668
658618
233047
760366
279535
857411
365764
472389
843377
122717
414184
226630
960398
17074
356199
146402
221886
896652
596200
469338
753457
304505
139460
319982
483096
770488
320173
698378
422697
929158
411819
357365
587776
161219
634083
383663
534982
516200
856052
378359
638917
786589
121341
115667
320015
993893
262069
541901
406897
374621
527591
160354
195479
183403
480336
194927
953892
316862
893305
892941
246020
821477
250307
350149
499048
400742
250164
34030
916942
106217
928742
72212
409158
566435
187879
729173
560328
966301
787426
967226
857274
315017
643932
569105
498420
640621
764033
452312
957483
173690
345254
203503
511519
111913
70004
526919
29007
320169
77302
462302
942738
6044
534514
351896
88831
722393
81069
649160
205046
868495
132738
62321
183512
293022
631426
681932
933643
911811
650597
891126
601854
512203
610982
629725
624116
680986
156645
169475
517507
233947
631777
460245
756343
166291
812141
845174
405037
409562
10686
126435
794409
659776
705108
494273
952799
852887
692558
402794
764698
343155
293921
882904
855358
421255
512630
995826
618593
185627
165301
136101
935926
797079
596346
692269
479722
924840
53795
401111
850754
580834
527547
645164
240610
232655
655789
709761
85542
348347
628908
366593
207854
922829
765849
63212
860436
794831
575390
479029
980458
740692
615130
432736
54123
727829
125005
50197
169021
695153
451309
536127
275987
495208
697643
32949
244215
353433
259063
846110
701780
887971
212703
909635
327152
494904
489199
187588
289736
580942
182969
786546
837986
314452
219283
892109
558633
860640
458658
727654
555793
426319
263781
348132
921527
961425
897434
165743
831210
156497
11853
49342
44468
740908
475329
887972
235812
964529
75560
41900
61823
774881
828447
899809
89333
47730
308270
647966
908370
766928
375620
980516
193248
155754
328648
631127
633531
226082
313222
981093
898931
841427
30435
943399
582335
505765
831371
334500
986646
423283
376400
48469
198165
204847
464630
803850
768929
772900
451817
677300
56180
343789
174168
765780
15895
502816
396908
649426
245251
710130
630519
144182
551558
177307
603934
650245
683072
951657
501097
669718
891293
393850
718187
89458
598697
182817
893308
883979
472069
861477
561279
528249
205267
251799
294030
221162
754615
207290
386941
516218
917420
533812
660401
985330
711119
780687
151928
394191
732344
653025
63909
623637
46875
298448
229447
161925
997617
639108
45904
469686
500585
123535
514288
705852
375334
324670
443367
646301
531960
830308
162520
965732
880472
339273
467415
591592
119960
619343
502135
852304
788720
82397
992294
351948
897197
221741
30225
894815
860849
592481
880853
361435
232368
395141
583639
607702
719811
27006
770355
251771
373666
449227
733856
254139
304852
201271
362083
424812
820614
380570
793469
125686
462967
785763
477634
360165
523856
24211
254980
384706
616692
652185
262493
849060
47327
362484
973114
283490
389491
743470
51614
279509
709049
785470
50000
13902
986741
412083
438714
323707
309006
748535
965745
771973
534298
443380
648490
58155
467591
903470
959213
600636
72008
738058
449696
119335
100542
422811
402825
6385
682633
454439
285895
391682
756261
852247
405584
259354
780683
360651
583061
89689
109186
548807
861662
159837
508539
510153
734344
492482
929975
209909
93118
1983
947967
542815
637670
48509
481978
556848
54895
164611
527639
857142
556293
283901
709389
478230
543255
6424
355233
642669
96113
980771
707828
474128
140608
216367
984281
391304
225201
430608
601213
834672
948944
549180
893839
102966
114042
375817
659814
168937
540428
187454
542431
613073
987707
768172
607655
530962
774597
962888
689983
387062
943660
397811
861190
84268
130530
361823
991925
355732
792432
593138
706756
257728
658671
600595
360694
772713
976412
20509
458002
33192
724315
433
646265
712022
284957
253921
759336
59554
216809
449320
446617
676821
847131
824159
761090
494014
185983
269367
366098
978415
862505
72854
752495
521176
673449
113189
293889
166213
133698
751891
199405
374365
268676
845670
86387
553634
615943
845724
129540
349105
295044
92509
25926
658527
916669
303368
152541
619004
572735
34991
597419
435241
107845
866266
472769
297646
979455
283011
463859
629506
551254
663264
3871
819931
508935
606611
889917
641230
452335
535809
990335
263731
144671
16262
922258
61340
319630
591152
196696
408718
626143
310467
360311
250341
176733
833080
547987
156188
116091
11847
302046
667346
675111
305918
3629
700398
428881
893546
857981
881216
945707
848316
144947
90378
380930
583557
668070
216913
691061
864766
625631
317205
175233
985942
567546
351966
819022
631885
508155
451466
643732
326553
118812
835196
148823
638793
51946
577704
532339
909927
458920
478046
758244
120219
84777
139174
703777
752847
872439
394838
617614
498070
228395
792847
484012
312293
144814
819387
944179
169321
270853
104263
495874
906017
939459
644698
61162
991406
738754
109853
417685
197675
104251
175929
834246
189028
831456
538023
941876
703895
449214
559490
718318
193961
352337
718682
506255
13503
538069
966786
182824
325274
71049
195051
747643
526861
356101
808805
34619
94855
918658
452304
292530
22910
144586
126777
728290
492394
181152
670166
712641
146718
229656
430959
340680
98346
149642
363287
111849
204063
330073
811026
45690
917474
6077
309685
444335
362178
634843
478954
457033
553501
447611
265916
92763
592197
909045
821054
84591
90197
7572
313584
236916
237229
744544
93948
851927
410538
457235
963776
130953
787308
291154
176643
704782
297231
2681
665470
175761
637524
660776
632795
707377
108387
415063
800141
216936
324108
137547
817879
930657
145119
131464
167573
898700
876008
777873
750627
802898
235108
230756
933851
538768
521910
626847
243551
335494
629528
425373
511255
267052
86149
660402
974429
710889
75465
290922
927825
915925
944821
745705
846583
606293
393521
530508
504993
269529
308382
771973
588779
543490
519081
522630
82259
557343
665829
842162
892837
295357
783887
920445
78761
870036
580847
53191
97277
172665
860465
25103
88590
805287
287160
935173
411580
680681
465682
432925
466562
290416
204898
55341
833906
240331
94323
432517
797675
760153
791031
690512
55510
574918
610957
650624
961307
708157
703815
58584
880822
80632
600039
485764
402271
403551
937290
813851
84232
919324
763129
67146
209740
968027
122487
559998
724711
733163
508868
522386
493316
299899
212898
65178
391170
340208
715802
868829
48365
935969
927413
445539
16602
43805
447655
418873
447356
384945
749077
47941
304269
512206
115087
30361
996585
753927
590360
721296
487090
99228
760034
980406
915479
972933
561936
306649
829493
277739
175478
877858
730060
619244
839749
263014
179401
287404
198240
626757
188702
947317
191050
9323
975875
306138
39685
488812
576417
630045
726461
63507
245625
486495
560265
161104
975780
122201
984106
805273
916292
159584
199483
646353
295180
555584
909367
474581
359341
107607
617691
548043
571276
808741
557366
63503
114879
597051
68668
691296
743448
795129
271155
989073
797976
831420
666530
773757
469974
650636
95382
902618
326572
294866
548971
621753
850450
974691
612686
209791
598650
230377
274186
686279
39119
347905
749782
670350
461308
818450
877999
204757
129931
149154
710182
444260
496927
376712
734369
483253
543700
829751
385871
870273
640969
451195
492026
7772
425886
621064
733915
24536
851442
8102
710815
406913
356007
976950
77263
817315
311752
471614
538424
441684
137121
764959
885944
150400
658023
136665
633653
201724
966416
19524
71997
607386
987071
80375
615158
412957
701439
349073
953846
69233
873527
181013
476146
745886
674315
69762
79554
986068
541376
617978
944104
194849
899289
346400
345249
557313
483065
978902
759037
449481
514779
347386
573219
501850
944113
704729
431160
645552
570155
901358
231138
443682
82371
707284
189569
756687
777046
269123
259107
834775
403453
203211
545976
819095
549611
891226
376408
32676
386480
651797
998509
417611
515535
571729
435814
459648
792810
866974
621552
362965
768332
852690
806648
367055
76327
512569
640094
369725
298044
899201
204500
217849
618764
750477
36944
684727
158055
929704
717403
544535
581501
232265
962147
613388
320346
397961
73036
113156
781287
210941
476122
65971
63631
799122
949378
139958
828043
589473
509684
126087
5026
230536
860288
140143
497365
897233
824870
655420
343289
58626
716308
924791
290891
678455
54531
611237
592768
127568
724393
890407
338509
716867
956378
918492
515989
905756
58451
344032
11581
84487
986471
532960
831375
846760
189455
328741
260345
14325
500513
603634
72951
216821
44777
880194
411628
99309
491431
4396
743229
732177
411155
598090
965396
367533
516582
481386
789642
91385
341770
317575
175872
328242
366887
523600
691354
556342
852341
468051
570668
352854
71685
159971
86028
632815
40166
497656
732124
47949
18405
991705
296478
429560
589795
261875
797094
106377
743261
103088
197763
601383
937015
889987
445977
303903
413587
653683
376597
782280
121734
947265
651487
193420
623589
737515
342587
663755
235171
74711
228056
253576
66416
524535
683137
172563
786410
996583
278940
46023
616023
993055
647406
553038
883043
609736
373293
812982
263419
749891
595263
385154
213508
246750
94926
837097
500617
437513
17204
735788
28576
245261
989365
611344
769796
188854
783907
72558
185437
62847
118581
801460
55903
282339
870850
455298
892075
244144
784632
155495
510387
896247
540649
723895
659349
635575
77345
159966
73088
94549
895755
618016
856162
401472
229360
625958
590326
13267
214868
775763
592466
333449
93575
648369
615789
480777
620019
507864
724921
404652
663359
235308
817251
720360
475556
476601
872287
552901
636567
461727
647450
48674
79743
503613
450146
309103
645923
40472
838722
860792
332587
431189
710593
942514
595910
326382
423292
215930
350599
664565
136934
530310
416226
470537
250671
891782
947138
639310
444683
583706
101038
608485
148732
180781
628450
598879
6237
790726
155703
844959
167870
4643
276148
878463
947157
388411
721198
886801
604341
71797
551367
257627
118459
967593
728164
885482
859375
191655
524793
820410
291713
625831
428895
440445
322964
57346
39324
329201
364424
195028
690513
532294
199671
483013
410757
663180
871424
648307
549982
992117
236456
101349
249744
354916
585294
494261
756750
444669
202268
281543
265079
493981
423726
210326
934426
263043
784024
973751
592244
148448
685131
799109
680742
401154
282123
607852
64334
153547
256159
130668
145665
492616
232017
911761
847532
333663
922374
120634
778332
124642
402178
559763
618623
342256
770090
553050
605299
554114
526801
713896
702563
728284
513005
899657
129438
795128
507509
710124
465028
763669
840793
610693
256285
589162
522454
620169
922826
961181
740803
217510
85823
659333
777274
704447
1590
547364
257497
606889
617830
300650
320785
836745
28934
350143
736403
674724
661623
243912
384848
126651
7581
741993
253696
780218
847508
292503
400387
770334
253684
657543
504196
339507
316876
281470
43954
318466
345186
817803
441708
963017
634805
278845
799762
180091
145340
52517
854815
806964
296430
756016
449967
304011
14361
703664
84230
861869
996167
969
148555
766203
658512
652752
105710
975389
934222
666017
810207
795761
172
768267
275130
634978
47113
74892
815069
192453
643762
186237
515769
940192
458605
965737
244203
472966
669401
844785
851188
181920
845755
999743
948123
20619
168847
570185
512360
103070
236202
322568
415183
236375
607187
690313
387705
654300
281557
202774
363106
925319
905363
878875
865511
363968
844612
626067
353287
30365
987204
204475
728637
832959
720570
193112
369931
889418
763298
882291
508840
999500
721211
924023
752227
328399
614336
139932
499051
412245
859059
862157
337565
764422
257385
719428
644743
618349
345495
998030
648715
332700
202505
893704
682011
923075
86817
51942
328845
850115
450586
837685
365967
171797
761708
118195
500196
892396
774479
999248
820994
633538
377757
158559
397961
635142
877987
42704
253492
739835
557086
418559
72535
759591
312263
270898
199018
399080
322841
527864
765547
773427
881901
131515
461576
159962
249710
478125
568710
24189
993725
389704
174080
371482
548263
572041
6625
942603
131097
260117
682438
688183
678676
754973
964126
507291
542223
679496
906372
865064
723712
671919
154843
605614
319786
132772
765576
569496
610897
850638
110038
604622
240343
284118
976104
304958
372511
499081
247561
19960
275550
929999
708143
470578
201324
188621
977870
743548
868117
400594
124964
591830
588865
796160
713796
908652
928932
995724
994500
539829
846362
104538
660803
86705
905008
153259
391664
793871
652341
155577
813831
927891
85577
38326
398470
803253
226947
892692
63153
611417
293286
188118
719599
398503
500630
949747
307155
429562
945471
818008
485743
791833
438898
146546
394891
343907
299805
302907
654130
468498
458484
467962
912742
60413
506288
827564
863667
249588
720256
443172
377357
529894
147642
613308
928397
648272
563055
751905
77834
508526
569913
79929
816711
8811
226475
727954
869070
42633
30861
523201
511131
5698
991163
423873
66111
13803
251437
446130
779743
488045
889303
157100
17939
553297
770408
462689
201570
849815
214594
795756
358341
300859
875686
691405
309670
618513
419359
178741
661146
450221
218294
688630
455919
209457
628855
38382
739612
396645
865
35708
884690
406520
192808
418982
959817
479569
881671
161387
329384
612617
957144
204078
913476
349182
895483
223146
967695
314842
918239
628842
281415
136533
833824
253686
862342
462679
808421
118307
375676
809286
154015
260367
215806
863175
195701
691975
859096
593724
853363
704833
206341
326859
908911
119817
676041
320746
859315
643736
635588
293907
788930
433356
946792
622754
687042
325487
601786
495463
443794
977462
821101
114161
754181
553259
977336
949882
245235
836433
543606
614950
57618
266299
941809
966529
902468
134202
287275
761784
294290
439215
572043
83221
872571
518835
222327
75966
844322
340465
87781
804468
834280
908883
918629
588461
462142
412318
54696
223729
765103
114654
838679
822721
380954
296840
789250
283422
431042
592877
561558
725333
548444
133601
324906
937368
168789
63585
13334
13111
920403
617467
333932
754683
42702
252561
343144
21197
664879
914192
244926
429982
28847
83606
252703
926153
380446
558305
725927
327841
667534
803838
53174
215979
453791
894432
153347
622580
474369
683033
152044
394772
300500
485976
149455
343203
738537
8952
364400
919769
439496
125678
866103
468343
209284
635159
910848
106083
193464
636776
433924
377351
956966
487098
593330
410757
897882
263029
33338
888603
946062
185382
283376
246562
187710
949183
106117
442599
474487
986869
362368
913984
112548
744824
898679
321832
379983
809528
427915
89799
962656
378191
467150
919622
865289
576832
330379
279523
839861
880069
168127
785923
581803
967855
548838
769513
433390
171307
212113
907878
158177
90833
338214
787077
835657
236893
625261
731992
562773
569529
338144
525429
947720
321646
961403
329362
898479
808135
608885
738340
688204
293364
40616
270008
777571
105806
555873
210962
277113
767986
635192
951642
375172
489758
738719
727181
726651
363981
975526
805777
933510
313670
847558
881230
635316
808962
726944
50147
133449
335830
304840
821653
145546
345456
608013
923118
967614
680239
650432
761079
964577
285624
712722
339749
775382
967793
583283
18385
848126
558809
340514
781636
872479
188073
179219
24147
513387
422515
74295
646836
758345
379135
984841
420244
240943
109207
343362
724909
789446
510146
485988
754023
312122
198710
610125
603856
682856
193408
138593
530982
752217
479108
828971
141048
183533
524542
165195
696920
947057
755842
860108
221755
134977
361301
641999
892272
986860
501713
617181
292658
528211
103170
46682
840333
818232
173159
444189
501088
366567
582782
548423
635136
61890
377394
776184
245423
418288
941379
458695
365345
697222
835155
587100
348551
712809
745451
240824
699669
763516
374357
992328
291727
477527
555362
132060
812112
728521
92601
313200
95088
675384
861623
730224
253626
755369
22760
15402
173657
964139
474097
55355
177713
309253
158807
42617
22062
904259
283441
238083
184127
657798
230411
475855
651678
785773
124267
463790
514294
216869
293342
125734
408605
671318
372310
662231
426687
395070
677633
116697
875562
668083
172052
569627
493688
330859
612244
32102
751470
412037
270185
935598
586188
16949
927805
237866
802722
568424
218008
833369
301645
511350
475455
710250
699020
364118
888834
642060
759188
566467
758757
151102
750902
447161
720730
244590
294372
332974
276692
45843
745012
546878
497793
331200
80179
941950
85418
882901
510374
303426
232622
812020
331128
224430
38622
30149
588548
927456
672209
864088
493924
430966
15191
761178
394479
735921
5769
688851
68895
282461
251046
330259
345691
748839
661459
425870
690789
263229
825124
717516
566655
574098
529536
897784
314880
568158
444285
903428
495615
116494
767517
505891
63812
782708
267069
458291
34981
789190
663494
103876
588004
914541
434136
450047
663380
611947
875918
870522
391529
217394
588038
958184
307844
117574
372320
622725
202084
816605
42505
214051
449451
810022
236294
513263
109082
503364
487906
144063
808906
151401
764292
396910
65942
714780
846958
245674
843079
239228
116196
234608
972974
704234
709145
280818
338160
81465
419895
56597
414423
462401
270648
863874
788775
506943
893490
414210
526659
897748
74625
335565
49149
838917
248828
631443
70049
95786
393470
913129
335014
509666
147737
307988
730253
856882
105158
584765
454700
41406
641362
385475
20159
428363
249349
325286
935306
659191
739496
978317
556940
814122
830234
122441
169391
79062
270237
239441
174848
663707
668922
26214
173373
333011
850554
419978
706246
955713
4744
160946
513471
162458
62773
533630
590821
828474
858916
42479
487666
114765
20796
560958
445239
851031
199751
130982
930093
469988
886775
621294
133695
555697
647508
823421
405061
498063
243399
111307
970128
764495
788605
483599
443306
851378
533581
550479
679852
392497
592959
683870
23614
130107
244828
468853
497490
444580
116188
943936
914568
2963
565230
564616
75013
729090
388037
480074
227153
147788
591381
713633
428636
896338
197232
871942
747716
730813
938773
943920
639663
531732
627791
179629
178192
388971
648483
675682
349903
764671
619618
780824
283986
701200
345440
358999
430291
249829
839073
173796
397617
946806
887430
342605
843144
601014
730899
107212
848180
669673
567485
487843
717757
711628
667472
895949
100599
832307
87984
450503
113330
223954
231327
913669
925155
93119
272668
871798
342948
111742
45594
256917
574900
449376
115875
934397
50391
846774
41609
898571
516447
125446
902766
234205
837074
86590
646506
937674
435250
734490
904529
64932
958445
652208
978601
399952
261679
251270
271750
604627
879364
833696
377896
454264
283073
493771
905013
849816
856898
462975
264739
373345
588421
683857
123902
425496
286799
286761
879522
722049
21251
300403
786982
496048
952611
281935
896000
214290
533205
167750
335269
928921
517799
229517
899538
800872
723289
804551
167040
96539
267526
431779
469884
855948
631988
110139
797796
918787
396900
677318
640837
934503
977721
944171
430552
446684
226106
842904
177326
275664
527007
512595
204585
44806
258464
620475
845678
498105
425027
529070
594644
208905
477201
64529
581205
109189
691020
379001
27976
604272
572671
185165
538775
66744
129336
485679
513428
871795
328584
207106
663811
855591
719701
868396
900397
978166
5224
262427
992623
430251
307849
587268
155508
785050
651797
736714
894239
859169
632067
922215
463441
204739
107381
518568
271483
753069
4248
301264
141216
849184
508370
805027
221127
744424
189776
637876
238942
195000
416655
231565
141603
724504
818833
297111
509554
986982
33825
403793
362503
665893
842360
825944
386984
466093
860865
174819
735515
381465
992435
876731
230649
500806
198111
968128
761582
387887
606004
524
99239
539011
748441
240842
263515
83627
54305
773069
70609
604483
693214
433113
786728
535574
775409
173712
518020
636274
864883
253535
17739
857319
130266
764740
874477
328377
732868
636059
232616
855224
152935
331855
910587
417728
89049
174102
501355
143355
463523
88317
747838
156737
521430
534566
208664
813191
224630
243036
965818
89513
496571
983557
946832
143189
264650
821309
471567
513870
973720
220535
885447
126655
552391
796034
544384
641440
486489
562091
301147
950012
650408
48985
623102
688190
99903
348118
501382
324533
591154
467200
414047
87725
967109
877231
230914
748111
214893
218833
261982
188613
955721
663781
315269
508112
459815
376005
665904
946304
938096
483404
412669
104857
532389
35771
793047
148645
383889
294429
473178
491395
277981
403577
579120
761443
280809
326386
509554
495702
61572
287888
200667
17293
951669
32288
41757
927837
408293
224013
874141
862742
707417
286810
483951
756159
838933
276998
904804
222822
87780
377982
714217
882113
297912
809689
643556
95073
652428
669463
590775
714000
957351
791442
731293
909021
340083
773050
836858
748376
997063
227351
127470
220833
30514
611421
976992
869447
404772
881796
608622
492552
776130
839191
374665
74042
648881
18222
169115
301309
687685
276242
531661
161388
584037
779306
586761
924120
552356
939971
188848
65771
167323
832671
802956
197837
444092
779948
583636
848864
661744
192258
857768
954227
31450
232434
28269
196683
767008
197385
14344
971045
989979
546005
648785
574016
325311
235547
14488
394019
175518
203337
976142
859193
36008
779099
57030
996452
75399
640667
361669
253496
349277
219437
207723
380727
968223
235992
577410
251583
949729
108106
738980
939709
654111
387766
30077
495774
623313
44566
406145
315183
764255
382288
174377
316615
677739
747759
313067
753138
904778
191088
522986
254056
410526
730709
634783
895101
966702
728546
146685
432783
353004
402017
888844
523468
789783
918922
19242
413096
479840
425388
728280
760447
324028
419009
77062
518119
166768
390129
787609
71547
581218
310596
325603
508096
41305
476738
919549
524359
721636
582586
957143
74641
984604
845987
598109
774387
281261
133703
703836
761101
75443
948468
37900
915823
367477
114962
950294
534245
21444
737904
605792
119014
564852
447747
143462
606157
924486
63011
646869
162474
645598
604012
753467
146554
966351
867928
920941
247613
1632
141129
525066
593427
89597
562967
509251
973426
677929
459545
507672
215725
713801
629816
334739
278653
593916
478201
401163
34754
541213
48032
197228
703163
168396
467048
366069
134747
334976
287010
898712
336608
944492
423779
930036
550441
986746
955639
523868
181027
931536
547892
396753
161690
694060
731492
440343
287976
726046
357858
839082
783611
922242
36311
486774
606990
503359
852843
258090
838335
656205
156802
691296
117049
580581
137684
667491
83679
609675
191359
264707
541211
255603
177812
219253
949663
909304
659597
753992
635350
533807
593074
418961
972402
145737
422087
579392
649096
791282
837482
3784
963840
994285
211432
80889
574866
865468
748380
174898
475143
456091
439605
532706
711694
617417
751960
661358
43073
927909
931702
194776
978068
524776
130089
950470
670514
68529
529863
835962
859811
883697
356098
823651
877982
83882
420893
969201
949350
169273
144099
940845
625365
100056
989904
853411
233825
258216
514769
276898
702477
446471
988026
680545
487600
634468
631016
158114
702997
677231
994076
79160
560928
866527
419164
955263
950409
840057
924464
899760
9330
584915
356957
151047
684971
346861
4459
435148
605077
35580
228398
307554
998404
216425
504452
486004
850893
135468
160470
70242
329051
670898
149402
406331
537425
568566
361594
487835
408623
286058
903947
934306
387325
260904
601705
588648
124118
122516
23796
729195
158097
252195
553102
672853
468620
57554
158857
835865
709374
835679
906107
38425
506577
55509
444756
44003
140428
322703
48190
549051
125113
952137
999709
512439
729393
601415
101087
853511
723931
124884
99059
398380
893431
168513
587585
362051
742419
262794
714268
451793
98473
620375
6570
605051
192236
967678
649054
332664
290381
697244
398068
415495
165733
397777
444286
895126
515544
61725
264990
755828
702961
364049
670560
596392
532562
258146
474795
274981
520940
189063
243126
619414
325790
766048
740817
34379
733726
389871
367043
540460
603467
281463
472307
769200
679241
916593
180678
711137
494670
445668
466965
197632
326069
137526
794024
374983
912024
268820
166316
432964
457883
409442
568730
300026
691842
309547
334405
425569
215770
217800
482381
819237
499264
954688
104789
178505
387633
285468
889642
882303
247488
872960
79935
573558
526838
873960
464893
438862
659132
631210
871826
633367
557004
956909
933393
248847
266456
784150
190768
482227
1951
673149
817816
501215
144189
438958
196072
48174
240778
602066
446829
488266
475026
526765
578176
1864
917077
43070
957078
92561
190632
345257
725928
747636
302166
659322
512835
84974
443472
703603
83553
961775
893104
901370
462990
553645
856680
175414
601819
97458
777481
48649
102076
768859
91766
680253
287076
525195
239675
244154
617756
946659
589411
343684
210647
891577
519358
723483
976552
479183
943438
576457
440958
352895
477827
420301
906540
850859
595715
508360
948317
373196
73361
50394
142056
165127
246999
429132
690322
3026
189638
824430
949685
779050
168114
676684
186979
203825
916519
679883
199360
859958
256341
640318
212853
250520
576971
119393
101380
689039
144105
49697
62235
217466
616443
720643
898945
863442
666127
105619
382820
372118
930049
848857
151168
614516
525542
338147
818341
442061
534383
17701
818371
790724
174371
547576
41244
267695
183322
658976
956734
327427
225026
535321
61246
841469
255965
960191
221264
438444
582163
604084
810562
512212
969294
478082
126728
494836
332582
461421
453249
866965
995474
787973
657689
169846
335549
215285
437541
518871
874262
394275
362651
99288
929596
940249
457109
701913
900440
678373
656710
998955
798810
983624
511168
768104
461707
637896
779292
794289
615670
748893
177606
611144
536866
835295
780990
388768
566932
734883
907639
441194
645510
786642
56834
91459
726891
513944
309724
143684
708669
482786
142639
507479
466411
653807
791935
444470
808056
87579
755111
940078
836473
932717
551222
889691
284364
848565
278459
851296
99800
702451
808843
261663
5445
865677
353122
732337
895973
179198
392373
604643
661985
535012
628474
644748
705172
936762
89218
29580
24341
844329
969658
377166
777046
37232
266858
61410
885797
61669
429058
985598
280472
237901
247261
285918
103579
116735
18255
515904
295933
410628
120547
474270
461992
265374
119018
167164
202136
208236
713096
742829
568917
682754
119996
862315
719987
903206
923725
122136
964875
352784
107734
245348
107037
871347
47618
210616
504434
65873
242873
316720
992853
363420
790990
454845
145146
910009
138362
863634
634597
851458
606464
719867
534213
242812
582182
770552
146018
22260
892688
627245
891396
516775
388945
998433
388122
436563
725402
892557
18788
968275
209277
11641
848047
516619
466487
993194
942980
604849
373180
93930
456307
979644
813797
506872
738808
395979
277424
884826
934591
686465
28424
825987
203240
933721
824421
107714
370285
66175
516623
905425
34450
242252
917067
882497
758872
899906
392043
701852
21107
765224
312134
993766
261220
125931
500639
29
38263
294415
401207
972854
980880
945983
315194
700472
879705
655967
808187
766342
722142
324810
671767
756592
567063
588834
155441
842287
5092
547485
60491
26199
829061
372626
536318
90281
498557
553309
606662
53172
847724
7870
26027
344957
953853
341221
45429
349910
997188
369968
116252
235682
211131
788020
992274
778194
893206
147715
136833
898299
211552
197324
440850
40613
569950
977168
647247
584860
530477
253909
638032
894554
261779
664059
755863
731985
521632
317644
81895
35172
687613
714500
270854
898744
502520
779480
193290
912078
443548
330123
326729
655100
527447
767580
212066
613750
261100
859313
198610
307930
113222
836642
202484
891354
17054
474699
139691
538686
792343
737938
90211
479956
452438
361065
895052
471310
140546
88342
383389
584094
418465
226470
755546
462265
510402
967612
76015
771503
826925
274625
595785
456500
627619
314621
347854
644673
789320
487545
183360
581663
741835
273571
577972
194274
150988
473024
181936
807886
561367
81677
908332
496184
308148
663879
474801
818550
631491
550816
590053
974769
341793
702190
431269
969413
16811
295475
614086
806131
299372
313798
904147
41207
103721
482119
751833
771062
955143
933770
578948
32862
15447
487281
45399
323595
151160
520200
658498
299003
587369
764903
790124
929162
467094
221393
414927
483905
33220
545366
806389
332592
859164
710536
890152
479238
192655
641985
250300
664150
92107
829248
213365
623907
832881
258764
463854
500393
295316
122352
315749
882685
887256
105873
328200
870702
843619
743127
354607
876839
804845
677348
725784
180362
387884
615936
659600
96891
774273
426252
277394
382733
771852
490759
6640
604734
749523
470494
621479
44839
592847
937228
443877
996455
43102
772077
867157
403073
31556
738116
279912
352754
415465
522048
533116
319701
654336
709068
416593
944962
135320
210339
327695
907172
701098
334335
28258
966973
804829
649738
528164
914028
586966
972041
910483
146420
260470
293992
549493
808379
32109
345758
161133
963926
867806
210601
283627
38495
919669
216572
983457
54989
426911
311152
478513
128009
645487
506772
611334
966668
156510
139499
397049
259828
627892
823884
406249
404715
117877
955742
729446
666338
301500
406931
630264
685659
617532
913891
724154
53553
130464
707611
108542
557375
535115
103407
201737
696954
610179
329423
663622
283041
468922
577023
59222
613167
400908
465471
534234
35137
937565
263680
701475
239066
670611
331739
441077
804495
761982
681583
858048
408798
389194
482942
482526
440661
586349
200615
137615
712881
530038
317589
995922
998961
894613
571496
128480
811873
36967
662714
847010
974533
442746
64837
729951
113357
912928
687380
917852
674910
368963
775900
600061
274509
775194
82587
715170
361543
283202
852785
74424
813240
686726
586699
328553
581339
158195
457033
909564
711515
636099
756574
686048
78845
337763
932351
708554
250691
619731
142758
441954
988694
435010
42015
263203
210204
124602
978373
571748
407804
347510
162524
737396
34236
749223
65950
131928
423771
39335
41492
135286
191787
314419
337686
786984
652182
270037
495539
902874
889768
638297
861180
878462
73308
903195
658017
799864
27797
152742
371612
951953
16604
50489
689349
567192
316064
271651
699120
739835
310987
256965
391473
19126
87736
729159
806110
256270
999196
301649
159144
405316
456299
536676
800130
45959
439871
458147
845823
467668
610889
733788
935973
143845
784277
625323
711038
100341
413326
410158
356529
240665
183475
748002
259791
787563
477162
65902
43834
476358
883903
719330
881675
340202
256007
681805
902513
695878
656305
748337
679899
783546
998477
615872
927392
782754
757547
638430
399447
170874
564940
755976
411539
264768
503979
187683
52331
981141
253585
96165
973851
653840
815496
371878
510395
71503
570036
412908
283733
226341
677597
963632
526239
192426
579505
969983
491532
853404
608413
890980
24278
689706
163308
952170
954474
667287
139853
523157
164780
909790
619323
138632
79982
951171
26862
590377
539026
596898
519638
822759
339591
713587
302744
865831
906014
398601
835814
397546
252005
960580
804878
792636
166638
968187
744806
121112
635474
401011
160621
800255
827153
779944
455239
907135
247467
482101
13865
302845
595352
49855
125605
934943
763442
944701
317126
185808
343302
669293
583355
595307
146225
904585
387943
312863
872772
132749
950327
508247
50112
110948
824854
877265
407245
796445
300753
171064
794898
314618
473910
390250
880825
115867
841546
644267
60568
675024
346428
403870
860669
446135
999177
523246
350720
387121
836109
223493
36222
302788
248092
602687
413737
589298
479952
337334
902095
297057
508398
696993
128027
498660
603596
8852
614527
961494
169472
675095
636518
515900
78965
13540
962035
78143
536786
312755
981616
889248
52600
534190
192036
300692
136877
122125
406342
133182
975811
308437
430239
484210
5431
74619
982870
125379
83471
113750
86873
252943
788845
239743
285195
867811
253283
247230
462306
306422
76338
443922
195670
128938
494464
387706
945983
631342
26184
352325
280876
1995
660763
711115
2557
182546
302086
985428
824277
385558
99178
911150
154853
404375
667245
440049
272186
436881
203631
250844
743303
279969
211118
455325
925260
705583
843031
871243
853277
385567
739920
134153
387563
917035
361620
390120
615933
663707
891900
440210
49265
507430
867712
720470
911806
534958
160519
700344
971839
364151
951189
231494
644120
162307
686819
85732
384242
46202
956975
237519
431770
213248
371672
819333
130283
249645
725805
746217
913352
617706
702779
478969
641488
570492
199439
553294
621802
359959
769991
109993
240462
721180
341487
400934
399839
544658
486667
300434
107212
959994
537953
538982
173242
425978
874667
303526
675623
600473
566095
105327
734531
268874
584296
376019
355718
783735
445666
977520
143694
215657
87513
384156
453189
945352
785091
369380
490010
788110
669814
597223
748104
207768
652557
921347
150098
43577
741225
342073
160402
307320
447400
894933
92546
31696
787304
448265
815431
749322
942137
475478
964979
29651
375986
934520
491355
677429
303901
497718
465539
973715
94941
213644
697835
263850
651343
364285
307427
392568
706358
467829
216240
153758
879114
308786
701806
182771
273403
33590
932093
215541
509068
413425
245192
401406
347945
252899
595188
651846
750617
577079
141914
361910
307075
839749
625761
958418
204035
449540
350986
426745
433722
83578
580504
829188
392365
798662
11959
665768
832252
460405
881309
857672
873830
642853
259079
738127
412105
370619
389974
162722
947698
48240
524633
254774
887989
666746
729544
608376
116286
596883
35122
550008
680461
131978
895549
72826
930640
907508
254947
279245
884265
652608
136917
274447
811814
912348
12575
223919
282967
918901
386641
230666
967141
427626
1792
371482
94372
731336
979859
210659
844571
531333
277019
525033
179663
172568
114211
626655
596429
369158
905900
997046
538119
559170
271494
349933
471518
284069
573852
754486
202970
476845
501504
686463
904472
19648
57945
998844
267336
554156
725855
111908
601841
519227
153293
781504
691795
267504
924512
804576
153015
346764
801623
691134
905934
589469
41067
377453
873538
131271
648291
592860
608116
666147
279323
28940
202147
337268
544137
469483
407777
269992
97743
9618
789219
251036
307475
997367
518541
231987
318295
671556
578751
636270
879042
1038
225739
920109
894843
615629
51380
543134
724841
175848
725633
4164
721141
927780
857785
265278
913615
265562
535270
11359
791532
840842
262395
99007
354561
297288
847346
672856
485196
942450
309127
364238
943488
51218
800699
838331
666848
368431
897817
391689
544280
139802
912206
781773
67582
286343
47051
981197
68257
98673
508908
859789
455867
287656
958797
810428
584944
806143
483285
586493
264945
308764
467083
208433
876334
267783
563116
543182
636214
460933
451224
696846
117087
879782
478619
184669
166125
525670
682219
234382
140696
707479
610523
596563
995135
85672
406992
96432
408168
406629
682925
673113
231745
666360
881547
108079
934143
444663
167614
570358
421949
135190
783556
539036
14972
262176
240058
697449
304198
438629
448183
961246
146108
58706
557810
141244
144379
481154
237676
68899
887783
436953
742012
635880
103313
139911
743959
553809
584575
427925
640519
522876
563115
424075
578264
578087
686251
818322
791888
506802
256951
240071
468048
919412
815130
542210
60656
475861
23364
814684
544760
427499
767989
286772
63379
387654
426684
323691
941463
527611
751616
581982
566839
314732
6058
145103
409171
208661
479778
201060
231815
253081
957483
699864
172493
772613
242074
749501
248474
265439
564185
793234
209290
848526
596359
272670
236181
23043
112713
693996
67006
864329
792331
633845
179061
314741
295300
104585
523402
775078
305645
755218
28160
779480
971434
717005
552094
213508
466507
800568
995299
547044
110155
204590
395571
706514
993612
148104
245909
106325
358452
312915
487006
150783
463112
182420
465524
758412
287005
505279
49843
109002
776849
78003
888482
748283
795008
440576
478143
777867
757497
473443
324912
867652
194385
236835
90518
704349
384939
336427
810674
743391
165694
814032
410527
628806
996452
392403
903570
283457
897682
953413
392459
674531
31416
797294
422814
342777
754222
900958
120644
511719
890753
961908
895723
601490
198743
502593
305839
100034
839020
632865
359778
4714
446897
770305
149872
443350
162708
53443
726807
60391
6856
635619
251274
554625
432913
190441
413754
703487
607751
50750
731559
14856
12659
627282
616346
727754
646228
922185
827789
485248
71402
187567
6315
518299
957872
672539
478001
636932
725982
721161
213675
249191
356780
464950
320168
306045
171743
733922
9532
779494
301024
257443
794350
313683
884726
410696
41438
530954
849233
385579
532554
920635
573146
55221
955286
47370
727761
433288
684302
970095
154449
897978
735638
27581
879280
55806
333626
567375
306080
859510
346869
607105
116954
657571
437140
518032
584619
994930
565338
950204
380509
614244
870839
470007
669466
342477
517377
913579
775765
201680
883674
930214
616010
619313
474147
11642
191471
324125
579017
497552
183636
442238
621009
816942
99809
58149
851326
684428
569432
933016
634632
949941
547260
21823
419949
733078
364300
453678
163009
656418
655358
563036
102984
787720
182349
577132
799362
890172
901257
378379
387724
601245
336969
525085
934539
436778
583235
302217
637558
669019
235233
788542
618960
298846
326717
555261
31924
207370
8940
711286
863788
180650
274322
483124
968371
973023
60256
284085
863195
477866
178817
767272
595463
515786
292357
530003
468917
875592
832220
106475
60963
67454
411370
196276
882652
738087
751537
430928
461809
276829
142214
325597
973832
416536
325074
458555
389559
901682
258992
252755
379548
437809
20027
975012
469948
828736
21367
938865
220681
853587
561692
281644
437393
973062
477920
320045
227502
745810
750974
689311
538991
409540
531261
512823
826077
856335
487730
731988
758017
746723
501095
137566
700884
37474
628930
170832
866211
650297
109697
86892
20236
187742
368536
457630
160804
846457
294027
388306
108619
561353
593970
647610
970894
125231
160434
313323
981566
648164
45311
255935
911239
546407
393501
612124
100233
538783
782956
966444
705432
409006
53336
725669
596748
938225
699651
273904
301034
510030
178563
409653
71384
772533
57263
558630
897764
734049
388305
395682
898566
949968
651617
809805
12727
561471
421929
112961
616606
721238
79405
322039
130244
649094
564060
726992
587319
263711
517248
404705
290093
695811
814358
877829
984696
387973
952811
882460
122023
341116
794494
20589
291085
962464
830394
303812
523935
768676
933125
140541
489914
12531
978932
620158
661625
542992
863502
765296
323055
897102
686353
613149
592914
500711
7330
577610
405036
960142
976423
527059
301258
287269
64000
108695
249733
410747
928860
773668
179423
861985
430562
185689
874516
925846
322199
52493
468839
702053
334141
308246
599155
20494
437747
708421
37557
445078
286032
442594
405220
778807
969653
706478
66076
550006
331526
315810
960753
260386
605830
140176
122371
552744
325865
513240
478591
648064
82085
463782
350117
416227
288380
949272
953073
726128
657694
990631
171206
460078
949577
92778
755237
435582
315608
337665
985588
647134
169827
946341
907520
775658
602869
29892
844754
928734
59484
839697
93150
141569
303479
959619
557796
591860
425244
27222
834340
599290
534205
5546
59368
483782
614676
330957
919364
930284
668622
904953
577419
838450
367646
1291
130460
970516
547535
975214
899250
607019
814912
508753
748589
634743
468372
822737
742955
893616
849959
577295
492906
384164
99193
68626
384298
713869
399583
303663
644154
584558
724968
737925
423008
92614
739216
553468
63130
286752
45034
478733
410123
376298
503838
675064
11042
972210
497802
753997
382179
864113
847645
875085
764630
463190
460064
148928
177060
375999
968943
337566
960557
693911
591843
383565
302878
847411
453385
882360
650515
498420
877445
60639
874718
381283
735703
402112
353494
749857
672462
252025
613971
36459
127110
378601
499649
103526
43881
676709
479526
12825
530627
440083
223088
122470
340001
525966
969882
309738
408327
620397
324510
285772
197388
715581
183408
933092
117693
536902
682949
306507
305279
813272
342966
432389
191873
842616
52268
752107
35677
531794
764932
566305
488229
988020
205127
344582
30339
691361
170673
438666
828111
495183
240790
25499
210764
424198
474943
844810
477452
674245
151317
782731
487517
494284
731473
195743
336900
300093
947850
888929
831887
229134
455234
836468
217154
176714
697403
247493
868075
868076
202511
212538
363259
959654
238038
90376
900204
229333
935186
377657
903578
86503
676740
907448
97139
924565
103191
950391
224658
567393
839321
572897
796527
810907
925718
13681
987621
623121
777527
372049
7549
496390
584587
370808
456044
338977
461184
356249
84663
912722
250258
988241
999226
926998
895689
96365
367916
515232
46757
108926
82625
402430
681824
879152
213337
607542
409186
717311
747015
703065
89360
754564
199455
190299
641724
655500
45629
619261
528101
130292
531983
778359
634885
531209
221709
46927
143927
589625
562159
707036
698552
161137
109466
896728
556641
839155
20622
965827
556466
767637
185244
645826
38553
384700
352478
680277
556552
398107
299538
84653
44751
831522
863012
679636
879083
601073
242915
539362
707051
321427
762750
921955
482564
872216
818683
555557
227724
355657
37737
784190
639646
222981
946369
678199
607681
298847
358476
680585
213306
174367
765238
774409
522241
144602
970397
917676
745676
213313
457039
969079
534740
736141
891034
533656
124710
226069
89213
352434
581726
126950
136624
221372
866284
82993
415923
473965
898192
774399
154551
111498
465118
436141
402259
987359
580744
372657
421388
842772
585970
394779
328203
637062
130920
219237
687070
255630
961658
776283
608064
59736
419586
744689
281108
802222
344034
213383
792539
242227
504134
947090
870077
969253
899584
272337
472964
996680
644994
894352
355804
747316
805483
684007
900730
936404
419596
587800
192034
381254
880435
316451
440990
816373
61140
238450
618595
405174
451833
411135
163753
955967
874577
33831
441572
774161
306168
914537
770841
951162
325241
642997
214830
130725
327004
115560
67129
746600
703360
775515
127854
583795
91966
85196
916521
669458
839998
535116
590985
291831
946251
754738
764151
820829
788569
205723
111342
94737
636612
398536
562251
478206
41533
293433
125283
368538
408993
708764
115138
628705
484279
759345
728853
92598
360893
645374
762056
200892
180490
353041
9075
126742
107780
773226
463923
412701
495302
575265
507439
648266
973801
586042
126472
15335
879476
251755
900225
804821
960519
531715
433527
961151
291060
162380
53749
168306
807754
332157
369198
504596
685199
378273
147690
309331
667852
611613
722032
679506
703231
745823
327772
193384
848218
454245
208719
727694
706000
108944
532515
182872
640660
482394
144023
448072
644774
197772
132730
968880
529929
501928
989829
731480
396554
137519
557163
580758
265485
795548
260264
968716
541371
588036
162100
389589
558633
887172
633635
264634
512468
682503
963858
669480
164897
107881
633905
326024
305653
766635
811256
351934
784916
801085
83415
697822
938605
156930
278580
720442
952478
55196
205510
493850
159584
367610
399791
718218
771134
549779
499204
283603
748634
463062
469435
913531
570943
103340
755907
392948
386328
567164
744882
171244
368249
344649
869066
823206
501580
663998
543648
970410
235546
749158
980612
395130
633121
380404
629700
920607
446535
128904
204210
195169
591966
189998
625052
679261
293338
380960
72209
196018
948124
333444
367262
832725
194445
752680
655932
212377
933030
715932
182788
168576
465091
163400
80059
614564
60156
709759
535171
506691
355016
255734
218212
946982
445732
843265
626244
255422
740577
214805
451441
205053
548249
335055
37778
259047
87736
210062
471424
537118
925995
170564
222047
907438
333965
302106
38354
910473
528217
573525
933517
399585
345611
151729
346568
307695
511346
489164
563118
251923
220321
530911
973328
284923
382318
11107
543970
986406
737521
531746
523525
663516
702311
745572
87306
552628
564030
125660
463101
608599
215538
396618
8185
561149
548348
871105
868845
576046
876621
948315
344322
96942
995578
317650
381865
894248
845109
925835
880655
582631
973934
404180
762499
676245
666104
366158
228873
746486
8170
691974
871437
223708
604945
879622
301210
669645
267079
686407
245691
143700
151074
590013
240643
663004
424016
138860
557252
785477
64696
437907
884460
38630
358439
646960
231227
540895
529470
460100
287381
537640
668426
158819
277701
273371
554793
578911
943016
821873
781670
705060
481925
932744
811425
722568
112100
235441
861429
669352
537271
442477
623612
421731
997459
982051
585043
745038
522947
114513
721490
326680
652154
389916
1851
929855
179640
556645
25118
122656
894870
806788
827716
376795
255884
155494
615716
367984
390935
993497
553688
928206
952326
177300
866290
466137
675704
451333
211175
715003
565847
932665
41683
734353
838933
43535
664208
18573
116532
205678
657582
527754
528818
1650
420901
784702
157144
36617
669038
64432
546466
222726
508990
15144
916379
375280
481281
592083
826614
208808
823438
908813
657825
865121
643166
496759
425008
823726
31684
57892
29404
689266
101998
558222
207269
522900
859276
880765
559517
528314
945197
622336
267392
970540
637480
700123
345820
635114
808558
688786
843922
631996
597599
501748
13470
240765
998507
954830
580843
546543
529075
610247
752162
631073
684821
959431
153973
544097
840196
229843
588763
301746
852179
372508
272286
6011
72631
134458
641125
397542
823245
485048
545890
937196
503148
75712
694314
18007
30543
275157
564550
75970
885405
316712
707043
570226
792495
861017
630676
632692
607212
219439
450790
975743
591947
723076
981754
180931
857534
139232
94825
197131
140632
640715
134328
643780
716428
344994
661787
263323
620151
742689
339293
21908
59402
562688
108487
851897
423705
739163
941
547269
474954
451731
523012
583254
174807
21119
764185
548694
160351
375362
262177
817335
16077
912857
461115
248857
257851
639254
512180
394355
381943
367825
416263
441345
930514
41102
809595
870571
780265
810536
417841
255220
262268
457205
838474
953427
994676
119011
18473
155027
494373
280651
972362
26802
193508
949829
792012
451360
589083
304192
362067
971027
188370
778330
928724
118884
819433
738319
505807
116050
548856
923648
887622
327476
897206
242448
797255
891882
877811
815729
563262
888536
612732
51976
915339
806240
1806
707351
773952
107241
527895
136019
78268
232617
430702
523345
351501
766487
261664
373661
398889
326872
297309
286512
170700
710867
528960
967956
602750
923124
300037
682364
811660
912769
734340
243351
235361
252498
467054
9314
359740
994950
661685
954360
743919
608739
477705
611773
375226
255722
985434
774116
582594
799095
576980
269647
509963
622292
237603
629065
545416
53992
311429
357077
483113
562121
600428
718474
814620
67483
244140
690712
578785
905826
645072
322704
514565
639130
934477
406144
894852
436263
180260
993798
235359
273592
263445
745322
895884
17400
890739
441301
587744
202168
314730
70857
764289
431510
789332
95261
498993
33472
785973
594130
455650
431046
433187
970216
70176
884016
892712
481380
320280
589324
991530
71991
862916
254976
817313
758800
788728
224404
716453
892825
426572
547535
963682
707213
979046
753014
802475
994391
302839
588448
104874
758489
19494
538061
245057
606022
422077
137769
603754
258709
243445
595285
330700
106361
366613
664365
381514
671693
888769
97967
564518
831693
161855
528201
538907
140901
797567
857734
651644
616758
446182
756518
375248
982029
294579
136657
104403
233009
790779
708158
8070
34224
819795
338771
656938
186408
519488
38452
374453
924610
652771
938972
756303
814626
983525
811562
471879
297444
669296
123524
914203
115479
880042
805803
613860
174622
458812
718263
923983
249591
942773
932053
800168
762568
787176
457106
465328
306665
495558
356134
231275
148329
295106
503930
479308
794983
315493
951187
92427
984789
74711
6630
616620
954754
328785
230480
645728
787598
465096
569711
37189
407869
18116
353709
686790
805293
810815
668470
111958
306373
24604
859585
971055
836062
363515
966715
631045
195360
917902
723473
180150
992614
246455
796770
947368
575241
543603
109448
879191
8699
679159
916380
932920
697275
270090
136062
18920
597257
804533
647230
419983
345489
506815
907390
181552
386683
874105
812597
582043
792007
52422
278545
784621
815230
591668
248341
906823
135271
874141
786014
660322
553300
218746
109594
766928
5188
245657
785848
602446
566542
433079
538781
912031
456246
446171
93583
842929
320276
422533
941325
628635
991307
219870
929609
322889
327890
694302
746064
979513
568444
532078
639835
121744
267177
265782
405024
272365
511439
190873
391163
594333
140304
446296
506364
596550
892467
116300
955832
729095
55185
897157
357731
46492
633379
287340
885734
961270
981642
631798
940783
550086
680229
96971
188183
947406
362753
109559
736123
390544
300432
643639
984877
957088
89935
7593
553639
498755
123893
509471
227850
695430
922980
101933
258275
72711
905625
144009
33981
403620
775807
491117
470058
456036
104440
174593
919794
983545
284153
655918
374089
100937
299557
875318
58026
905844
399263
611665
404599
39509
637488
148802
734939
560468
767087
993214
149531
672713
137223
183513
592685
429383
190982
62743
885419
295422
237337
805214
278967
37842
977484
169408
138779
793393
561078
196805
699237
960341
808470
103837
999850
962310
768991
251142
39130
536078
244356
188662
725143
897932
888527
317828
327315
79509
896924
729086
891283
650613
50652
170250
688455
28136
856010
827234
821529
417088
540392
520767
893781
865214
140956
409984
827525
426299
661126
866655
962377
905482
571669
203873
803414
460196
521701
647081
539705
934977
376168
430988
585590
426820
117590
790397
971309
489952
133984
792838
907040
674376
829957
317174
539590
487265
727158
367115
913564
388284
750123
392294
810118
321792
112519
613533
781989
150572
260614
838046
85550
636782
785387
187492
579955
902977
977890
551264
392930
111874
860454
816322
786250
206764
649848
325840
210381
377006
209308
640298
765290
959431
32592
575409
797575
145111
705294
579564
295683
482260
933963
897585
635395
719350
85078
215350
138679
62968
282966
47961
174842
659772
380636
477444
866536
30484
319636
76918
407491
528944
717216
689133
4727
266160
264542
802303
927623
486188
898219
739658
968449
832182
637244
603844
67884
238674
819194
206564
301642
618512
254525
992836
278284
635161
470280
144821
665646
789916
738091
589489
835213
971659
278622
356292
237819
59517
158595
681794
545705
573167
421452
514154
921701
575048
634350
989586
813722
453544
712502
115364
588408
483379
624552
866693
118541
611184
527866
300539
917453
782309
406380
752666
753968
685002
108958
508139
744519
783906
189933
806577
873425
127737
320731
795126
702786
955082
301064
516508
924978
13566
148225
29739
496946
289129
896432
131839
900314
940650
432378
817767
722959
355110
86785
993279
40112
712095
17770
300984
496001
207703
107561
369426
851792
944644
680905
554578
416078
981969
587439
857409
995536
252016
887148
492482
541145
299932
140673
957811
756934
89403
291930
996245
444513
378715
505876
484625
90811
523646
301961
103164
731349
925874
988943
583141
386871
186200
654072
802949
168169
757863
176710
680057
9879
580210
688891
67376
396494
829564
541540
153428
918967
833470
666025
363480
212186
171901
364458
819349
695547
182771
438865
943248
108646
944160
42742
495517
130360
696814
814818
298530
454677
507881
494939
980908
88091
183831
564636
484586
529747
106176
154366
448715
939647
336744
328547
668185
508645
209357
487534
204193
392129
442751
147441
17127
386912
190183
28996
517272
403349
360166
332154
374378
868047
827094
871638
472491
527277
952627
473429
57024
58803
144147
22091
514802
480891
350639
182987
989537
76348
186873
710082
984829
629625
373875
1956
16537
80411
547304
50161
483760
907471
382316
374491
291870
725762
246129
764361
769391
198756
237790
826415
773912
381938
364859
288714
862829
231850
988054
368718
308198
174927
78800
293028
320904
452676
811336
853793
49439
874993
903955
533199
782464
802623
424042
74334
44737
186524
355048
814128
385280
592838
156895
675544
491128
521754
480611
870310
753604
468665
239028
61803
159944
834181
871183
480849
803209
198871
850994
852648
73864
754949
902199
856328
557572
326242
447015
118661
512766
318415
932789
414398
427605
89685
89943
918734
611439
570554
305396
881396
555571
544424
459551
715515
894957
330734
712716
698166
529605
563711
550814
603470
835012
969366
976150
908937
295608
939517
27598
324726
257932
476740
255476
685538
566425
345419
120624
694216
432325
426020
575612
504248
486796
35163
736116
381754
882249
965184
596272
928207
45247
663439
531677
880260
632805
24179
305549
444765
963697
333147
285843
737981
809887
541319
939871
892664
403091
60495
586881
351768
2867
678845
856017
6016
230361
108485
904122
628962
73669
500394
557169
118917
680185
88846
515529
312990
629378
821078
274107
109427
154225
559950
847408
480465
617622
303632
373129
20713
364127
476362
888833
883347
671560
261202
405715
901921
369687
309837
530883
959709
326583
604405
78626
6769
209603
594155
836111
838981
931585
110219
948408
602162
186521
312169
82627
804143
615801
972109
341208
496280
964823
746394
895979
636383
7596
301694
54656
377284
611531
101892
336993
454467
706297
931971
461236
915900
42478
297347
271234
974063
923918
219642
576225
110440
48163
175205
430935
180316
147314
772144
676597
112137
34890
88928
264873
42486
390623
319529
936122
518506
421421
789467
972973
644070
721438
434209
559971
280268
247909
831205
254331
171827
567199
346909
798619
131715
522114
229555
312031
185780
518051
504980
814269
552941
593909
79142
595427
984532
398672
47902
19390
336445
837369
992364
980516
558808
942925
540487
839076
707186
888044
609760
395366
971595
473021
193985
103310
511487
939892
931694
697267
457943
436674
511536
527236
30583
590679
639016
531467
505703
686918
67210
842148
524287
59574
822664
599447
518851
879503
954876
742390
767547
80988
137756
255495
554009
331741
358805
65496
787986
290499
279115
245929
243526
307003
289518
790461
414034
444886
838281
919737
131804
905491
761886
172443
481417
100902
288243
516620
980406
759471
259010
264305
840459
396766
519800
910820
244860
394958
492668
32846
201809
288135
795127
445335
595138
600997
752149
9173
45883
590430
928910
694039
12273
207148
382835
493690
824403
671078
10310
321161
946901
785673
585466
303712
182439
621619
214532
943651
532929
223552
492849
734738
511687
287977
696426
106825
405326
448575
632350
451210
39005
561261
661601
51278
284761
44436
61320
109164
231866
587982
946677
178767
373655
48496
482479
72447
670115
213363
532450
203044
436915
25300
454134
464954
829629
150560
88132
234955
115487
720482
202517
670844
798095
864119
238474
82857
908555
299794
708373
140422
887777
655051
835541
777784
703547
834373
366583
890014
47736
899034
609410
1004
924334
579896
982310
753963
730457
70442
505270
362296
790925
707788
33141
589020
571907
271615
188229
996814
87762
896603
653588
491891
68006
489130
269675
287905
839855
636259
694271
887591
535293
303681
404947
975979
883577
387258
246294
130386
974052
751564
492683
764977
459352
525824
870350
547611
313791
58579
60778
401553
471534
714366
893444
539540
719848
163120
343797
559703
315731
38068
963647
367376
341749
884946
343355
741679
788556
589649
872065
762609
341213
881100
43938
316918
923276
914288
380881
237068
972868
441659
638621
960754
672378
532066
500295
392226
211538
360444
468282
527269
398513
948281
894645
256614
833227
238000
514645
138136
344001
903063
900745
685214
784163
461035
518484
707440
375324
899366
944508
864544
857377
99481
825298
529755
631547
841945
921982
359437
202390
906616
886706
117255
854897
297703
890221
204476
52055
404867
342612
396056
307930
759709
597623
92093
220745
116107
315885
112421
531825
776745
976965
389203
876227
802263
918958
24126
160561
357292
383564
879303
780260
786622
996558
635157
84326
886779
355986
136381
291646
214950
48790
115928
974660
646413
724374
711757
762520
40259
824178
810698
333357
801143
199901
725936
119758
635211
750062
796671
508856
649978
675974
289116
436601
672532
924274
37279
75664
796612
173660
367310
11562
222450
483239
502574
385215
207613
214331
664088
764224
38509
474786
613933
356004
191039
339869
992115
826250
606284
788786
335106
256262
464761
140575
209215
653645
581201
246494
729309
377813
936507
612972
389375
158957
612563
891950
544173
336528
622633
208261
100752
661143
199399
231038
533499
390438
570907
525614
733040
177191
830753
584499
949806
295514
725074
159021
465511
306275
405516
194821
684088
342023
807793
589815
17332
936708
998117
77857
273236
620751
802470
890340
798246
1869
121378
331745
908659
692286
373712
641700
869477
204465
226199
819283
16331
951273
494657
998194
773900
900173
193015
457988
758548
517160
564155
775880
453868
562273
370090
243456
183024
172560
133797
981270
690782
255175
829367
599441
947461
719431
757493
333291
440248
500044
668926
456579
967669
163583
971126
741569
580108
164141
715909
855008
197654
280065
630889
167874
842338
517331
411331
541714
206243
545128
522984
897025
316655
868703
12819
264117
588135
770312
113760
28383
786709
299038
1315
754378
978974
972441
495948
559082
652934
211857
414091
366940
491922
561332
534815
850612
595015
462498
392326
801258
523978
431662
698284
840633
300366
227455
621102
404853
514119
251214
949588
300828
550253
950903
55207
529227
439696
67507
604661
608983
279364
535104
975923
287639
612788
27090
138251
207803
489588
530578
9062
13566
962240
223698
370552
778958
967505
991654
183811
481624
242869
133400
782453
793122
600655
837660
838701
556704
905167
959714
165687
700883
494819
657962
988522
107607
685053
643126
831763
174641
690056
840825
704560
652296
580875
75112
947607
548380
583118
131418
30004
825987
781170
328809
135461
898178
682821
490514
971234
587988
450229
653273
805224
945048
311235
310098
569007
996288
953224
400770
687282
159632
757947
908194
811929
338822
499658
275888
403554
82776
407306
949911
908764
704829
278720
560577
119359
961542
51092
90593
65882
17673
743866
387458
962721
55101
697557
48080
567742
167133
448851
771376
326766
206798
679570
655047
61973
179228
930935
981879
778356
854593
931790
203472
559422
726863
764050
195133
688405
331494
285726
270639
349167
545944
658098
828240
117398
355655
876320
201492
522788
841523
972868
365906
564674
168790
20953
626647
864370
951888
124878
642726
806482
56669
846199
882256
783532
126601
593742
988289
974447
395820
258928
323614
941765
917026
668206
575515
789033
60878
777007
828174
902402
266227
194080
467076
435017
731386
610075
299387
683274
251305
458465
6108
307974
304664
404717
607858
947617
998459
596147
922064
910631
855076
762030
852396
288454
946588
944263
593840
7467
721270
422014
426221
987497
132446
409649
938866
863832
536076
238253
63459
787381
213071
585919
95356
34087
506988
703214
981705
21799
815714
420121
932431
187142
182152
301179
991948
128740
245443
585788
652559
483065
524154
78780
986915
656601
4781
925781
36785
540857
680387
616596
328239
893458
718868
939947
927545
225856
159513
909250
247656
975227
845724
180087
678721
27876
481266
670670
672968
726709
256458
841880
726127
296965
920660
713042
469918
441794
638823
506703
982651
319210
639652
310890
729020
358520
767189
656566
584376
926703
82168
832032
901930
927892
528471
97004
472120
9738
767674
145089
252799
540484
986969
978926
837449
423981
691968
307367
865775
847144
330423
364779
166354
486427
192021
895375
844947
959211
68293
945675
885914
150461
777708
304196
78354
822531
401200
550474
348621
168874
211915
601421
225711
715236
96699
63160
655570
305020
886880
37697
152164
733655
402476
318518
220082
594498
730245
65029
70061
798538
10704
955975
949000
304764
776523
543706
127296
177724
610532
475917
862950
338800
593690
605013
54036
690390
668174
225958
995410
71406
263656
147574
805061
182484
982444
25143
293334
712690
606524
363395
27580
133580
319370
492932
438345
612246
36638
81993
789970
163523
74262
169272
502323
667953
774286
556359
874695
958812
298670
386457
30218
562326
50383
351631
744810
32827
893126
38145
261869
499650
917892
289450
149582
237263
782382
587927
365861
335373
186272
155831
498896
260535
841455
517571
928488
132093
590282
319535
90905
888952
705992
637475
451278
756375
505458
712441
305554
398584
266938
83776
414586
184830
373226
564169
938445
671960
668448
304306
523685
854721
976489
538933
115256
817945
56504
560096
950038
646787
395983
557296
52091
101975
711123
503370
374702
216582
732163
196608
131518
999101
280384
546105
700283
169962
626626
638729
358275
295074
943035
881960
666147
435877
937246
781403
253822
993750
857851
720212
156889
253834
793860
208981
872161
504984
228703
246863
721566
477218
443472
853084
476319
723856
915541
176602
410171
542167
331683
768446
353594
791071
650406
19741
226948
104004
317497
997122
97755
691700
233686
770996
945535
27547
496329
334048
532531
241384
580912
770449
718602
540736
139885
711273
780944
571779
887876
191115
113946
735911
475913
983892
526982
126320
519986
753930
746676
353835
751052
844431
45535
984739
131780
507422
528638
144461
841471
577521
385846
938735
347970
104448
995823
4207
815722
293119
575986
219950
484235
206285
472213
960148
190177
999196
602820
226515
753126
349497
580350
20531
710280
625886
521622
358412
649660
50260
502874
491131
144133
405072
946218
8455
509520
942041
12662
841594
235161
105001
577896
235748
311286
50110
712248
17815
565658
831421
244331
318784
697270
341033
855667
407550
483271
893641
282315
132932
460253
785189
140415
604386
706613
86634
612841
732485
545027
141856
574080
296540
246857
668328
532288
558143
234790
760889
92310
800448
592310
852993
635585
289580
194027
491252
213482
677298
384894
495797
810230
361499
797338
950646
965886
503951
553632
578727
236437
98659
720583
326869
395200
483792
995197
443840
41935
229988
204729
650598
546788
797039
503591
182373
602971
697618
673626
816454
891269
574872
312251
701499
936371
109590
168497
418609
129893
238481
513689
366330
853493
234272
209551
248693
234417
721101
208885
792704
467441
413615
443302
14229
727006
946894
196603
329978
160864
386581
146432
52133
961453
975035
269985
414176
600977
954834
349138
730871
193316
862827
613553
46809
613451
339457
811854
847868
60558
20739
640573
527999
950706
83875
542228
194065
547121
738831
524043
707986
641764
186827
276471
119569
161862
546456
533746
279192
17643
882884
10063
210959
262063
139968
774120
875514
479425
585974
723383
539983
123065
363956
584334
590124
964183
126563
784189
27657
381746
308232
251995
23511
11411
528466
143080
173273
591275
193178
452465
608918
592414
978880
336229
854477
635201
110349
729992
630978
212675
969727
687314
852092
333683
271648
442216
814218
398211
226405
841875
296310
50989
93870
836173
62400
138689
979253
752026
729964
688784
204491
855234
281198
699724
707815
652028
851277
818164
898372
482255
547191
868099
169569
399283
201782
441218
841500
532352
355781
67905
374228
652091
118895
984450
4616
181295
123139
500222
449673
369455
189006
654165
741041
986556
870241
448856
638584
721518
783372
536956
203773
330563
921407
889695
246199
639541
330913
87699
171894
203046
671956
62474
855138
307203
46924
376106
4851
686416
876328
454524
572223
65334
625041
313265
568243
11634
278473
723179
733152
61846
776488
453278
908761
697895
859325
671312
337437
190238
275363
509331
393284
947320
571805
764774
770875
135081
140881
292078
821497
17209
746603
910073
598896
887996
223338
167139
899631
18163
890318
149135
596361
666806
118765
505123
364702
978090
692787
702139
684680
968151
727822
77965
431823
815979
359091
202698
951060
16324
11129
288910
549886
757732
198983
665134
162080
938673
832273
61711
956836
238943
210847
553198
422102
845964
574673
786804
824055
783812
5295
508735
751963
249469
103052
183786
65448
978496
902837
16508
994820
913966
821770
61058
188050
537105
726192
350130
475778
74817
928194
948967
313761
139041
18517
735863
501357
109542
39019
325412
893354
560666
350500
645318
810135
969904
345456
875583
948400
764645
408443
459573
194963
746566
520631
899365
283671
763176
249496
275802
837993
694042
224769
151754
349435
759638
403969
850792
869180
442988
176205
278886
520006
526705
440556
330141
12961
786013
722076
961362
67010
646872
420935
261974
393438
457918
677691
193461
221094
927187
469263
59088
621229
210384
727194
487016
970022
131164
337809
355554
90504
514014
634441
610511
557071
591349
457004
570032
377362
179081
47746
960725
342305
468681
739051
252095
442952
416742
445556
664046
860282
914820
239486
997863
641556
483033
484880
127931
130549
822689
999837
737405
853055
150630
864268
410126
741980
321273
496510
635694
16706
544257
596419
359011
529290
335470
611106
488594
268565
573014
152641
128847
4186
908479
126710
645743
907864
127942
773674
38413
950631
773511
775819
803686
924142
640087
730164
666122
477712
743027
818168
494418
287284
414588
369781
332926
266410
497239
821521
534975
70254
490514
663822
74440
915345
306885
236535
823210
434827
526561
377975
901811
300073
670146
705497
740567
310234
952014
923041
304298
695041
741209
315069
498677
672149
684850
831603
938560
698442
169476
473535
285048
659990
653710
359488
91688
476947
112376
914898
428126
638937
809225
329937
455362
479372
551787
195929
305958
503801
635322
610256
715194
892884
925325
730223
565033
126528
78178
503593
824970
247655
493481
110018
423997
663543
985858
515685
140490
614586
946935
84968
253524
756161
414906
708886
751885
966693
421168
57843
986846
56490
184451
218392
465726
109777
948615
30760
752657
26793
50705
577627
274448
60538
203997
214798
724081
706207
246835
380923
320794
710123
465892
574318
466284
397150
799556
734521
363843
220724
792364
867041
793567
976815
601785
259293
602944
550400
806405
355601
577193
857111
449580
367994
434001
653577
99144
158083
876137
345979
55358
196931
56102
37602
287601
38738
434752
87157
773259
314947
824234
81975
698340
134153
575143
300125
909798
178087
850525
716204
533689
944071
89667
983269
828417
523668
153199
927561
198103
29336
789892
769814
742619
845995
807416
546572
401085
758521
150081
690697
73468
974315
772672
771809
624820
347815
71934
534619
42255
438812
767175
92296
382883
856842
591917
727652
896862
745116
655213
611318
290804
961457
381132
549775
323804
704900
96347
724890
463421
246429
415587
536890
737096
704611
825051
361917
52427
896985
896536
611034
852149
180063
703330
235032
36905
295247
479036
450119
40364
650601
61437
847520
612059
958921
397296
935863
180174
493643
660753
643595
256424
592692
696837
993521
297304
38240
355438
866083
935226
768326
477117
787375
948389
180447
538760
501646
475694
17796
468117
32410
184750
529555
879931
796809
4828
793579
249024
701354
287222
426130
344950
543647
18822
558139
53520
832478
596380
408958
698561
47958
693636
692030
351685
158377
872477
406797
660023
864524
940946
128140
896934
125696
174047
293217
438857
695228
86796
687881
396582
890371
114011
257884
950370
132834
332376
520242
965312
928756
929200
180226
493066
139188
872256
361103
297565
261086
284253
957588
125610
225199
602080
538896
867247
292480
348466
306104
987708
951614
993985
384290
358337
624349
158527
308707
757183
490903
828949
238847
936011
274501
935425
429077
930041
807682
306532
227606
585120
590785
701546
710730
332336
303627
765978
199583
596107
114444
22039
100167
66059
16025
809
424396
156726
159336
249456
913909
650239
594757
669108
586250
385611
120886
531679
315652
444920
354564
543259
30040
945349
761157
257122
794038
64784
23100
993621
177243
653897
15661
793762
719956
548038
794572
660704
704764
470260
910160
135025
120500
21270
320485
223102
406881
441371
271134
238885
886291
625698
298496
432683
87399
59654
689805
881437
640790
229258
391411
818034
883155
407072
128148
603111
471462
922720
780167
176226
392981
206680
827603
29833
227950
148088
769287
151183
589460
40421
906420
992103
182471
204917
424787
786223
264571
114592
184012
905361
343850
575423
239747
227005
498847
367896
346468
486661
806968
642988
662887
716301
849668
6842
746134
593970
154931
31774
261505
260743
72195
167925
252846
771019
372842
193985
73594
153765
824930
257606
575479
685132
349382
815226
912138
364581
699474
774958
851243
22795
934298
30482
739096
783966
37325
1583
377936
192256
33357
155793
969351
621904
323719
738549
392923
212913
932535
982869
883031
757465
756828
458510
442597
106210
790088
871087
470791
489563
162398
838386
512358
96696
868869
767806
397015
906194
769389
291303
614802
802746
447097
100505
424651
770816
839054
333926
500081
287941
316796
383112
561758
73624
357974
520708
696186
148063
908147
683329
153978
586897
521716
182688
683594
390585
950494
596961
813131
719884
888264
944285
38982
335361
44790
979985
622529
400196
313912
122611
688138
147060
22075
249896
737036
380050
770604
433222
44465
195104
632903
198443
782001
154619
381131
465595
61556
331625
578908
391039
567861
467173
335324
123196
318886
896466
103181
941416
296663
417093
580379
984801
80505
118806
751049
817541
498856
521654
767115
543321
233110
400019
258116
15111
70990
639247
997059
132547
487225
575967
39938
571438
43140
375263
694634
362027
271729
797816
819795
568392
731261
400174
69545
328119
35332
820595
145660
50541
858601
429128
110214
91711
345499
368331
106822
416489
523930
103881
65388
11155
679849
105327
582594
239341
996942
793580
601368
268671
591396
937515
353416
839010
337689
422961
167129
889374
243556
829141
939915
102157
774621
50129
193868
120120
418460
300691
52962
942391
404572
118350
469898
600773
740029
568844
840115
736971
362425
441483
521995
470173
378999
875411
825535
233040
298372
992664
638766
541929
338158
578681
160438
112779
628811
354307
749252
563623
171350
802214
506014
92274
436916
492265
693048
176946
61109
533163
430269
423534
490998
952264
410060
386349
827675
235595
135742
642400
744612
774508
700681
82770
353190
861119
195549
498353
215426
461153
61976
903128
263367
567991
995403
700284
60256
688451
393582
637717
737966
823851
577604
228964
292468
987664
131666
120143
223259
267408
278895
967871
41916
979576
566993
911458
840696
762543
409811
572474
223696
471788
475603
3416
556131
471006
220052
132739
675809
613634
286808
413775
953837
864412
159091
762657
852076
290757
882801
591688
558165
678048
559559
116434
657625
126553
544244
498321
405448
954056
587147
145496
942196
62750
665264
14679
50108
885316
663770
725917
15302
950578
656044
485492
331343
815136
248149
183419
105893
647302
775107
180411
325351
851019
296845
982976
493924
357441
997649
415724
827849
584796
77572
286397
163899
742837
817428
730359
144505
481198
972629
676160
948129
628673
161652
795824
443809
926153
979243
66055
573456
270703
246466
415159
121722
59663
398135
131998
417104
912136
547722
244954
496932
141646
531351
177183
884483
348780
907543
545341
346330
880172
221501
810811
508845
383153
606635
469007
309306
102231
51414
399114
372934
297880
814273
11008
873895
728760
659358
807351
640896
723432
568657
654181
865078
100009
831364
265914
965141
738907
811255
827823
135431
32756
154987
160629
932261
277974
145988
757919
380205
197402
157034
269491
11634
487659
796851
885529
216420
456209
692880
857316
179641
261538
511497
561072
877899
859214
826986
359392
598121
638241
703567
249905
187349
858554
410534
119610
652881
556522
393881
33086
753924
550915
818930
765558
554927
615781
167439
771347
71991
376671
145015
767984
638209
656513
329056
32460
32079
156042
908204
146552
310635
611772
396457
497984
986678
806991
133946
639559
879865
527828
188998
150141
595095
7928
915699
150022
623709
599490
921369
212052
976162
66385
496389
130723
239250
825445
679536
787681
497840
587740
934233
324827
715864
330691
822812
702543
654034
473110
858454
533900
938
47452
684041
112386
571732
116093
262408
711794
231935
700130
440198
208097
282867
936587
855173
38469
278385
534709
826150
776225
638801
760383
101052
354666
607426
440216
57209
261461
429679
432015
311713
946969
995820
512106
59355
567552
144551
838116
795698
376487
538246
235897
100936
337465
688836
956109
375934
967221
7170
202084
259798
645972
478819
877203
638
86246
833771
574199
347707
263450
6214
659420
210420
518386
687878
269775
85939
832430
107891
397989
208917
162489
633886
826205
499954
322723
782315
875888
806296
305837
594324
66095
951809
73144
943298
468799
675742
777069
42998
23449
556872
565565
199221
767292
83951
887099
553419
686242
235881
661311
84232
961150
823800
234470
787356
840107
557193
86023
715995
879842
391860
826672
945937
860022
416168
405587
328821
91910
699008
371820
115359
255880
937385
830932
539524
537688
234383
92944
223931
470265
754255
824515
947767
94407
58985
735123
450866
132531
821146
683214
12373
729359
509886
474662
589381
926054
880249
918202
17964
95609
290022
649675
351490
743759
480607
407366
797800
231342
500310
21731
217959
770917
846246
165727
381677
421583
417202
832543
554114
238349
515757
566487
484060
25643
557501
73441
468049
437750
507995
486013
533360
798018
135688
401202
58129
132647
808568
855929
880342
825231
394012
98301
596148
756610
780380
977825
178194
197583
810369
248660
952284
842478
815148
436344
868122
372649
509785
336171
326752
534132
338537
376464
848502
990577
294018
906632
123225
102586
278913
519919
444169
189278
618220
40318
945888
914953
18143
640434
112536
344864
889095
64820
187343
220595
17516
571817
109596
43653
424340
436348
577785
762877
329164
426288
753455
623182
332920
393032
242121
128185
912951
686290
317463
47523
726608
779704
962476
261104
420138
591364
122320
825585
172536
309663
46180
190052
397832
155777
233705
822173
108477
811491
101402
437642
237779
371209
60824
87051
280593
302945
731588
709896
505588
565404
757420
748548
345108
236248
9652
281598
343965
131973
107184
516501
957988
669716
706554
355821
825493
456611
694346
933971
268102
312100
887965
22233
683310
948789
109284
963903
768087
357225
190152
790027
922629
463924
538575
784089
700172
548228
582039
560489
196553
205575
593343
154541
875292
299897
26714
217137
272860
237412
667460
540963
65865
555425
79548
749175
20567
705185
229430
788654
62410
419582
95033
985039
883506
633608
285480
100031
181836
867519
176872
894741
73095
770215
565635
948387
586464
592349
165524
859325
346114
832985
916640
411979
904762
996188
677506
925329
701373
423288
230335
280135
842871
325368
781526
242729
958977
67006
859112
657165
934526
35985
551907
7621
322552
117542
472360
909017
226243
154236
768342
88709
503573
684982
500688
408336
197522
694546
333665
415248
117835
80353
695383
477058
405721
993262
719787
881050
60268
95252
538216
994794
647589
606475
518767
970141
724017
991127
879158
466612
661716
163852
555322
165289
365186
572362
573625
79061
266909
423643
494309
384744
503996
706044
861802
426069
699306
97941
307120
275927
709545
361688
270721
357134
968163
305841
843628
208532
813320
722786
191496
475036
402991
746818
640326
768177
835533
730303
363590
102442
153946
857899
3538
174294
80296
865340
600364
779602
479633
423836
55529
189179
785524
842603
62665
270039
664796
906293
994923
994468
145432
186419
469505
548423
449590
626183
832952
801475
356486
196543
903917
26785
570794
907455
201079
651090
289147
317795
430693
768780
741631
2574
474311
43507
361529
536977
829898
26325
443270
341173
20794
588702
527593
6651
653477
493535
632834
486430
295010
505672
199325
715279
48809
770119
139086
766241
421210
428233
84036
368255
713365
342020
370829
187677
901879
248711
241006
731778
275036
684276
72951
812182
789331
116896
818833
442808
126783
968019
929238
938145
990044
644915
653424
38853
415035
792510
805094
836245
737095
405483
720852
966813
263855
91681
154490
165734
340392
395496
413864
131781
596124
3168
943963
385455
636416
762797
344616
279552
247168
790206
217697
237212
435122
871122
276066
850157
179984
597512
202754
433432
519347
923606
400245
783202
15287
71087
465289
872032
982935
879153
520165
579059
398673
980480
480867
35090
259629
825483
314642
506798
615689
48691
744010
50811
436165
536428
417320
616150
133941
620074
565934
653288
543680
966179
952843
75320
37266
418132
463704
20201
813637
983869
599260
212311
964349
596479
763753
223979
938314
594747
730777
554004
643438
991139
121167
79604
527568
54840
212106
177861
674914
778040
347501
218595
260571
300344
810267
297837
718476
273971
318038
48466
257840
433650
260777
738541
546482
540882
478872
484796
651981
726001
555152
295419
717141
192672
891375
761061
247512
619833
938922
922426
914225
286423
657373
174796
103120
467640
988985
337948
257963
307023
386414
515803
257026
163543
770697
803508
704425
249569
804656
356406
975571
359809
168178
692712
552481
575905
453773
316345
712091
909047
238771
626316
711822
412497
317465
814942
396489
306450
152891
654453
129826
55657
686608
386852
219201
457305
706712
439978
223227
511368
312737
198798
871177
997267
407862
940010
89524
377987
256355
801615
287034
11479
944284
998856
423976
261749
330151
336817
84551
999394
991270
214377
55051
677879
117581
790604
651536
824293
746935
874763
852014
576024
73561
239543
573291
997775
179554
179167
375762
952261
980783
179148
963740
441419
694357
904068
219520
24508
240886
304071
540254
748508
518449
595305
426387
152382
902262
77924
976676
165549
469039
828690
741573
542601
68233
831216
56728
764139
10383
432491
716401
507518
127991
196493
948937
822348
100562
168457
363208
857800
472529
903462
606308
507330
15120
32696
659712
917382
626972
152740
599283
96011
497782
340856
154964
82368
688424
728045
362859
698807
676888
79260
722678
804879
275754
671615
627228
892668
356425
506788
750468
345306
410251
356776
368988
425371
905824
545052
859105
49148
697793
458388
661512
711927
315596
332828
794295
520372
60873
157155
735531
737761
752767
458209
542641
544873
646177
686221
437541
2602
193009
188009
864260
119612
61138
233248
61335
966962
778300
920440
16111
992445
895180
677623
704373
727128
10451
15020
247500
587677
172175
983032
325438
441295
957593
384431
986168
603770
587004
940062
122724
780014
128071
986984
415978
189209
736584
477314
672524
31237
397754
204987
23682
809287
398962
244407
52767
925765
259428
300268
513442
947955
799652
355233
389250
757245
739664
891771
877368
326669
831833
92
623035
959904
503429
39013
665466
240013
516327
854342
787602
430434
59329
811285
756073
458291
55692
808840
384056
315120
625460
897499
779428
941464
252732
168678
698710
508748
60449
92430
351769
892282
92522
974804
368539
112303
530170
550357
868669
562849
404699
656271
509635
464028
467556
265708
438671
39601
590901
822727
871073
216361
236578
650501
157826
5662
819180
372888
514411
395981
465318
866180
804616
74192
357337
173155
186496
887507
239864
55165
966708
644563
711436
476344
624943
695345
258404
579966
734946
365657
919045
122371
582019
155624
772873
256197
677638
108405
145437
708401
504386
127107
574582
825354
201299
448271
514861
904147
852130
754725
475664
818838
915640
187101
811534
56935
398798
69939
636901
650096
435596
72299
772467
533967
227923
545340
306516
421913
653745
968305
130315
674484
95412
704897
499838
813064
669520
14700
233563
521650
285777
709228
856840
201418
412681
668375
774705
811479
254666
927959
977927
206614
258
750394
256934
228181
812087
79802
166446
982184
564460
296761
656668
176224
518010
672859
989288
187530
203911
222852
225532
489688
448432
82373
207458
861113
267100
982164
188944
38118
910123
166871
761084
910381
917265
18018
654914
729352
614173
821360
227889
178633
634474
884557
354857
152484
73768
860498
340015
277679
599702
81899
283720
48134
164272
7530
909247
947724
506046
614543
985842
416169
781414
746927
842902
698679
281297
14168
944384
895470
351881
172273
590455
986355
573182
461665
655191
163303
322163
511558
957334
921865
593458
241054
969999
274082
764937
395598
221807
270983
10141
207649
203505
791555
470928
46407
6586
268578
576928
467322
680400
445161
155947
270856
431516
245482
732521
603059
408785
54684
114618
366119
492901
708076
123526
979252
982158
888463
374850
203965
159446
901343
927967
362951
209250
915247
925711
732188
183825
18991
199511
864226
464152
871810
135082
412020
117292
383955
15079
526077
954991
129697
408549
447892
837773
48427
427144
819932
936890
318346
540249
612688
736041
984568
491992
945291
899816
934055
677479
83641
953046
393342
464219
417198
265153
115653
345570
898797
499608
360649
941227
970951
490347
866128
418843
844472
914555
362339
180756
851445
197037
237358
980485
933078
221926
988829
878369
121742
922884
72201
721736
392282
981895
185955
325832
763400
301609
671402
662198
317569
32052
119777
288521
38751
985905
223716
883223
900460
586056
580332
751905
783093
817690
248742
232524
39616
237572
110893
677711
160456
699446
399447
552739
681342
101754
878571
444742
919715
66326
623292
237285
98378
743069
42158
653481
728974
265874
536704
629434
368282
633388
897691
667728
451078
146434
900252
490695
900358
527497
684758
577166
226944
600557
646257
424638
702311
524829
869380
138379
107507
9025
375664
205885
752094
934174
375718
481069
200048
912422
626855
84683
62163
524547
752411
513241
187333
652663
520288
87691
696512
205046
664857
923456
805603
827467
864446
24267
868648
250179
162646
976155
259204
54662
182040
11298
988836
557758
492367
705236
986532
119223
306271
565047
160122
58682
78289
863807
227697
598577
951498
924210
319976
132707
364018
641931
960174
228465
182550
828822
478644
861548
321329
737848
916210
19721
265498
421398
577479
274218
642987
80364
909793
949258
645411
69915
7941
240052
933722
751990
354982
401572
676200
191310
50631
556571
833241
527158
301388
532144
872332
296384
393692
193662
550584
309903
213383
816082
247653
307215
90300
890640
903931
93
839899
65694
586360
364192
305747
36434
632534
177081
438006
308735
368391
4990
381658
717984
48500
683046
250128
920832
495782
643821
630846
46366
470076
844230
862448
234081
667797
469101
124722
88080
469194
480973
153774
571907
361517
975873
608341
994051
152954
562700
819138
37697
84042
717148
755682
132542
400194
522162
569726
895976
165983
200573
458694
152411
561155
321143
386493
228952
790244
27567
317032
775790
24892
987158
864049
386409
963032
988743
896812
632338
551443
715951
670036
635485
433099
425718
284379
349646
947880
854105
761974
630216
54678
220669
298979
132185
58164
201824
361137
364760
229391
194521
656902
254283
698032
520952
157044
661064
509695
570209
809754
577490
802512
479790
729327
235611
421860
13706
101609
886093
384163
379936
32661
438842
116957
331640
571027
175121
533465
448517
539881
279208
159390
713135
49844
857422
234087
723240
34838
260134
293449
844593
837624
95961
840735
83303
847925
262596
97009
465886
665041
481173
845822
697702
436367
962779
545694
523746
654252
595511
488615
710485
391072
164358
423621
440916
21780
657708
680508
56619
434195
973958
417564
271819
586271
258299
355123
434196
520895
968484
900083
702288
966009
262257
399990
918728
741389
462037
958827
395641
57548
963794
622479
448620
128152
46100
405888
149933
220160
86397
722904
654355
576707
140468
442527
162978
915119
797650
597175
436015
282486
13610
138303
764848
792219
54646
683576
533608
516683
158755
445602
90583
122550
68081
55556
250702
114181
461444
916987
334341
64193
639891
505049
640900
296711
947576
803879
211831
261578
917406
164198
544064
931016
818853
825264
723235
389851
508841
773196
422886
183948
218798
513470
306498
803231
569026
73553
917412
546822
990540
768105
611016
146784
789506
251916
959847
737082
572147
688030
515012
489553
852228
59077
936921
187434
400693
176509
93637
425886
949705
516524
609835
684855
29994
916333
488086
115372
989886
921850
178546
980427
206307
789562
643563
512166
557831
603410
249248
129978
291441
764261
135884
660021
339690
72805
363807
740383
765666
457445
166270
231723
973969
292457
916578
520315
208790
921016
152039
715029
359218
330585
211808
565526
120148
855371
77692
194331
975133
843292
840661
266574
123905
976545
442948
979947
565703
806755
720331
847721
264200
402953
79445
238169
695410
996023
758484
420552
433392
910523
135581
792610
241109
347389
358136
877609
719112
952180
588292
694246
311825
428953
477172
435730
921851
920120
415678
487554
726876
652361
851627
991076
571666
931072
229246
783428
927096
504082
203980
360488
930958
855914
153098
688419
719655
27587
566028
438768
496119
154320
649366
807944
99625
126538
760027
21476
46659
175705
25382
773535
828066
877010
280963
916084
808082
26561
699512
251530
530644
419844
128370
461602
275758
797821
150021
995414
341760
232401
950534
837879
903073
599900
162176
2698
242790
922203
540527
289449
97908
565909
579336
442326
442919
860300
358410
767354
886861
574274
535236
933857
994118
663607
395459
269877
461428
61832
781643
803188
810585
248529
157419
230010
364781
319595
232709
607571
241798
773236
413373
339706
855497
992709
298384
814769
369361
173146
582123
256223
747420
117359
190080
741539
297318
101892
527768
758746
680076
825763
78286
7014
74292
235706
237024
955425
555301
469733
562996
313452
759321
976369
653158
614819
485431
467895
945940
854792
641041
44415
627367
388462
161774
817448
646353
975445
435692
174121
250543
632120
516236
328830
639134
590528
80888
392511
62305
152541
378596
625301
465993
137918
118023
635504
269089
603454
103399
731381
974598
744440
775796
601966
132902
937570
935766
779255
429367
887810
469728
679911
519930
985964
525093
675417
92844
605981
67928
155149
758522
446524
296803
740868
100794
931178
376372
886235
50984
479771
617616
25582
224211
393412
627548
873466
847335
563314
652721
276702
451124
122450
956613
487407
624766
481706
162824
717611
604039
747104
872760
878914
709980
685915
619782
810775
617093
996154
697010
668077
475925
830979
693660
216488
224391
837560
89954
71726
917227
742676
864781
368351
381478
337746
372110
6244
335805
51286
240207
939844
798390
629320
818758
508371
315235
954892
835498
932329
951046
48860
116758
943323
879839
810418
159812
620583
164331
249766
208661
81558
508794
73442
966261
890272
927541
338372
412869
263346
389658
653076
719542
704401
282396
54653
729124
113984
9545
80974
46313
960592
129834
163071
420267
526026
489842
580079
662961
654173
829846
871622
252083
338640
461417
218344
745265
388958
73068
674486
168656
979079
843914
888198
683480
642663
942851
928956
756647
468749
526282
319312
945693
172468
482383
365960
698494
488577
946040
877807
659102
292238
749430
911185
147230
727199
645882
408847
116157
718950
599685
801165
698029
443600
205715
897861
86263
148567
343169
842910
133668
869451
162222
79361
41920
160957
961673
256766
165887
424065
134574
341341
716303
884004
252527
379886
611203
414761
305085
243712
133711
904771
44877
831741
348371
250592
245954
950986
915511
589124
793896
565531
458575
472470
161244
500495
149779
122918
757262
315666
546983
891836
173360
779639
292192
425887
675877
419747
840648
980962
663459
490711
885733
224688
838804
750456
991632
84759
701442
423496
673883
11690
505379
132458
512
666624
632954
150292
789542
906568
982310
852877
798404
155670
632516
606948
97909
824745
26695
454909
805708
690154
945621
207793
431194
784425
474602
939178
385536
692396
879026
59419
704087
384406
191878
220951
51030
341184
371243
356924
247752
869906
209801
562508
541928
358670
169456
156190
183415
196151
611099
505475
402657
73072
229621
833851
373850
220575
289381
759386
912971
168408
335158
133410
552814
527036
354362
120196
868220
241957
477120
115972
111863
686921
194832
170144
561943
364288
326334
745359
560439
453785
767186
963096
43210
513159
313299
933412
733734
119032
209150
646706
287440
544308
780116
356606
71344
134478
476802
455916
376436
470274
88240
4651
157196
283072
174795
719139
647360
17481
980850
724151
987619
264389
203599
30829
777548
516898
964241
511283
635931
689743
674341
439723
234052
454457
312682
821748
105288
789484
794017
998076
776111
882257
2727
933307
681682
693875
168798
845394
227708
666001
569546
215327
446742
773145
246156
224290
806396
726749
251925
958679
416493
926266
914754
166897
897076
227436
988645
2364
533273
299014
440
309384
181272
519519
759043
379306
213394
444193
224700
441103
110194
310598
656430
556936
600096
418939
297579
406492
662040
549504
881523
594885
475771
796277
761782
889199
540066
266780
891563
73339
565794
892003
382723
263418
411522
658118
159076
141269
102311
383777
98724
728858
210727
271506
802146
810823
690445
99725
733667
868838
165582
131542
463723
157705
927820
225506
46904
467886
8638
938467
57577
90784
346822
440300
354203
274696
614770
513279
932317
717081
413408
31041
445939
624136
818900
764438
951311
509345
380515
201331
894535
546097
332873
358259
220154
777045
100117
267058
244931
108755
721877
302508
199539
585051
259160
70094
859748
873930
99726
308417
107364
29486
855811
69655
169974
674711
834093
121286
184056
730961
322617
594944
277058
171842
953203
497213
948888
53320
280623
193819
678427
518853
12680
394318
103904
788192
464413
480004
178475
80491
788422
285839
109977
644233
871846
279952
318944
222292
917590
19352
953253
240207
130648
230311
928401
83851
243876
877289
653523
40852
587461
848302
559705
116493
242621
179961
904685
223386
176318
599512
303877
481092
401703
930206
125325
273550
210158
960621
495842
127748
496325
449095
884307
626974
195758
812709
227177
955987
689998
880701
513191
793811
729003
589248
910304
487976
769209
331342
711362
461879
930854
531591
942971
332558
461798
584648
122460
188308
545269
618302
316057
557947
583749
716716
701273
295859
45777
444802
768198
252128
325503
797741
45939
570859
386989
956244
575187
672551
287586
802902
134430
218440
334493
77402
67350
312643
662050
189810
500952
723672
324464
333361
797971
424565
50077
499244
236777
95855
944046
4975
347983
785902
319069
910274
873113
706058
866518
448300
894961
670456
251202
29392
405249
102048
623146
472599
414691
285196
178762
915643
525220
503226
765356
323191
444144
815434
338787
680921
427641
799186
202248
291976
101440
521317
202250
490905
227376
585121
455557
122337
255577
223112
668081
660826
325160
291227
649778
256203
92776
828540
688199
134348
848118
453555
973892
292262
785341
312679
973183
212982
628217
175432
504958
246009
696749
707209
736914
440477
808682
192472
79167
64259
415584
747248
241438
257096
38476
891216
513299
647604
236108
201498
781952
84226
655054
755844
376489
440395
584876
866024
169730
729445
557808
674688
975455
254558
898249
712369
211387
706931
421193
290554
287543
836777
37803
528981
610225
592631
936549
123525
756587
172657
325023
538539
256883
496429
810736
149724
936825
911964
532101
106555
641409
89909
297595
616864
860819
712197
845586
72207
935480
266779
879113
223023
619909
433268
752004
230134
25899
688553
353659
298838
377562
195035
837378
150798
691464
164466
300522
144641
76430
348975
767548
717839
955237
65144
851056
816056
293693
696642
404615
229173
479773
800081
452197
99682
233349
204201
846169
259249
409107
716180
558087
786669
911215
911817
937467
602680
592635
754342
263673
669065
619669
31222
903257
574906
96366
754313
907315
390059
450955
311930
619232
930728
112011
587781
546763
345361
308335
392932
120962
717442
625464
195401
20463
536680
623571
474283
655712
216206
228625
919385
885272
848294
950607
304881
939553
563325
59194
846868
469736
26501
675150
605321
473581
787162
193102
20344
648875
501437
929628
286189
735231
555093
997942
755695
608125
621513
229978
263837
354072
974955
183222
755696
339601
650182
60577
279154
213507
119771
126022
683244
146272
801173
288565
619853
104687
481667
156550
269914
499457
602530
72455
234688
157623
70397
990383
282100
208263
736713
545937
562335
711668
245512
834383
567622
895694
894960
846776
109201
531083
489151
308797
193707
806676
113714
813560
427715
595382
486462
697629
611191
88993
770084
845879
762968
356833
352615
45069
565096
89328
107358
643783
317349
352870
478166
884971
248564
889478
248099
874118
420561
253602
182915
614268
60278
296630
944181
487993
408364
430643
701974
19555
35988
988410
381786
798957
345244
734401
360378
426692
340082
467736
70476
173783
820607
64994
58754
585523
954473
823205
459641
375034
76808
158909
989303
653438
971891
449836
657784
896607
880479
359758
916162
432820
348169
814300
748129
209765
548702
108507
636457
405136
92595
223285
578919
429554
288280
154025
15078
759105
977230
474719
134139
570390
149980
639794
740181
121871
89630
397965
18478
486462
757723
450992
919282
622244
265293
667411
832009
330347
292270
984819
735483
384865
208104
314402
814420
12736
468427
829498
771841
962009
820569
422333
48752
970550
62127
788933
608773
668110
703250
627252
154572
977325
78244
590206
599570
859889
257617
947931
190236
549887
932750
442071
451104
140855
272825
781876
669943
741252
611374
441785
219614
948296
864118
784718
435198
442597
573651
43971
627059
276901
671223
781631
770578
265820
888189
370148
125709
662158
318080
832298
212045
767182
274369
179502
908037
547195
961378
577981
804799
89105
536118
540765
37401
916588
325483
988951
359185
415486
32922
502597
208739
220498
800580
979318
486318
688770
349466
128379
350928
183898
960677
79326
951081
751399
258828
375470
814946
736558
469803
619745
825663
5921
676863
379416
438861
2346
368367
314399
417833
917642
816996
626572
138140
617576
605890
140810
306346
471709
785541
173627
171959
262571
252953
123040
13970
28133
498511
828916
764691
484666
965013
106707
6940
641876
486123
445801
160575
370843
760200
578408
804837
577196
721332
459329
711125
843575
600139
533823
831636
902032
707450
3595
164603
960403
126636
694925
988536
141499
523841
269580
142517
5207
376287
149457
163435
862410
595259
324010
749605
871811
418770
554442
965360
140103
530123
676485
983678
130262
210308
815314
548647
917759
335261
713250
394514
461897
408176
899403
119748
448369
168983
262266
969928
545270
411723
133364
924032
523334
973726
189990
395146
392497
744432
360506
532600
274556
553343
32630
921170
280003
364296
986169
714114
699557
699420
108629
677807
623948
8032
797555
588669
693367
576173
558598
238637
504249
208314
162669
27583
182040
869011
422729
574537
613444
299587
107137
404352
852930
656119
841874
649286
20415
828044
363400
719973
43816
472029
914132
184116
996413
711687
772785
689780
804213
331383
444769
308462
539697
123791
336045
721738
992802
275127
812627
122598
91066
436117
526950
943997
92236
885177
593283
629004
229573
473035
348977
789741
945065
263109
973857
457830
491148
746642
147611
295361
594378
592380
603823
650427
232523
456221
372165
225326
731348
701145
347924
822414
137262
391227
282763
229498
276404
392398
858502
22329
865434
723831
812070
326851
503292
302279
784681
510793
565273
448644
806154
159651
557377
926330
810079
789900
382551
698596
15226
630251
399741
879503
969017
537003
270730
768133
282854
63486
160531
141356
602167
542317
381540
414237
869168
884832
232868
170202
395625
798141
135198
718132
474145
692575
160814
800576
998828
59717
499172
530406
689968
415266
409909
175337
468621
680639
943470
751475
260477
104002
409184
862644
162671
307076
793233
548192
708260
26101
718394
620238
340595
369944
338370
814740
62520
15536
131668
61348
75253
630840
108106
281573
562458
518016
456910
31080
715007
916733
298907
975485
537087
224443
354481
699758
531519
147715
247950
239780
690168
482696
860018
547115
852641
714740
878207
431513
730276
9875
9213
321881
640716
117319
603454
719526
635335
576716
266958
866695
9801
565866
358532
546888
790309
713013
246647
838181
377080
10949
77961
583601
9998
454331
130716
862639
169071
8924
810504
415699
18799
819717
253932
175867
937036
857386
895394
88724
950454
162352
471771
960256
244570
830303
507144
551232
59668
270143
389413
953101
797445
983726
536702
807443
954409
667418
670082
639832
192694
996938
55531
211494
816655
309463
903713
270043
683201
315459
358767
150007
477812
346890
626615
238734
177193
650112
789966
753214
436607
695731
706315
234052
195809
243017
41495
150218
426787
227929
306402
619482
224867
878285
347328
557874
704100
251041
827918
903653
566501
703037
53661
560665
49928
196628
315751
743473
363092
622070
496687
799700
317801
203002
33752
29963
962371
591600
696533
389159
819529
2936
524993
560749
881221
872321
118623
585322
639714
946541
488975
206215
649579
58988
283232
699507
255617
598984
442980
135061
221054
456020
934761
55207
659022
484866
85170
137746
76466
781704
43257
412347
300992
568250
973096
182213
956923
91720
767535
596637
554613
772863
319205
204192
831851
118789
420051
603820
717773
379384
738882
455179
351756
189995
26739
527130
674861
628261
664876
751327
926317
708133
680027
227309
792735
653123
409523
749658
261195
693410
346296
815809
466273
665501
536353
814477
784290
472757
418297
18416
368493
673531
989947
720249
863527
533038
247379
538388
161300
912256
806068
87617
136741
486095
831279
929477
655570
757154
679135
916766
450564
25431
732575
433190
207284
785280
764019
507927
258037
182316
42695
626530
372200
32642
346779
235727
565681
110511
290467
243333
22767
612887
847302
675860
98982
678581
605337
754553
435735
800825
671319
402652
342608
920246
352194
549893
705526
116213
574172
479916
814881
616867
106446
187081
649509
969578
939160
731542
80089
745980
974875
619208
358867
822178
295068
457850
17111
900406
728755
969199
217583
916426
888203
560191
353024
240397
110084
58550
872962
684256
538466
687843
301123
161265
391277
466985
130843
330437
198527
727284
76417
689755
346492
951637
28285
157912
409487
45396
574670
654594
530947
792253
571020
419150
352445
440396
175899
978881
498946
48861
663138
553765
736705
480613
231382
644334
463950
878577
491123
662478
605861
83893
868585
468705
35530
896870
626617
961369
458618
717640
615963
989566
509893
703335
925068
862338
143731
100968
841220
159029
149829
20710
229146
402886
17675
460528
47220
481626
339105
538344
660456
461318
138589
529041
930023
174119
942263
72993
135488
400881
790633
267803
906799
816878
487490
831868
195569
147573
932836
553141
822954
82665
573851
52101
1904
107878
512629
565476
105856
368087
620172
766312
829405
758761
811705
275781
932880
270320
865126
584720
671202
172111
368875
578001
988989
372717
926221
184558
36642
859057
737699
859597
458075
827902
911698
459979
935781
940679
541807
557989
825118
161980
840654
170876
920741
652359
446657
369974
922680
828135
471046
110234
246
356274
204587
989235
728991
130809
173794
765634
989866
911493
141583
964293
255748
53281
424272
707881
510312
966080
265870
851783
644412
106524
22659
565153
275236
985668
451479
197916
813803
922526
824502
814049
278800
29089
803284
524143
159898
493430
806129
666117
404924
947712
630410
177024
517345
571035
884905
544010
53467
150775
395793
697879
773652
418452
779384
48888
404120
230864
763156
217923
153390
587658
31972
948542
616747
351608
989037
292998
845039
795167
959115
766315
259231
589525
943339
776577
676912
828244
320587
730379
495371
232732
428258
785375
651184
207643
834263
571656
954859
113771
789579
624601
701429
337903
573143
834529
689511
78532
127527
534550
390051
602994
300865
649283
708871
244204
942212
385784
588800
779151
116163
600524
11883
60774
385899
179419
784769
736515
751075
739628
850286
540654
880581
68068
394909
453724
902597
84420
48608
546476
618971
438660
149470
436188
604295
374693
196745
546507
760477
785545
842010
392993
902421
853893
970119
804673
549664
754888
541188
300739
10868
907826
357745
891449
975894
752654
861525
878491
837074
426485
424967
972397
865145
90789
408586
469440
465483
605331
532299
742312
907228
374309
135305
326002
744554
621776
130675
294218
893016
188215
111309
903884
96041
469054
311685
71936
221708
689562
466779
575135
116048
408099
547532
497545
498888
472470
483338
480723
594153
15637
739388
501382
906299
391045
343736
167205
12822
474411
977776
905838
662626
89085
326075
275019
74492
637760
346955
296200
327323
813735
387687
959723
221834
451572
457268
237074
924042
940606
234150
518196
472596
973538
535930
895247
364583
879666
62452
377405
870429
556580
283244
49407
162018
609319
324426
236510
763431
187734
49062
607106
1469
436750
566829
739655
888322
540450
493081
328716
481056
727231
846912
470004
700769
899194
365251
65353
295212
944056
959110
165641
16988
758706
215048
179006
884377
55827
931868
647809
243561
980931
771267
761382
934033
854449
501037
338707
394899
510470
667423
392307
237702
30688
862312
938471
929882
743915
520176
225095
687971
995639
907088
221312
754345
638489
400318
155075
694316
332187
319236
937877
829470
90503
215611
763503
944952
233000
618562
856203
743470
285985
248511
981172
833025
110823
435996
279260
854738
956172
504355
59062
468163
927795
280374
738861
566284
680692
893936
260600
529231
729524
714829
358701
820027
930440
638556
281332
679792
257118
137535
423263
59456
386046
920787
892481
13221
356783
171741
384312
829308
192448
443374
297471
120244
723748
36332
202880
920792
446620
463481
966376
176144
694662
841429
512524
141455
479986
310208
821247
253456
964095
244510
829264
866494
165298
721746
879715
38433
409839
264027
867741
118640
223753
681565
755236
463853
234249
958116
900998
680870
937949
867374
373366
632612
225155
402242
774067
221493
712450
595314
474950
192898
356177
304214
59392
37827
542312
455459
76260
468504
719487
460354
103496
459592
141919
858732
923446
376168
333200
824444
573390
271150
208170
463109
420114
433325
865351
710533
654819
94154
305847
129769
287052
178376
950335
346444
732555
9000
801903
325168
993856
37742
785522
97352
497335
443793
472436
420781
336313
321988
761577
909704
109490
969747
889165
529604
403072
754516
240137
57891
365022
62337
704012
652074
757065
170700
514870
489621
696052
316774
331141
206260
870868
116663
819964
884555
76808
292400
821688
413121
130740
583265
839177
240231
553012
728342
286187
472437
999211
526325
46680
364233
105014
267045
16308
378431
954097
531178
868052
650149
364304
715545
372761
751525
832208
192725
636080
425368
485125
457769
838490
132217
41034
677667
372448
110399
922362
174988
99188
921573
217665
662220
285806
322679
929265
302114
701110
883362
349645
85515
49863
713949
801060
422624
981826
149621
615349
617907
574989
616826
75676
929831
265396
633062
607499
637844
259813
529861
812832
359001
967786
30497
21222
253592
869528
466839
555707
86991
866554
905352
688858
432769
135653
6270
855394
117480
672243
987095
251739
247233
120274
843767
693416
385670
476829
817267
539866
252995
863480
869051
611996
831266
415900
149570
84859
801781
132762
156918
888772
999316
578622
93982
432085
714275
100252
803831
348107
772496
307279
116198
536081
943905
959965
229497
845927
436795
563117
385793
689790
426597
771196
818138
257864
703449
484061
859075
505230
616823
15993
910354
616139
594615
4336
564576
825242
620940
884760
689702
393436
192039
805900
445869
135944
765866
191719
981871
719013
754836
884016
408803
697785
171565
743293
955649
875014
227354
331076
380244
844177
347069
290598
976668
941684
811286
57597
283279
432226
942357
972981
825663
134396
778881
787884
786692
61099
979603
284915
780112
250791
685283
188915
948577
856848
448561
420578
731862
675915
751655
112106
36445
615076
919056
13113
556761
730342
70710
356392
678921
529419
329373
504584
180167
624606
808820
966859
685706
304776
768126
982170
555567
453410
687438
504144
310258
135999
441075
558473
811914
192730
186931
364711
807806
622340
377825
880919
352682
964887
753663
547955
10659
599388
52539
190826
223995
377712
157686
426053
682488
442164
408223
238055
895574
95661
258552
722185
748012
215979
797010
76279
408709
983941
440990
732867
606281
335167
130139
475316
816407
400154
23271
827066
999543
592163
17892
223538
969875
691930
165943
168715
134095
90518
406770
29669
702532
181674
268206
450544
397653
65216
526823
322714
565510
967814
571934
171791
302981
218425
163459
635740
618579
703083
462806
618122
295246
480699
358012
781473
172629
523955
950188
306724
614474
873310
852746
833358
54985
637304
283902
968990
218873
327078
291705
784383
294892
863639
472526
114225
82064
635986
749966
216995
339069
729124
835118
150667
209823
193130
932140
898805
717086
398680
721881
847912
271990
90979
681270
843327
728284
481524
812318
947157
808602
620375
247892
619846
484014
720418
250424
82430
356404
516742
299425
211825
245866
134543
878844
972042
844026
327336
870847
561112
726016
109080
925376
514359
200060
122998
874038
444696
604522
202708
908205
929477
823083
156097
549323
307097
876515
316099
905879
749272
832841
721657
477449
595060
856200
356294
567102
216578
683630
954301
294042
925999
63381
219418
956710
263441
858768
830748
708137
463291
33457
616342
909120
856540
288791
974795
679990
165307
290895
102221
430931
640088
823878
908380
235148
196431
781026
318602
413009
464657
272903
707052
907008
336285
442822
863718
116078
301591
694466
340568
281234
244275
956910
190354
100816
245702
165149
297158
927361
972396
915731
358292
128837
739610
783024
363985
452393
564051
682588
865402
545060
471843
88806
452068
324480
47981
315786
440559
349572
10252
781127
630806
770880
254389
337512
388048
16443
19013
685206
943804
507762
117289
818448
636599
856899
117825
584
825644
681876
199524
207399
226936
187720
296205
195356
512200
344186
511142
952759
210110
37746
250238
357268
808626
504628
694780
196674
37423
230146
398232
981228
737908
515522
316028
374507
888773
433853
891443
714418
115729
607320
921817
859017
795040
734374
54373
307240
594913
81867
776352
321375
119614
542942
678644
928240
563922
889776
641267
601346
119922
39499
582574
857830
71373
414954
748689
960147
848808
640133
674565
480889
247453
112734
856259
558845
363460
426984
382437
474725
508852
158789
796101
144818
218084
991097
589410
782006
880873
230677
383352
517148
786529
965926
374978
857902
897233
123668
818049
746041
280153
8966
743282
527606
638052
599541
602803
1513
26526
985240
992590
51730
660382
305043
196548
878466
296140
785958
660472
177014
532988
43825
694162
319517
526103
585492
177419
423336
225512
511821
685729
505665
520787
429012
549623
675192
544905
152426
193057
87783
137667
185647
139513
798049
490691
852413
192867
786831
154724
853339
480197
687712
413516
690711
523581
939620
276204
701000
879308
18068
729173
565038
40086
766313
510402
589709
441505
55307
258488
634562
143091
912507
820209
798956
226908
827252
651370
419775
614084
806094
273114
610633
10158
686631
301345
533739
142603
93901
751091
21911
111969
480265
103301
152055
246578
613703
258117
688083
669011
32957
838997
328454
945464
175558
127410
172372
2811
778780
108499
133247
101226
897965
743880
111384
100948
561577
645123
243551
655478
396215
781815
283800
392832
885116
952207
639410
498820
726676
843845
684183
759633
199194
528989
221449
374752
656399
393821
377563
951532
18672
510810
52758
916638
771043
680495
17586
332620
325618
777490
504451
238185
559305
788251
631017
960773
256810
786779
975945
983487
146976
176480
743120
346170
705469
480922
237275
361869
874743
131190
829753
409768
642001
882511
326406
929396
79358
860344
262016
921329
637834
766467
159514
713491
71070
306884
674265
327881
610015
166562
827720
273344
343043
87192
135866
48512
568114
373141
926733
959210
504332
756486
368978
662685
155350
211736
592081
234708
72080
370449
156037
226267
653269
831904
939758
240691
138788
130375
84924
265155
296938
912644
538499
156333
999837
674366
204845
84303
47507
647931
43513
68191
404417
928843
730876
76119
140579
839309
310828
212660
726111
983217
438927
379380
815121
895037
620071
470261
541765
704996
735417
838703
133992
790268
511388
133829
464634
232585
218133
28494
880516
777998
613037
801286
706842
860266
877405
847421
699575
704585
576433
425686
687803
531712
321418
19276
426750
457842
489538
968515
679190
741307
323570
813182
47927
834958
947012
512562
583895
681497
57408
464412
975847
670445
782050
682689
47063
659455
46463
746639
364041
139248
688677
568196
670961
526448
587472
614063
984290
77010
582578
663480
334669
422500
476662
382597
773810
940026
411511
357705
137875
985271
338469
113723
172068
120519
312764
219132
779975
875579
482123
660368
14828
687152
228564
685789
213600
816036
816204
714242
409399
398782
377722
260420
337634
370737
643017
627796
827115
570880
985501
964991
556151
840323
595066
728220
960842
424182
947352
257169
816114
945827
433889
830942
632979
662453
33083
846580
994842
849287
560822
404241
764421
454897
181013
618407
825634
824031
246203
169101
911263
748056
134092
467415
588379
245510
195635
65574
186045
659339
839095
2159
605166
272985
349453
238145
451790
898888
601077
446632
264527
678252
367225
545300
133149
548239
163707
475135
888622
409910
644236
799885
674318
294681
783652
262698
540191
979287
844624
242588
154978
683719
244747
276496
473056
110552
30994
924847
9440
148423
371479
273967
826675
255057
819267
959824
803296
499326
951311
208270
425588
595548
524507
99907
890229
308160
878957
946772
803799
723581
189361
958778
923652
950460
751626
396709
61013
782620
321556
70453
931044
209387
860773
274071
980796
680040
233896
300444
695719
701559
508714
121307
297107
33222
221214
703688
341382
100171
650461
145181
340104
356174
620311
780109
306634
888290
176818
883999
187262
14726
954453
634658
740465
331578
908730
721262
527970
658978
21706
223689
360537
46773
344997
657645
596347
82563
877685
937729
699087
44498
599262
39191
400672
735926
819300
223659
624216
512470
107658
327830
43548
578463
962489
784014
910041
871219
21628
954364
530197
559686
178053
407086
606459
39402
581083
202806
121966
458769
656887
821053
503267
772502
376596
420292
24780
712249
643951
165348
741071
267961
493178
784620
846425
455667
84986
272818
843238
622966
743534
373435
182652
921588
780522
305464
477342
361605
24622
115660
336726
681510
453065
839994
970364
829662
776638
511496
58263
420589
676844
315686
688550
170022
100306
51327
142042
701644
840498
985280
840962
584032
875068
23615
21972
171942
329079
15667
533547
870053
131327
386626
67915
584393
742972
38279
930407
519610
549775
988670
940199
742971
304356
145101
429346
921015
712781
571388
139011
69631
73020
979974
170015
948088
519941
191988
120030
365372
724007
169930
235425
855334
72908
303341
439727
815880
857972
370134
335490
924100
875156
792041
667071
695865
937142
612769
133232
166275
184157
272243
235906
773530
768569
405922
237970
288510
114262
358001
653882
838269
44283
405660
693603
117191
709001
649683
449423
566973
536169
784913
7425
927678
576954
674497
623543
30448
287266
756775
196724
987776
545370
948982
277658
830292
354904
515628
118802
469166
389981
289037
823787
950616
694697
517391
584159
920050
683426
33582
3375
219595
818495
10801
147273
911801
201650
287168
942250
5268
43943
655326
509396
105666
604308
303406
935958
959213
819035
571112
944731
725368
376501
768519
675985
587550
802262
260144
507600
485688
810079
27328
221635
144926
554481
368909
56728
756131
656077
515330
277751
216373
170656
303500
838391
291316
606906
290701
766881
425941
861813
711613
151310
754667
996484
343647
342217
315098
120143
849818
800786
930222
393498
22421
75149
947979
907682
648229
704110
80112
163559
498213
812837
850567
801713
167580
141883
408620
458281
908765
350913
836446
136730
18575
591113
649566
362222
933331
964664
482366
299501
281802
928940
692999
820575
4089
640978
728258
652318
861440
324722
332229
359653
137559
182796
161367
821491
324680
86339
279772
749797
437252
116218
886527
455828
707332
52445
818050
157015
17109
816768
456516
298911
262061
149515
119486
782502
306845
364096
951173
168285
688818
283402
527938
342729
466199
205657
164220
307231
808348
960344
57028
245601
76563
459907
217781
300247
512352
552183
457262
529461
368952
913778
344724
147365
579645
464210
929867
886490
344659
881040
54775
549829
164443
99065
892559
146994
821075
573131
454225
629423
533476
27605
391376
126391
487512
609157
426638
516216
161341
400252
45677
46645
830382
906753
194010
410027
887315
123877
296517
231974
4918
867644
781804
685713
483061
190715
832707
304136
280198
803284
449912
330026
830889
841288
456417
834753
450446
399407
350969
128139
799659
912998
174784
630041
819751
368794
556420
707066
492671
369289
939041
13941
236933
237197
216006
719995
427912
565065
540483
708110
368349
990395
38137
715590
348036
10906
550343
798482
410314
417664
926621
726325
330662
101405
872719
150413
986551
429139
373832
995574
798429
829225
9516
551714
66422
741874
788061
10686
306940
328545
235148
191641
835292
273285
907232
183328
800544
973927
981810
727210
391592
424783
453535
238606
42540
842606
905372
545443
788098
279204
541018
102879
108429
66886
654593
174851
808760
959007
701889
115700
287552
937037
823694
122844
726675
730926
306173
527219
221205
804335
254429
612797
745471
224316
851404
788011
583275
273128
849807
371373
552332
390825
990604
660761
457711
645197
351964
782823
604204
570205
414876
408108
507242
238570
47305
233917
969496
353478
277488
190701
674165
531917
319851
419636
272586
687607
724000
372213
960735
573807
259938
29419
964632
250542
206532
938695
412091
558496
721518
16296
645053
136394
940756
152295
891316
988061
386213
377164
857891
663701
567866
532057
711971
404069
951693
500909
608028
192045
389474
85115
765852
649412
114534
246836
899954
321066
185531
312045
395914
423402
844693
40967
76148
785450
193262
967465
289863
95827
344629
147755
275881
428847
679812
504204
349268
147857
521465
957296
339903
910939
42411
622107
560351
156945
868944
460305
478011
570827
772350
390277
994229
133396
431244
70378
918846
140859
554195
725061
236686
898824
872816
28919
844024
68980
533123
193292
216838
570940
150589
73093
481879
709352
695200
558582
866298
564144
18887
860661
134972
307590
250939
645553
440986
198535
715931
876184
339394
786478
601245
92433
685303
990414
121352
45679
59394
170828
238971
792584
741768
905912
865677
223648
615265
560878
298582
997915
641374
317470
374928
292698
141412
625867
938252
98750
340755
170535
491286
680149
473366
608883
772582
675021
599297
893935
720700
175044
64763
959671
967628
322883
381936
833306
62883
997201
910536
361466
995116
68262
195288
886396
360961
336700
512264
815565
951802
369371
502452
959440
49520
975818
568323
338455
650839
683973
748742
371539
859017
329857
847563
826645
652740
229499
176303
715624
743052
603191
77090
254520
671454
272378
140916
548767
125430
169532
880684
77232
538903
383136
36672
104776
875307
121347
443231
42498
805320
191973
414038
180689
521830
777953
523687
174570
523804
699990
406546
266856
819534
483636
521376
490988
272366
662292
556107
397796
348177
436791
991380
887080
336279
544404
991856
727938
665752
435087
770437
987424
143412
700827
168114
665242
478780
691801
356165
2584
908143
762711
785792
244029
762700
307168
251369
551418
485812
807476
465567
833989
760619
456947
237422
613251
517704
745630
341189
699808
697070
627978
203584
840482
328805
371698
22077
323937
579851
894594
326521
4347
657305
628665
248376
936357
935833
16098
487776
937998
823574
469695
288339
100546
442994
42113
230149
960698
787744
571338
176858
1166
715669
380443
841648
44474
268493
380077
368412
364697
274671
211285
885396
448329
839951
650124
384686
292136
666222
388814
746486
6149
858509
551178
106695
301504
593291
336844
778554
897387
424534
955413
898553
140203
852208
740202
701030
120701
636631
69442
485398
911303
797079
370794
359632
637030
20919
260670
445519
687141
649485
708357
209642
24346
259535
316337
842202
852827
169533
620757
266566
594068
92522
165120
250623
944730
421674
951653
581783
58305
537447
67182
969608
334527
954328
845592
487909
491599
106263
933428
695093
272100
158138
904735
812798
417673
737425
655001
786852
906958
792110
53419
17378
400984
218539
268002
862066
640213
736007
443849
214870
273455
27383
700831
607982
981712
546423
95891
989663
169038
545672
684756
957490
703810
105844
770289
637835
843269
941642
424688
750227
250104
994459
283958
651088
212998
68312
513154
369563
804319
473355
100785
594126
500739
801616
202108
998803
348040
814352
988466
33430
876376
673223
990921
96538
295419
761210
250725
138688
219204
675413
405267
469308
669872
689225
636748
399222
273889
666254
285137
78209
139609
385923
188687
156700
703891
390796
155503
51931
721500
143970
601714
114228
333545
592635
210766
628964
870197
461491
767652
605753
653257
689271
591413
839481
894849
228161
755056
168738
410767
556545
763299
66728
458820
951987
223429
162712
859135
378932
730995
580635
39254
332709
211215
372799
441696
938333
518115
311893
916176
285767
917646
85785
491391
509059
925267
386240
253572
196675
71330
180691
753220
834630
247420
728393
786617
987201
891105
162104
882485
622100
259091
921740
471162
470306
810891
912858
408639
329007
741104
841167
131126
175102
926953
622517
200514
852220
525109
970438
565247
596440
151130
834819
947422
914902
563212
250391
418455
454317
412495
300940
592770
671586
739032
580284
141892
66276
493142
66883
395283
750598
908050
526409
925701
835003
665279
126215
203575
706740
96653
768822
819532
764135
603642
766954
679037
166854
17345
613844
137524
429840
914785
730294
101426
170169
310578
759670
236445
320072
826553
631728
70671
734604
674490
512724
569607
856121
638939
773183
562861
251944
58357
382394
532432
661999
665700
727821
345206
683046
341666
482730
112886
772803
729376
730665
942972
39954
490335
695770
876378
316889
843850
463401
567845
518340
976125
137452
890813
131416
426987
970027
899713
1697
352421
432145
180048
18121
159966
525254
217519
501632
524336
846758
274435
253712
577423
733760
810018
67758
429530
686397
900999
273380
149798
468844
308073
642276
122649
715238
773692
65988
685265
673405
67685
554038
621902
247734
88512
781869
289340
306031
799853
813677
152789
590641
67389
730212
840753
877408
314323
270283
80157
215322
60015
746307
684167
884440
388583
806816
599679
162276
389156
284944
352033
456842
838983
490288
220928
443847
788509
510268
749878
588362
323945
902668
695355
907687
149232
536108
785095
979907
322743
865252
195230
382759
611559
395749
783551
516495
718917
383230
195123
108073
184527
63508
564915
539862
553796
785843
983709
342305
812464
733587
447020
136409
152607
142375
44096
818192
194836
345543
798099
517579
727147
993329
416690
855059
905430
200242
371554
624347
99824
566677
732421
284351
630185
297336
824213
183982
599532
807922
42639
411996
57862
6011
64757
726821
664739
625206
545013
859575
487101
343113
893506
214249
852794
310197
69308
758225
26791
957214
382572
126615
523891
114993
927319
670428
928682
267884
370762
44566
75807
413402
972914
650021
935765
37671
376842
600504
179229
921856
460079
666331
781321
353586
396932
150467
180135
982592
425044
206926
939806
807617
849893
980049
438962
293564
166829
883996
561449
537592
928562
153608
467346
901476
803629
403111
455500
696823
3616
634729
135031
463695
817412
916352
333633
730696
583172
30120
713288
8216
753398
169446
815833
603292
665847
771148
896856
832677
655144
458305
886621
583707
611913
353967
1535
931894
757078
457035
628718
277046
608117
763749
740742
425529
196454
590727
672578
779626
620848
902218
787842
374246
588017
120028
493890
253864
891176
907099
602893
62672
881756
489514
162731
10022
359833
164267
941916
116912
137654
86986
393958
745771
367088
651052
687653
563542
758132
360231
859520
895332
262449
647362
785930
850466
283742
279821
620683
174918
703272
739928
753943
585028
745795
916674
595050
105628
597293
53319
738892
734948
140305
649203
480719
23745
816607
684724
587287
574739
44955
446807
470071
823757
610522
256002
190575
894264
52175
811258
585535
755447
551187
855830
856827
296982
288856
451878
918962
886150
21549
657855
137450
678206
307058
134521
701952
123665
819246
289239
214757
864201
252399
684828
204310
379273
457182
394886
789889
25709
206144
891776
297508
273683
747606
154336
87017
36463
122566
522332
438965
144115
180187
576415
822321
3597
710936
524273
643614
46534
329865
858371
427088
98616
59552
631398
477889
33086
26284
784130
58796
748781
192259
356304
538816
939865
26992
142186
492680
149558
664518
447997
293673
844705
540764
115995
364654
251701
156620
8268
814587
486485
866640
241675
585101
442544
389426
579342
475630
415710
879825
50778
680843
72084
923435
219660
528301
950427
361846
20982
616338
26364
985331
910011
387421
526096
542358
752075
294149
698979
276695
108736
701816
659687
866764
803270
102231
256190
898964
94214
671900
778789
661344
869096
850873
584779
605108
895527
51559
966954
432861
667897
509670
418192
577908
413443
944288
636619
681870
238437
851950
958565
863526
553766
134605
730290
357036
753188
986480
256001
847402
174732
551142
508747
43828
402016
609878
648936
813895
661437
132242
246756
329334
158264
664948
423595
571707
125589
60214
769929
880378
912164
244847
743904
982282
379452
474194
339319
648992
460674
111672
496395
151759
662814
521494
195587
581182
647724
360876
395077
309162
493118
641833
154848
651383
823134
578443
739442
948723
155009
25724
829101
583525
270571
573006
82160
166375
563552
421479
815367
540579
49503
311762
692338
712317
349608
404277
293500
997333
765153
688577
822847
774624
846763
977695
942359
669897
72491
198153
134972
743852
223877
964073
843730
494448
53431
925890
660823
133336
863721
476191
673915
913224
304305
882605
625541
170266
286882
435393
683951
52036
640323
506798
343012
487086
484493
285371
673335
73336
483524
808307
817189
707402
288732
177271
718202
858516
103161
379026
991852
966882
371569
182119
396458
675874
64724
21999
362492
867958
973745
46443
436346
614068
553241
779358
617506
554087
64729
290841
627423
64606
615500
960964
772008
904232
138235
6562
279100
757748
385588
270952
724630
757157
969423
637440
949384
34147
659440
828228
902106
149537
874672
338452
763605
427913
634163
381111
498352
698892
671952
642128
279850
287452
119444
568210
708036
257680
574773
987137
531780
960361
774441
772763
233871
743865
410203
699607
294364
69643
527835
196470
735532
402507
51275
499137
346773
685438
880248
361477
900682
68552
3605
696885
872356
123050
265095
580393
897082
839868
83882
428862
316582
858323
201625
66805
118540
611829
766412
412905
197824
810599
125727
449709
729459
177002
948846
592584
378792
345447
954061
795827
413999
957667
492712
802708
597069
274159
899453
10503
114028
983335
955717
946962
358010
157343
13767
476551
285524
296531
889456
999700
623482
15183
449409
352941
708538
914608
945525
603682
260055
899587
399509
190406
373606
408573
993114
487027
682733
892567
497530
313113
392254
453247
776427
750265
126942
790194
743168
928818
603077
148976
444871
226559
164159
410632
579501
389049
325240
41378
992732
101647
457317
908593
292054
830923
833519
285168
317950
516252
694088
331832
345717
86342
301432
122144
352959
428374
428690
96127
873545
31767
245103
318416
258326
925615
245400
354179
831016
86993
911910
823748
188640
369227
248694
480694
200151
82213
282215
34453
114817
976303
882638
460534
578997
184070
582678
931957
128796
11368
28084
2341
559487
789540
837109
334165
231507
82510
204697
62523
169503
116607
402624
874495
485834
651318
355190
202337
249883
153757
753143
364700
646412
635781
825234
225409
336203
924264
157366
464999
451984
701803
983693
527823
7695
337154
861988
239202
419664
66685
301725
105519
699644
220701
496367
185479
388371
851557
904168
638254
521666
657311
2954
168078
293092
344540
909839
145647
785156
583558
610647
237140
285361
110692
764963
809408
447846
143304
48610
383863
209989
866687
5734
425986
603741
502101
611465
992112
870010
515633
630367
391676
689297
149673
76106
498741
494214
985946
644389
279370
569504
771388
32863
371217
882080
797826
180625
329926
941130
745587
230141
667472
612274
235876
93458
216015
737977
221275
208128
607988
253260
354847
516016
942557
504520
592123
441299
515086
578069
85688
794457
147573
373428
827320
518790
255508
141498
215767
101786
598981
961354
331928
782805
89980
84156
392615
305996
822133
130242
30476
946473
383502
901675
462490
326060
406195
54613
283711
921282
632682
885751
232091
296607
259179
575763
331749
31039
233613
547516
132825
832594
508870
981105
131751
598850
65261
40718
421198
403747
170960
968026
350220
554463
869701
812710
396875
792249
383675
196938
229883
532709
82689
461974
829316
858220
554089
677417
889259
787702
741285
538436
136649
250155
35894
268400
365358
101155
309119
302908
21254
480079
270935
371475
550894
656988
700537
947769
965589
84213
144707
195472
133274
743748
173798
478943
118320
727887
156360
7579
515590
897646
62368
652239
664153
98262
436991
29511
715769
746110
848772
737024
742542
119707
624851
293436
293047
325388
757558
258637
925953
418617
970461
59228
678718
144260
538171
797038
872147
210883
320970
387737
108529
383338
556328
772683
997952
993320
318546
713721
739430
683670
967097
998324
319729
591948
808113
612777
433689
82023
387766
359642
16992
358227
935222
695710
502487
989745
9101
374635
200629
330071
278724
825510
229761
835053
114545
227713
828373
949444
941434
84155
633114
908532
598832
952844
500480
923297
565621
934169
5320
469739
810164
22312
827966
261738
718023
846806
251484
727124
737793
452113
573547
16517
793975
803308
367922
908521
31021
712647
857965
488807
313155
491079
397339
428339
443923
414172
351636
525896
864693
356956
995635
674857
379268
339954
452948
613643
186760
704432
857119
924553
672897
430666
457422
466872
750326
825345
375393
781347
54344
233358
270155
367499
240790
183846
795838
684713
598018
663826
726962
979064
20782
722597
170273
916403
62551
623221
530046
765663
327653
903518
690216
550
850536
147639
467423
600863
489336
359168
382210
60032
108879
168717
943884
349669
352564
256074
34382
466934
919901
277696
445998
940683
294
132624
857086
579197
755845
903485
344861
83499
807003
551429
600401
657539
215420
584176
774754
221108
943345
673317
281141
52224
842034
225025
401893
710950
481099
952627
694237
401000
230324
656587
858036
746970
789211
715122
842519
545057
134959
187380
144908
458314
255162
261661
632206
470582
845838
406960
691691
305535
80277
489184
357759
438664
714209
276004
665966
711660
744983
360203
112661
491659
16791
970697
238629
322354
202171
597501
383763
853483
301233
528671
311797
556395
790333
944003
26978
152523
350964
235021
458058
947593
724205
332169
386257
954766
124525
52224
666426
869508
928779
295439
877520
461922
266136
116149
784277
984660
230002
168040
354495
531236
213064
666292
87631
519749
610296
630961
672272
477612
382334
646682
425205
106539
495203
327815
577657
619728
896391
244084
5588
825170
539523
883108
287093
322012
515610
587722
823024
745612
755762
177519
276848
968826
843811
364480
488575
970459
511793
677199
964423
894128
323881
905981
517019
819084
233796
94677
955164
646539
338761
960753
988061
394636
843861
275154
716648
875823
379228
56024
621436
134991
233543
898284
620169
593707
779116
625097
564166
290910
302296
528590
701390
142530
434571
218409
477966
184719
829438
433131
831258
684551
393884
335671
79188
754097
127178
312188
629921
506406
368213
767709
641397
118108
182345
777919
711815
961462
403016
792334
768724
705312
320924
470114
364194
271847
204875
842161
972918
34314
275292
320528
718865
185528
656199
314405
455977
783377
626594
602250
289784
511159
369959
447533
629267
552305
225452
341083
30119
144820
133417
798843
850133
970693
785309
730679
242540
506536
572840
731810
540850
364484
52338
776068
550012
708537
90473
522342
491915
717067
124592
298051
744578
10904
745584
373846
79561
487389
714929
109680
632209
364698
424875
998694
335391
726536
729374
94283
233072
302214
826093
290275
666699
394783
66343
733063
103320
673168
255405
111587
906588
896350
409638
651166
907254
155223
25012
986815
158964
256293
612847
791173
137343
37722
789868
989086
764258
519242
83369
513682
337808
425814
803957
520859
820597
386652
253923
440270
59821
25680
551857
966409
922030
961496
133927
345636
633071
158940
848803
792035
931585
461650
583208
68929
15724
889428
58015
296334
925022
657737
810017
262831
599903
130326
783690
420501
516979
553965
860771
93152
95998
412628
575913
18028
890476
709840
880017
523547
385132
245172
831934
316718
706823
415143
901999
238899
820923
476366
535234
745946
134103
345251
525129
734007
991929
308819
670860
508908
379137
531631
118412
475135
460611
694325
9515
867440
404166
405884
390987
789298
651057
222922
622368
874232
154417
524367
113131
975340
517086
648365
237638
651189
509968
762767
385196
501898
587939
572408
527158
967076
104039
645571
958563
81003
339896
968078
948443
260414
373963
855782
566065
25020
595056
188433
899252
749473
229153
12383
241166
746239
177101
478804
913780
203421
757924
815329
705319
345863
387737
748830
829291
8129
394401
787854
89132
250649
755932
553927
511064
646247
926061
77129
671267
521118
781914
86871
786943
527419
615607
28109
790010
792708
23266
703791
996129
297542
35472
217801
643405
423209
966631
472696
431338
877384
260550
36822
128033
532834
590749
155449
179082
516811
748930
366701
554281
47197
453573
341224
90968
585532
885686
880979
378240
425304
101122
890721
722846
136594
624874
366251
559803
107857
355299
507494
985241
132201
544316
629627
665035
651418
301428
844117
684581
566711
210819
238862
613908
180744
580086
704876
766276
982124
102207
660868
407428
719681
67941
130274
856275
692816
12877
932431
317025
884528
439925
818619
16729
500593
964598
681765
152011
266026
42234
836592
832737
769405
75454
962997
950149
171893
184226
716425
154017
286433
893645
77798
6115
961587
724424
378742
170755
253654
311173
487780
138182
267450
306399
154912
768044
787349
353029
436407
53376
395263
273000
402465
164669
864806
881815
631170
553051
66041
347596
223421
868826
757593
301219
391293
719180
541995
286388
889935
795649
113913
894068
933832
381364
716819
605096
665760
504169
474477
102167
73897
869740
375167
476362
550761
756326
874529
181932
825729
456922
45880
49150
325749
803473
866721
233394
522654
408717
519782
928941
720718
633696
339361
170902
531412
56181
775998
197172
560350
250475
299339
150599
636568
190859
143313
703681
463537
17843
885613
289266
474765
447845
338417
316866
251319
721490
550261
290325
130207
586395
735618
367278
736443
74980
538180
267855
647513
314179
981379
207863
81006
797071
874814
233926
504282
18127
937608
967819
35970
339573
773437
510736
303771
628206
343954
71442
349697
894215
361767
996256
996963
613737
363534
733406
205069
901715
517614
852582
732246
498993
60445
329604
812416
451611
79883
316698
469739
533843
800869
505709
873416
574307
532797
693539
718865
876752
764981
68562
287319
643100
581171
284282
256838
944705
534041
461907
362772
51655
314490
611370
67000
891287
940975
879417
342899
537210
712467
812638
71053
513337
834699
460821
603996
883849
154361
322861
276953
919342
907776
80624
78795
488947
881259
335633
950004
415300
313892
312777
983307
628382
924147
50307
36022
381474
446076
895273
918684
674896
224263
506089
704585
575314
966911
824933
459163
637624
147794
252468
73318
571922
333093
152113
60869
214352
487746
10874
629652
317991
840003
612959
462725
764150
179618
498747
661977
142047
910372
97013
333295
134635
603103
37880
709950
86366
862813
685465
240342
526959
937934
313660
98882
271027
465774
676103
485379
469872
686977
631383
787863
526980
760694
766941
807483
456664
265688
985812
115063
692413
82825
448358
827048
202280
2590
53350
804998
865403
738816
45340
908715
676750
359001
523949
464129
341127
200052
949508
327351
403382
97243
115215
446714
857937
882156
770549
314601
664196
756361
429665
356609
355539
394375
700010
74171
396966
753360
879170
778721
492176
924510
687436
685278
799863
727737
149407
140990
444142
98915
468342
363876
196158
99909
810590
570447
498417
97492
885049
678965
370205
831066
551927
725744
225441
251937
799916
622407
5297
195438
401129
13826
119948
604917
699104
436164
849007
848512
93506
293149
463779
78200
657025
176290
694461
983967
746737
192878
81459
148138
388196
451665
979204
940123
693761
720998
708412
493677
859757
230061
205467
260886
243887
325416
382156
459344
277932
231163
824208
371438
40664
804339
965991
697689
980629
660452
681656
243719
853331
279468
391857
757879
247485
887414
698002
941246
124764
922766
951276
984521
152827
156743
245408
913067
998511
143916
888763
276443
891431
712971
164234
932095
517310
130225
629784
14292
790677
827792
258011
160360
623612
166220
918239
871097
569986
132593
812344
694750
571711
763620
679272
724539
436715
441032
153958
435227
101300
42721
711670
992731
755692
392256
924826
789354
522481
554610
803646
829511
898754
578009
989871
522367
260582
424463
393464
830568
73408
722160
41671
645120
2132
720943
886011
438848
678327
39969
390427
779627
82690
618449
288710
354734
10706
213536
660440
49539
284498
980439
879050
183252
558448
385274
221971
819030
809737
131788
165951
399497
370300
207622
560969
372433
444917
446980
327633
639596
3301
718060
935575
85991
336509
224285
957077
863567
437821
617518
913107
238671
597957
792157
938275
672757
177431
160247
8140
503520
808387
174091
903018
178687
898065
980339
67472
342982
427320
911457
498930
430621
145869
434505
32965
998731
658790
990042
862298
612963
123912
775405
851634
238221
83915
789909
910979
261346
466508
919119
281219
274895
609562
700589
969935
507627
680928
553759
366961
108248
465217
865891
55222
611086
816748
88187
609817
991890
594581
988468
604853
234846
763873
972839
473067
847788
279100
900398
625487
745609
335869
906706
536856
945431
123647
506791
969410
804575
576903
336371
429176
42120
718614
484398
169558
51714
88937
295728
43604
199870
284196
164809
434716
48069
137648
424136
412210
416749
324534
37697
678710
660404
460755
215566
122187
584402
238710
91598
905329
815613
944321
334505
374085
179288
335255
543643
231002
424192
839371
790959
140415
639919
955768
575131
204341
609769
515619
616551
542870
840154
170600
221580
16910
147707
953498
655449
248461
708560
747047
153790
524173
207721
4648
414610
387009
339903
958254
134363
280448
313977
441674
420863
470249
913795
512346
674590
523564
27966
291141
582786
868120
978093
320718
401382
125800
274216
56831
374261
499129
320231
44403
23302
527952
49051
954265
431313
388955
428871
82028
669403
259200
523703
606618
729449
437498
118964
404039
477414
146930
211532
60200
531402
189625
380918
932784
831777
171486
505968
722390
670615
342551
766794
210270
870503
332197
680887
818168
721152
109758
900196
906907
368958
423899
513525
98408
861397
632490
18799
855163
295772
230332
915363
827175
419957
812633
276311
768087
500472
298631
490477
687439
641182
773623
414061
511685
105821
94948
846205
343325
721058
746402
250233
90017
170301
280110
704777
548051
428952
723576
403214
724725
953908
834930
68252
890218
647563
344563
174657
664387
159547
665134
351827
800729
438758
282240
828767
60931
377189
674972
404256
614599
421374
654489
704616
108028
450952
925745
656079
879904
649322
575645
120981
119582
410575
705585
526152
574491
50149
700809
238878
726048
882296
107057
526777
837406
389298
355544
898337
282839
546869
302593
897438
968243
473435
118407
592623
440739
44152
765054
320643
209826
340700
957977
845761
267627
663562
371913
358470
230063
589075
597349
956111
987723
220758
999241
825129
126408
354785
239818
925599
901654
58763
339390
386250
532198
457797
978873
972937
18301
743928
809933
744480
600980
284262
590241
384959
464176
478506
743430
210592
67581
857131
166703
571656
77889
165944
913137
720650
37082
152955
646249
455088
211719
985639
841338
260269
959788
336564
749559
494442
596844
75844
238922
714176
876458
829163
99135
340634
307669
842565
551226
891603
216048
234282
463259
810290
916578
376397
530940
953660
45704
693541
925101
773775
679181
766439
550397
155321
619355
299956
166115
216199
892152
405037
446727
768610
750552
545863
625596
574574
904780
176823
466177
120829
927457
445788
931119
844035
338537
978411
314048
384242
671952
239149
674369
867485
521940
224766
539159
141296
524722
705274
873847
933226
110312
320575
218188
860864
382790
843785
435438
287570
536960
417967
924751
464417
380108
372222
308452
718645
350633
138852
619239
538938
378001
293609
406423
416294
518375
945582
557590
559450
650857
947789
492676
277521
268364
710865
654737
651154
71002
606528
455077
607962
24495
896180
72379
920955
268403
897183
639601
135388
36036
258840
674326
930389
68801
80750
346683
587177
542684
420625
662979
709893
368415
672007
503766
153131
382872
158504
320638
453874
765032
775715
578188
305879
671895
650567
226835
456650
547751
382788
592039
100139
157980
266365
30528
226782
863467
893564
330311
922504
314189
509642
148749
682604
181649
652516
352088
80874
327372
672726
51100
608756
964793
629289
430987
153040
279856
174174
609691
343959
556962
718082
960450
231295
500799
507331
974429
880619
400895
821092
803123
715084
330734
468224
914041
512383
120740
266129
593257
964464
455207
644358
573220
420000
273647
4208
573040
69855
178382
182731
930167
251697
417165
890617
482992
917965
397948
457421
798584
798843
278513
118059
30280
125599
586283
460673
637982
223376
243154
747592
187840
698361
391950
761061
634713
181949
281621
207753
251804
460003
906837
181971
711700
324002
588941
711044
241967
986889
684817
40551
302085
479682
158610
332365
605281
261246
309390
759616
484622
552544
507208
672462
767257
415510
949875
401970
597459
231496
126075
365615
691500
32912
63939
919552
873267
652880
630597
115234
639769
831766
672138
941854
311449
347100
790571
916730
608346
99961
676346
92968
168857
183554
765431
452466
115416
231658
370788
712875
463155
496864
78491
671007
46128
142430
590559
919395
795310
737508
34630
951431
569275
706768
409638
397076
53868
200209
313806
178567
816523
506505
271535
501732
206411
553318
954199
321828
784977
841339
34703
248132
338203
629546
435491
384332
288328
542402
303727
599990
279911
854709
551422
365538
77829
961060
278966
648050
677621
592772
826617
494144
99277
98152
512229
305689
651471
982780
143869
952800
824119
178572
717284
162323
324471
152775
63007
612799
695177
883086
212790
491440
737796
764212
373330
815625
241624
652296
980027
919245
245069
806644
413390
860698
904797
441971
682739
72620
424751
826608
541772
248870
521533
259056
927545
846004
411831
990552
975155
107008
389991
187945
598449
644139
468509
971779
976116
710133
140428
956144
145731
385497
762788
75473
762547
183937
517444
445287
772909
942195
788247
314681
191065
826132
573737
634963
672136
985568
141867
163644
608929
531858
351589
723730
175997
336451
695509
152114
562936
835937
108258
708667
737786
387398
300492
16686
571336
817936
461973
860597
276483
766572
175279
467549
592705
749016
618864
781193
250937
760731
944837
859866
292590
812779
99948
984939
665582
311809
653405
228518
664099
278015
453538
401885
665414
270382
418571
753102
88319
396896
613699
364802
679821
305330
348703
272526
570699
483919
570071
821636
244651
31261
197854
53593
360392
297802
38532
25974
609611
208290
770844
273710
486305
740734
191948
668071
11117
126871
421173
615788
40120
551225
496942
719941
856555
361998
508819
943606
845917
595242
765242
90568
626503
479448
144161
986895
293602
699046
12869
419566
423688
300066
209628
909993
40800
401576
94417
568269
44800
31942
184057
84920
583167
681000
321213
956075
42998
346384
899681
405267
941626
181276
495836
568130
177076
156349
71377
470679
371747
600599
890245
795435
900665
99873
221781
457817
17802
316198
26087
578954
348140
726496
180226
447660
407496
17791
403735
966846
364175
819768
372114
305801
517396
384302
390283
694473
540651
978013
681504
428751
578612
571749
224186
995629
187974
445967
453446
722128
278517
479533
817434
626658
206030
997660
74318
129878
15451
994405
613077
379626
330525
501543
201780
847922
885845
108415
58747
426496
86428
740251
371599
665040
828352
595786
660669
16326
558105
630468
254807
836623
626353
72241
979633
832383
69902
53951
478614
601705
564708
608043
497684
895233
109586
215816
259507
995431
324231
318254
938279
927012
574857
309879
592052
403209
422017
769074
935888
980122
915894
190695
333097
542247
779288
312730
890983
365542
883033
369597
967248
964093
977640
464932
375679
87226
197100
635186
599009
521331
469793
537288
448343
44650
363519
556748
964212
785536
842174
900100
765659
758068
90795
615108
300315
386435
444191
191298
751978
327224
77247
719226
291318
571239
700510
666997
174817
897610
818535
773826
935293
804680
827467
899989
849331
190986
973089
813543
976523
331615
713643
258534
89683
320790
389994
906350
707225
834185
614001
459203
677762
207600
694781
485432
778840
911643
152429
470009
809253
487316
760188
260899
291997
587655
160888
657680
294993
650329
471223
271516
981944
701218
46402
587979
538360
436397
494329
761937
786934
624682
737493
464696
348635
948626
950128
127475
860270
618909
113836
185875
106226
874024
446774
914575
461679
124014
572255
273025
774343
559830
60893
756287
777400
107296
344266
832112
60045
354948
594049
846979
495982
847894
828028
844617
796521
778156
488444
173143
397066
602281
359018
19644
992657
805793
934219
970689
929807
22826
243714
220503
582656
304607
976790
360056
928255
837409
708520
988300
708709
818921
351632
721043
666816
179660
565661
979689
474168
570457
152832
871234
689090
511850
407230
681748
833995
341449
652437
280155
364275
412503
500658
463283
717110
993800
339691
161718
831209
48211
150018
56270
867133
18002
777314
50301
714014
859327
546342
188183
946136
699174
575769
635227
727376
499352
833327
77724
357153
2116
357879
237781
414619
858537
701064
648081
852337
557108
809799
199899
605319
476170
772521
988804
494172
66187
555457
724539
925514
101799
429074
388003
317325
521195
23230
44702
20547
372909
122426
377701
375025
996657
131834
789644
855194
832898
954077
223883
390006
763877
423782
511678
240047
196304
500482
250571
262491
55940
491462
704358
674091
436888
92361
991417
958084
631943
552471
494983
4852
191249
389036
896229
187906
520870
202225
43100
870121
156302
266983
776479
436531
207118
288157
192930
403422
304992
959854
182265
877284
451316
402975
551375
888205
495336
59144
362641
643631
611615
857624
164835
802864
763013
61064
990770
283883
263289
550222
670356
935944
333558
446836
372475
540676
251345
565406
460450
72689
525260
159067
949973
492928
562043
17701
897485
573731
593197
260126
217363
204813
634103
382198
524029
397116
959615
514800
197351
739256
581374
867708
675200
914932
830896
564028
971960
598593
645786
948762
671283
687398
107830
137608
180326
186225
155309
77812
759956
748507
854290
493671
469672
488393
392222
993701
401861
351837
24853
599213
607445
606228
983273
798998
37512
330521
363026
525825
929114
525164
474587
600397
212562
98769
738006
909240
284994
409667
503404
561303
674526
357695
54974
144198
362440
447196
654252
764302
315385
679105
879867
922831
801685
863140
721829
355550
710013
601207
397727
639127
126371
388666
239525
855285
487436
493883
280877
288782
903550
784282
850085
578077
658329
905060
238627
20769
352256
409231
301423
667642
604689
181290
106825
406374
560782
828654
278276
270795
429861
676003
909923
72584
64670
665800
444221
68458
159683
725098
357240
63233
509380
207326
157662
684061
628738
912642
221183
497346
321873
522606
164988
926562
220249
788165
849289
297383
616819
127565
568179
563032
319921
994454
635616
900943
660254
79837
485753
336289
321288
842993
399522
347020
566671
73537
31082
711761
986179
768617
209108
308052
291223
890448
750967
27824
678614
600256
325208
295433
244173
409739
374818
80446
404193
10434
981389
580799
606624
983494
917088
444264
342840
832962
791284
909511
906499
338718
621273
409030
107335
346733
717083
914911
237181
984402
942735
915795
584658
784295
727581
828831
194034
102399
909278
598227
629185
407019
695378
752161
390514
612466
196425
733354
445429
504062
159217
868280
842780
296842
277311
466468
643575
510746
381379
397109
495148
840466
312904
79806
624762
40485
424989
335148
659236
334267
449728
288422
257639
145106
556935
648153
757573
753361
897859
719354
773775
573428
587634
616555
870271
864945
83023
30198
375691
980754
427307
870839
821221
256564
950645
962335
813401
375635
297483
472638
226254
263563
277412
483893
408670
834347
648398
682595
104060
62609
401949
877835
636038
989583
10743
22661
854529
610118
52859
230220
590873
996519
101060
928446
253083
568057
407133
66484
460044
220968
539122
202651
484532
332886
202896
409554
167234
851295
92149
787646
430256
494098
181834
66294
483681
192577
605307
338210
319047
174519
568431
426272
171038
185843
871070
424121
270252
278203
490605
246649
499172
546080
449300
500056
878966
652196
909610
562552
19843
1759
350199
450100
495857
48385
32746
979538
757314
154406
834101
76361
328925
918884
18986
499963
104727
890056
924084
891331
168260
931041
137980
183784
993473
103632
683840
872440
272181
109802
951344
292024
111561
817895
258476
123770
866280
807575
619660
623594
961981
453761
216308
290906
372645
235294
790869
993724
125350
231305
885056
809962
678698
539388
993746
672172
643021
193938
60964
915202
303740
12308
723578
931653
346556
498407
55423
212836
305982
675084
352783
784315
645197
569091
75221
17843
320737
382442
11567
446087
130099
412975
256050
808797
952364
766148
997321
595385
960087
58285
26939
780179
586946
266869
711833
933502
765276
283608
662690
587610
958692
15473
371925
120242
100916
963498
138085
421653
862292
666004
384093
992391
78980
640143
317541
31344
406291
314862
143081
882730
889500
686372
662910
476446
953241
891095
926300
234870
174703
588990
822480
649748
120816
710758
769990
738084
190608
908075
159738
52901
574079
543831
561644
653059
700326
879185
200755
622969
194048
343836
505700
83548
30208
684962
76346
499802
576057
518998
734672
267112
624340
73504
916860
745156
300614
686850
483241
491223
111277
159331
60476
201709
219514
622120
371120
919840
501306
88228
59161
211706
432064
81213
811606
978625
766175
887952
994779
858584
406950
245803
642049
31290
835659
558909
292799
136274
762112
292392
143849
389741
968075
204325
107802
187589
342797
995275
623781
844103
83503
682942
572161
31919
280508
383767
10544
563035
271719
521675
421620
195021
767478
63669
742664
603138
138930
551815
255764
417394
844207
399613
807136
328634
120290
431290
516223
979439
426565
656356
339895
510068
855650
912056
541988
136158
295824
68884
699194
83895
590560
637166
795269
874390
217187
537933
477528
356117
606100
733292
289864
966659
649257
97000
295293
285899
528290
327868
265339
471208
984224
605234
981276
356226
33642
39616
492385
329466
108501
191579
929714
215413
828745
724983
89803
562284
779268
83684
434753
385368
333328
724617
868379
982586
337969
163672
784837
866260
7892
50176
853820
508468
171762
835096
864694
205405
874713
357079
51223
499566
65010
980937
231331
410107
222272
837486
972391
1540
921170
407145
903260
254499
131762
287991
753437
469732
451663
538274
852344
975907
104803
706164
484375
276565
57612
349070
481970
448677
222501
533194
464595
287512
30483
695926
697619
252756
533413
186363
770648
970935
109860
190261
225434
757974
478252
495223
227706
446268
33498
596402
422175
138301
818918
906551
931218
392883
255621
413189
841560
994474
462735
822508
281986
493218
518434
495958
262326
568199
198673
32975
539135
308533
223236
280921
66507
701488
776145
810566
147756
325995
923320
86284
980648
258591
992835
911866
651474
764808
325055
9386
759282
304142
831894
557621
313713
866681
53579
576039
434880
768604
609014
490367
77137
348602
287641
659996
566443
580138
470562
714199
906133
910235
800483
403133
168826
309670
314999
820300
74478
156407
829686
350113
460549
177933
907734
774262
44614
477665
866654
995846
246269
475668
2566
323406
340623
290207
499754
907066
386697
486669
137617
809182
396904
454453
212315
565730
764123
527314
902382
354954
683721
248420
705067
660623
426353
129153
951237
987319
606818
817891
983166
853087
293560
985732
692845
150535
792291
192599
57601
178988
195620
195218
504522
592524
649671
716837
674606
930147
760503
576988
285101
444225
341761
506520
621200
768114
635673
572437
755434
758843
390329
254952
611930
200241
757036
821127
350776
549327
530078
408377
244667
725699
603595
749189
318223
769619
466026
509182
699766
226529
86170
501219
187106
427931
7739
808306
712398
159764
897096
984184
918607
287425
239136
46889
487666
996172
868016
838442
61851
398094
246819
306518
640145
366766
572059
474721
652737
554437
983903
352503
297318
70073
370074
484425
14357
377813
809083
243107
53929
706179
227291
972536
993604
466427
535777
997622
978951
403793
836064
40802
318240
599235
863672
958385
966002
435731
433106
618739
506520
933361
487595
803838
3435
857669
288263
534144
751835
613699
777251
322116
319878
4542
294653
829835
987321
830430
827457
482624
750576
179874
39778
585168
779109
419802
543553
261463
855533
493012
396555
878405
426373
400502
682243
946160
774523
970507
996656
526358
100558
773907
848475
936788
294801
659480
766623
798474
6262
110433
281098
273190
806659
837228
858358
585768
257030
918264
363584
628915
927628
276491
507320
354001
676993
189564
816514
451516
676423
813170
494227
776981
103430
342702
713769
914583
518534
996745
713058
41148
623530
510508
314339
430189
347737
172697
532309
121119
90961
412245
750035
18589
688736
257355
888943
365729
963271
705457
333598
639694
34979
827825
933027
654761
686879
163149
569345
205413
676246
798755
246561
299776
309263
560900
246317
173352
249950
294978
294472
340911
707224
560859
359501
912312
334566
248444
794394
297838
470253
127992
453884
21584
955817
386912
676346
159048
550061
762043
364461
742659
560798
127374
42435
870061
204627
805104
559766
454577
100082
854238
795488
323658
415097
671341
752323
749663
436137
546717
563853
422742
191061
17738
444327
663230
921002
637025
822278
987415
915420
186739
730074
476218
830465
288861
862631
35092
93965
422397
6021
710399
792987
801510
34058
208084
989203
302733
474100
425341
849450
554305
848083
40511
572043
808762
703741
9397
962139
526019
996812
877559
229110
243238
353777
575927
532099
216409
611020
626064
155158
133393
852816
948146
934903
403226
672582
440459
705959
663034
865800
555409
217340
230235
112272
305735
38998
332365
315133
1137
858384
828297
395049
603846
71536
748826
179773
119987
481587
307145
262404
153098
440539
115220
101244
891794
518446
290178
332253
224405
469565
714405
296166
686905
944641
408438
508992
499991
740803
340477
17480
115539
168775
412529
235737
756663
677708
415510
876650
159295
239008
139054
828745
195899
770626
446341
87693
289072
736520
936299
29829
206085
650704
325995
409342
595345
250785
918334
95336
507940
775164
112817
623479
943939
525346
375568
216954
719406
791079
609956
878702
546439
265363
223799
742338
35989
670141
830031
325062
923013
766330
354891
645450
933387
197239
54792
528732
448024
489478
140421
955965
264642
253238
95796
724933
294936
471365
941887
14343
778796
68196
409397
325235
333559
149548
67573
369548
819689
413956
694610
742702
696639
565854
388152
630026
763093
959296
675110
211117
965127
815531
683434
746121
585121
779231
471055
396410
250596
929294
927105
545744
997490
852854
870979
331049
2402
454904
216950
822092
385212
911560
81146
598203
993766
985651
744581
273211
461299
419692
484329
426426
751575
684115
172548
336697
463346
159955
249459
230294
605601
176564
776038
119444
29418
163369
966845
31820
618273
183795
370264
519838
611708
451411
118041
605474
437062
862623
878686
414713
798667
879367
841140
550242
79834
530040
403291
543181
206347
652750
289827
811948
829314
582218
447744
375084
745587
414590
406905
880213
598385
777169
400051
726445
744932
34444
331920
698346
897067
726958
113060
212086
122677
954200
762329
202511
592
165620
262044
206939
334723
68224
535239
164037
650442
982984
55474
396029
397574
462379
792594
512311
755900
192645
238757
17185
227090
87029
715531
640509
330339
828591
852596
969368
299143
131277
171879
816087
813249
950276
539378
147972
18500
74618
828362
185294
573954
883836
97675
487880
862567
890270
191
134819
599267
755300
152004
342709
358681
867536
499571
689020
212479
868519
174740
27975
999796
862972
844062
813045
813248
383441
477370
348100
974411
305732
49746
548365
705920
147421
36245
568487
554043
552788
703306
153311
824441
371663
12372
183122
755551
511943
388495
968030
380462
563235
512357
896610
426207
356420
226008
755807
256213
703378
620259
230624
525462
670005
778989
231382
817427
331586
316221
887822
884374
19527
557485
708815
907542
569858
408290
663093
598153
796785
631124
494968
876372
143481
391578
302580
16253
133938
574739
272466
353668
194999
19442
879130
865004
798431
626864
198783
646369
943085
86606
530744
478965
160443
755911
386507
730301
680553
49601
844807
477338
197077
339775
353711
856910
247705
172643
873164
381644
747382
661982
251664
942381
681425
130795
323738
996208
757659
38873
642578
217097
641831
689674
696062
802275
961937
82569
48928
642491
648522
893735
119829
845599
749862
989892
702510
997568
678887
575674
895564
426270
754008
147228
885003
435433
794375
725093
431642
68387
763967
590572
285484
405798
280246
981546
724425
758535
580467
773354
401026
228990
183441
37208
74589
933304
27100
293451
447224
705988
385477
859140
648610
139486
6368
49965
574919
317096
775059
522913
385483
55378
113485
670967
461176
910083
168865
701954
668619
749332
475308
585997
978322
175101
623205
569264
108405
166658
862715
555629
388998
248193
414769
37608
904031
937490
603925
995302
254586
378984
518216
156421
434362
148053
827388
411891
574489
512605
630197
759460
261937
621857
345457
756612
796958
968663
325876
905364
135321
704943
977345
40671
469488
908467
594631
373519
362309
198556
368822
133247
93893
403390
289668
44607
551443
633408
972850
125932
146013
603047
885392
924302
224904
747202
680914
21863
715865
523142
443579
367538
228086
937276
924561
697574
845743
519192
71094
724404
717748
956268
857651
327993
359658
663671
372601
911101
813431
345451
553386
959444
464851
955130
400099
689755
702332
81013
227970
934549
604156
671549
818439
832242
608826
743000
46168
970921
262192
633614
211678
496293
589882
69329
340638
465892
249353
713239
893346
62784
575043
446732
538581
39894
918214
938680
246001
136899
19693
473972
587800
140201
661873
922592
488795
787051
665592
534964
757973
444137
168578
486003
456782
274813
71684
797420
740705
321037
27012
634051
900174
602055
597135
438755
158301
31702
893787
404302
168601
913480
878274
272753
570034
56500
195345
58829
843551
860938
110145
117876
821427
795076
603879
794561
69889
675564
591981
326946
512953
618993
477350
413127
737400
74485
851882
895701
106187
745669
816356
791140
175502
210982
580246
745536
267482
775591
320717
111034
152881
430863
745262
490660
225939
349142
285221
812180
541058
877203
139126
54011
12548
616476
467139
266301
207314
319021
678354
829853
581043
494710
137346
756545
705693
717592
18433
489527
493183
855502
600561
162417
286365
345824
653077
28656
211318
938299
840836
752376
331854
496315
806387
860754
629143
273526
127055
836457
108900
805410
182663
689943
816472
320009
962840
522165
553953
981273
11693
47136
836775
128606
725905
639493
990782
378983
668149
718452
317282
25338
470828
165488
38005
793568
26242
667148
67094
153298
19958
175994
475060
202621
865937
291532
38982
828777
330050
592935
326402
858095
156423
679530
986701
882329
319023
493836
777664
503524
212288
611298
45214
199469
776786
83219
993037
319380
266720
60131
989030
286678
752478
464090
5651
134767
271975
560985
479897
602025
670272
806299
460120
826695
2181
963173
225376
837556
973361
519392
341081
185650
130690
902647
901471
907476
985867
894508
226857
768939
470991
732239
55617
223469
196330
577620
874589
468305
138605
354486
586682
325229
677137
563154
668276
679319
526327
893653
516875
499689
413045
374308
201691
60088
276956
103162
483916
779175
514022
227125
548114
985013
959365
120083
724835
155695
697703
599424
140352
352660
953910
243386
677889
147399
806540
346165
826718
332867
756170
859946
348908
685568
234254
66951
745656
27562
170113
745924
806737
200487
973050
871203
185501
932415
991286
426688
604462
205341
26112
261166
558001
496374
504552
752242
643773
311092
614760
986844
643959
887282
846790
509220
89202
597396
576171
351210
141311
262637
97135
948048
463124
70185
335604
164977
518952
326890
591665
123414
532232
617777
384580
606585
630503
405484
875180
274277
716576
6292
777473
876887
893574
140615
386107
982777
738011
478631
333987
879322
741268
947474
343723
720744
17659
679327
885722
536611
522569
477387
176377
571153
611517
77309
177739
242020
482793
569271
32649
715721
575563
326474
592609
985489
467089
495068
968266
721453
973699
818606
117127
714967
766080
977202
435712
300092
656529
837786
353055
695451
315173
45785
266604
443042
123094
960695
685063
122240
529966
234064
837961
105529
560539
946922
607371
27628
441991
575637
265433
415690
910595
382561
647010
193028
359763
599074
493120
532645
436860
362527
228096
268385
408312
11052
711428
47759
971748
912843
686351
18066
663259
40664
123596
223798
987587
730967
767779
945930
822956
33212
877972
249904
932125
524982
442932
291889
640408
452404
340886
593620
331283
568982
378358
739596
96386
606138
303707
68134
518981
990058
86201
698592
547074
726149
922391
534661
973468
206522
996943
312776
756086
874916
79032
688212
916250
521964
496453
556659
490720
837339
666631
338356
922673
44989
77952
535411
167479
898011
603546
686460
404421
206099
901405
951495
448600
823796
2509
938420
546670
999452
251196
302756
874368
330229
507320
790619
368545
520125
863630
375618
873816
530261
713974
312841
91603
308278
848253
259082
722641
968151
461895
127062
174250
363300
594909
139202
703448
597418
77622
766470
113223
328818
585578
987591
175399
609251
294562
60297
129376
674544
435915
3193
204806
666241
832386
812761
974519
680639
588195
697160
648790
566442
340574
339392
446094
935483
478594
149542
49254
72568
432364
162477
401387
17943
666420
93138
627194
960983
153435
272922
635527
105702
792467
356685
771943
624854
685798
262814
305493
273994
476326
470636
356788
333252
326380
802883
268736
321327
468777
317990
393895
901142
996819
311634
919085
663239
404773
62631
140574
74560
335553
776102
696615
128021
649139
984910
269227
851290
247725
574720
641636
240403
561708
998424
573656
888089
801307
358744
725768
270085
676734
119663
687579
673553
431298
606664
853144
836071
185647
993719
426983
521200
286173
123598
165573
451664
108509
434800
302954
872586
525873
944590
112989
87581
459367
202997
492022
777026
561741
217790
47111
754827
853806
734690
944732
285104
857706
797877
637527
43353
791596
64510
80906
594121
188109
246479
45785
296618
197632
865092
685556
723505
326034
798545
327438
785401
1543
335813
562428
79636
69955
125891
834464
923761
376934
779196
208865
750992
577073
846392
310698
885021
427255
907956
995494
615364
154435
557632
428334
868419
422724
113890
591924
748758
428787
435715
50512
946682
771528
129292
26319
357835
255183
860783
281597
148469
639979
6814
899462
733405
369559
726512
134778
796814
634468
130273
928530
305255
687905
873216
173675
626981
987106
765599
892091
415893
717666
942603
878928
5546
71895
905247
363382
843431
282382
161331
991900
438713
684497
407714
172118
570408
134226
823249
367222
768694
469874
812104
73950
157779
685320
247625
301112
188778
529576
193203
121024
763595
135807
999952
769141
724054
905199
132523
567485
187581
810206
75738
626294
494704
999804
314765
65112
134031
138014
948687
419077
607888
760791
9379
282019
962464
773356
583131
151242
819285
776334
272266
582880
428493
272218
352021
152548
693769
897
236385
397702
811103
828475
23997
822159
828280
855114
403624
478663
509480
352311
897740
633720
629454
907120
915739
108270
680476
15222
259513
16113
307908
48131
598993
736402
836702
467367
405302
530471
984616
158039
928174
312071
986515
468523
134231
814795
839989
537855
293458
349469
406518
191198
983189
552324
614670
415280
660595
811499
946854
436460
827612
254762
484591
942958
507516
321293
410325
912818
368117
394941
70858
812643
707012
57373
281166
357595
388520
637507
411802
681978
986976
818320
389528
486517
886997
520551
418149
547592
332050
365003
500404
676014
619765
984995
618972
127282
822641
545649
40100
190758
456942
627310
3401
163955
201035
800919
37902
589555
438426
449705
787885
941754
784377
177414
428271
671374
214317
846420
735318
546367
211423
235722
738733
347540
737070
874058
474822
559711
419707
31275
266821
393002
658585
270222
556957
859621
587493
111211
965528
25919
560916
753414
967673
861646
930828
912296
49372
661497
275068
784691
207864
2843
20413
462949
350383
757483
337007
825206
833546
273067
856481
100367
666069
31418
370589
739378
407391
474434
366941
372920
500353
927858
642686
984378
305856
89866
413026
355228
751363
688094
139919
475579
690937
676685
938528
41321
950520
791888
382879
784067
581307
755712
884434
763728
303482
771376
19458
710874
245810
386399
600146
262516
830609
242832
763246
136465
332698
692625
491694
84061
897071
147965
75992
588009
824650
14520
145682
775171
322760
44913
75590
904067
800625
960024
184147
620459
247752
203605
331333
9915
590005
447831
788783
420614
690663
552029
557080
539713
761006
565126
140126
658078
713091
216118
762439
54094
746991
424473
829265
69751
469386
421207
490171
786363
897583
674318
406822
145336
877924
254508
155251
984281
702339
460386
921247
909355
12415
478327
965420
773422
559805
105547
947852
272897
838017
710291
326991
585008
134764
672608
171112
604150
93815
661283
906865
991398
851953
313687
653086
246229
84547
324689
230510
786887
785075
151758
212594
313843
146437
178014
603617
706243
799913
551469
495492
637931
261760
338835
739291
396524
527795
910403
517026
137962
571686
940243
645712
423640
253930
298799
669869
854830
139840
416732
158069
924916
568490
370663
755111
231279
548677
358728
937522
864943
910197
949366
502874
688309
288201
242165
601185
815996
152569
634563
953958
240607
574806
599671
180599
345088
414822
366821
199918
554662
783553
357987
995930
868395
728650
751041
99674
793680
109769
553549
174975
536318
19267
677849
740979
823821
436366
342164
639817
105287
976727
110128
862247
551533
226151
42846
896622
157325
926019
612892
711987
709572
970880
224270
94319
215882
975311
710346
525914
601433
780247
700889
654103
799514
378738
395083
623335
331457
253599
779505
953096
746679
405985
815343
298212
148488
374542
711186
305813
300561
324079
534152
10134
811311
758422
620805
27193
250086
331151
553108
851519
111398
253997
505622
427265
149088
417057
50600
996897
670657
346457
949993
417336
752442
765337
231900
900930
139879
459439
206743
956792
299870
257248
483278
111181
15670
104084
138374
782108
951587
207834
633627
62986
978184
655602
490251
127272
589011
57203
124169
259668
403661
74162
193356
156103
355851
425257
573386
12082
884696
296481
968875
184566
553729
968505
812099
85752
72589
466825
867860
24177
674660
17840
603515
652844
673442
610118
296468
262453
667321
420637
38474
587334
11151
231830
259790
883355
173439
833176
895437
574487
129657
380664
275405
683387
349170
87504
285491
938111
554330
153351
962288
745342
687543
82155
398186
877337
692273
694654
656143
875947
631643
694617
463281
159146
442799
239423
42501
132591
72599
454291
707078
718609
834955
498836
918348
700477
102692
203839
638589
173374
873542
117229
918716
561086
199385
833254
438423
408010
44260
94566
283957
675903
305535
263591
351402
748335
503014
393903
397278
91966
848194
620708
810575
199502
119544
728923
416331
222237
932762
54920
395611
806304
172150
830680
883742
887887
663934
322166
295897
708195
933084
96207
900450
238620
876150
768204
503307
379164
162108
900585
471130
526654
521293
798057
242508
157190
526980
658840
379427
976094
230112
291390
298751
402262
122070
182493
806501
302357
21011
618751
526904
954096
714958
943706
709068
591108
711911
212375
486624
874019
629312
474107
917025
666957
272164
159534
824147
799145
334726
719926
291591
564838
11317
590342
483453
649739
772836
289954
468448
310199
908705
995352
264295
140015
939059
489715
247475
650970
218442
734100
41341
847754
208207
958366
31064
996723
634252
855211
312220
968978
575138
603812
50169
102807
194154
533622
268898
483342
339928
737347
793542
248634
249051
574189
905001
188110
63905
152477
355432
798699
886577
396773
162806
611136
871492
193870
607859
505744
565433
920080
991075
656923
523892
41244
276082
234398
91218
544981
717741
431146
798680
511283
196132
47731
601824
101134
752194
182081
769963
107626
980781
172892
504400
143587
784028
375892
853809
908239
397988
419242
344671
905415
76166
384915
946659
352248
619314
554229
413581
853407
985376
212261
364690
181508
776345
482866
798994
528539
664948
568957
152517
162081
258201
173269
305668
42229
65513
159477
466821
463502
95071
811492
368917
687589
196408
831929
39838
332074
902510
969771
185481
887886
698385
66523
585747
474730
549389
901093
519621
730689
986403
672138
892770
244604
845408
198438
803186
910921
874267
270007
890775
485691
597851
776045
173280
310611
124326
729470
642685
26836
699242
828166
914723
397627
894689
16822
388709
960431
917915
908330
691120
904318
96820
100243
665275
458580
815033
468461
369502
689301
254820
776629
691344
852671
552674
864624
163283
677000
110447
322320
703837
809689
666839
134912
723668
561528
151734
112377
38311
586001
537059
245784
6672
150231
346027
671947
608812
161060
656760
494666
366713
427932
271295
58057
280603
340322
439034
960238
17322
65833
798911
237511
875522
465750
888775
115542
543630
556861
744271
581942
142863
797682
344078
665887
947913
690105
854186
556725
367517
510946
567743
734231
455230
839039
308640
735833
179361
264026
212424
713035
329859
11335
950547
721733
477085
839322
837275
20715
912536
97898
119009
55399
895580
463087
237638
843494
669544
91824
916571
37062
119122
484315
771293
574352
839706
596285
826537
19067
860312
555313
732102
190171
83000
199001
911905
76437
554676
749180
613505
467212
363431
732514
38963
259011
711954
276601
618857
897850
884777
535429
934912
520251
536096
222557
94603
375802
818843
437492
394869
679155
509158
643323
385678
592158
358677
297583
668596
913353
563116
282101
896917
926547
530967
935880
185558
759273
728833
804416
657124
613610
856197
592036
650213
392293
330946
744816
768095
149789
698660
679316
345296
207818
838991
730974
799977
197668
28558
984925
111021
108026
267026
7938
34573
314345
460170
736483
73619
189003
540899
730743
318965
913448
839131
969178
305741
170077
230346
590188
319866
445359
785856
665162
653177
624848
912489
969506
822516
457399
954431
449890
565425
737809
974180
599998
52155
434351
336481
642126
139706
393733
372869
975024
307181
212000
944202
129275
382078
690901
235815
218296
136260
21672
399811
305789
162872
312300
275296
501740
769699
746079
951630
851476
483889
442163
451474
52396
876514
304307
694522
532572
214392
67391
507596
521574
795743
968151
167201
694173
659052
403016
912470
311664
941040
312281
617453
103912
140933
892749
605653
426984
638829
73635
278460
639070
515798
246286
207818
908664
550593
902340
441237
764986
486083
465185
802912
798178
433336
970113
492352
608740
889481
404822
920404
830522
233455
537858
450786
890740
430607
572791
317724
585788
646427
596184
741210
678577
842470
949028
587242
909415
367720
544831
674401
370155
10016
477313
168334
959705
963778
660686
568445
369612
581860
488850
716486
331667
26708
167272
222407
973667
256416
540131
75808
419195
652667
817018
97772
495137
282399
201366
404552
650119
746197
595306
20275
756214
588971
704961
715919
69102
365647
800716
438714
463859
289566
155200
795526
316274
838824
17933
806294
95240
74416
882102
30787
727083
215472
128560
738572
497871
329926
659476
664343
76124
254782
200970
348690
843754
905931
580961
912856
787930
381677
867922
768141
187596
23122
563667
503870
378298
97952
310164
989891
688720
708618
20678
415803
924091
149238
670727
938314
479165
330203
119009
71641
584986
319979
936683
945092
742262
33996
374300
46544
932025
242222
814685
119621
781696
894704
139844
159994
509008
966360
149885
714080
674979
170564
129883
115422
319802
316962
53736
315319
647166
172746
903312
748504
9077
356347
693596
267692
390343
67896
314236
322369
826470
645274
441990
608166
56330
581834
768160
81691
548195
434398
795771
739526
604962
442007
854948
441116
758969
908684
272788
406135
597782
176100
670991
606860
532448
364587
390904
439143
948835
705140
761512
291657
866766
719855
899823
439449
818041
184336
521140
882588
618734
316911
138466
223696
275270
993414
181164
34240
418451
453952
956727
16233
630053
627719
139445
678853
508658
530349
117996
973846
751842
395861
265503
618608
632068
165327
574409
966461
866015
95549
365402
484749
928813
503868
224797
204083
497283
405961
754675
915734
859914
711403
448319
6319
855474
587765
685172
364132
118114
319520
337978
869956
231733
603482
4917
863801
285161
579326
346615
151176
191228
712017
152277
636393
215885
377074
356828
229520
783035
111504
145254
159301
339259
109926
165620
194733
697691
850792
75217
332157
170313
929548
718466
918398
49382
239735
298552
334543
335413
645167
2071
526641
357184
154348
679386
89421
47774
36215
318942
347161
664071
464196
506463
3330
90474
672083
714415
788165
522876
789632
636675
209541
719180
355141
127939
768562
594876
426491
619457
930289
588010
137880
973283
945194
808580
169021
34616
856354
205236
869910
203516
869307
334106
709979
872637
424581
898414
103404
729098
421290
893037
365773
147183
128569
720914
791475
413484
832142
734318
32941
278784
322329
687174
768419
783875
495754
937440
334843
868461
142677
204753
588329
528336
55212
298308
400974
996145
713074
504378
725243
134365
913767
607369
797900
42337
844635
105727
455821
193130
840046
5114
471914
678727
692288
240333
978954
704395
177773
313798
572856
320450
34903
161185
848787
90115
975845
766113
86260
688919
786843
327856
339636
216963
451577
653889
775652
296212
759616
231473
489342
116014
752939
477608
794741
961580
717941
773696
665975
895715
603846
238831
732517
638749
916368
97656
245217
892213
380121
847829
97484
683317
692037
437121
900280
143614
91010
675932
956179
366978
423757
961873
482993
693048
955834
794086
654628
673775
84134
320603
85842
687980
75786
334712
843082
992154
948720
88299
400719
328842
452480
498204
528511
144518
451677
428791
804484
542687
621075
277015
909665
561184
755241
909010
254232
711075
703097
425213
384850
787231
262168
987045
991564
337955
321757
834646
846461
270477
439297
763533
115671
891777
261737
644182
552647
713414
589325
873484
772453
726752
150499
198470
287936
905740
107481
58521
616815
326930
483734
518018
114161
745902
505063
105725
600209
343172
456723
963023
613649
896020
726556
245673
304150
504645
889855
373149
734411
995533
246633
506864
722285
397133
221686
526574
819225
845519
585095
436041
172449
585181
470411
802963
847435
975474
425040
963997
834998
881764
927020
964999
777784
653576
210672
598286
674573
616880
971436
408984
612413
218069
915848
334698
131554
653886
861272
950780
15758
962719
903173
188207
547900
373584
507522
911688
865410
932563
875685
700408
814327
802705
665407
108463
972633
392432
706750
647206
9312
678186
56190
621725
412607
488390
956423
544162
658628
334048
494942
674386
296767
398115
378946
361020
288051
886468
272708
153461
819031
148393
370221
633358
467450
35628
258174
440083
428060
964924
603641
953724
159462
176183
575449
572069
664573
48225
632583
839553
382273
127525
513940
195392
41992
892886
556412
330043
779354
345472
999856
114738
493865
370077
264448
477667
922058
522622
917750
866470
3898
37743
820195
163360
213926
395644
251782
394851
443869
884365
234405
342494
528243
748345
537887
86587
157583
610651
416631
936937
956124
932839
568027
966341
302917
832476
444009
224975
871450
878111
91445
875349
915855
911640
555061
129781
823637
806843
524633
267506
207561
759038
126353
252156
23735
664240
338743
181318
274891
271726
634607
747367
204566
202635
713709
507483
551463
674070
248810
939265
552181
856607
814614
984388
284600
886028
630522
108237
209223
155155
892095
416784
430545
18448
185292
970632
199040
524036
151950
990284
795762
302909
737651
516680
21896
967712
540515
89711
641782
789325
28977
710316
162285
359943
694704
446885
245971
841578
71474
971547
513085
963569
904683
459982
498370
89976
430614
697410
614012
98916
204046
926126
401826
458050
442807
940074
425762
983322
29786
583897
289000
575115
810565
451285
935058
21621
414522
697382
863200
485996
668929
376285
965917
89964
836268
464287
179940
266882
678050
310304
882151
882096
236431
800329
340146
195590
740403
282261
695264
286541
866158
500616
861656
193075
468253
313067
214696
882775
526801
77896
368771
712082
970534
851041
802046
806802
315328
981987
590036
509730
292291
472187
391827
45074
272516
248325
240664
529272
530586
452281
815813
913096
952897
193822
106171
421151
23241
837220
820278
550042
431468
705402
262124
402002
556443
64170
208804
388123
562509
315193
897854
854801
303732
806033
416227
92601
54358
173244
621873
101297
625525
954038
530745
94774
664212
153269
32277
687453
990489
852556
237495
421957
557958
499619
340312
630753
80142
65468
18876
642651
380661
916730
13804
684394
239115
430032
293347
809826
603276
915220
911123
228801
385610
958220
839927
49823
111489
872205
253628
618330
724761
491124
556640
799071
507095
896952
429824
103589
962420
965052
746241
859434
398135
760045
60180
637250
706429
353527
447076
309705
268747
874551
54858
170709
832772
894786
736884
460613
766991
990513
78944
8104
481637
151936
323527
505084
48888
753351
608674
527660
234755
871267
387094
632890
147664
447274
270141
854094
800801
717217
680151
585900
591769
735010
272962
424541
146148
9846
401506
429491
359
480450
437595
998348
148738
761122
503433
197626
30825
628459
241639
265580
499726
145085
898471
647390
108712
168612
501484
425865
402181
181636
528118
993950
432998
801080
934843
579146
810926
336350
8637
327638
333152
962584
842338
481891
723706
345771
195869
270883
974230
953860
52815
990308
98946
951286
637699
207658
636250
139183
633523
554784
837171
161641
65086
270169
479073
999930
365667
806352
852632
374304
133990
185784
336888
976328
184027
576946
838452
379897
364181
329034
333757
416997
319343
949055
884635
957042
673065
37238
612577
306589
592022
966101
984582
657108
752622
463656
173390
118290
270008
26022
492594
920350
728159
345835
413030
912186
922781
251482
808435
286963
96869
658545
220312
416212
123952
104947
889606
797018
142185
18535
103607
734207
984636
604541
907668
253611
584549
81058
371901
370909
107081
380847
291259
351592
726682
220642
263778
165816
472124
588566
969131
568993
763463
189443
501557
887415
810742
391163
684433
469280
926051
304392
203487
910687
908934
627507
164298
9835
708566
52551
380745
331999
433399
188356
683591
676433
408998
463721
358601
397475
568639
327732
482820
332102
33527
984378
219518
360622
891893
903951
829902
817944
724696
549741
244984
633630
177249
925634
159817
402167
494538
540562
734166
927937
245271
934109
120722
170621
914182
479324
568096
482822
807056
567269
814924
356936
551647
550794
717558
959892
971098
547460
294189
695794
97201
55525
845776
790802
497511
5593
192969
992049
62508
443487
436338
307779
377596
557061
478400
291779
36385
562849
290953
359793
130118
105877
716729
198117
173024
950639
674361
144122
498099
968550
839916
111653
540427
202044
902455
37939
207637
611777
546340
270145
55264
982679
94276
432861
56092
89029
240992
92477
651878
531945
452270
298348
154174
685352
496465
327198
635991
687178
987672
650443
172081
343940
278448
712508
545984
697255
266799
269974
309032
813140
56471
364297
312171
150748
313510
368263
756129
70854
460740
408007
602799
429362
222707
273325
631066
235524
116876
267058
922702
104548
433853
94783
964841
712301
323644
27177
925908
106795
297151
234941
919935
869975
115590
748458
537075
429100
116721
293204
499954
93813
217563
619105
39528
440270
892430
670594
675794
525658
454004
114848
146559
887857
209632
111400
116510
49628
654929
42419
156423
468433
793712
592711
338408
909302
341169
875483
854754
974243
685039
871060
584408
902602
6517
140288
342872
415299
810883
535018
940958
781239
649866
87517
185449
375850
715269
301959
425478
886550
860730
98254
354983
170794
690965
209743
596448
548486
601578
967554
39081
286617
838614
623490
189219
845131
763778
48443
776783
91013
583461
717741
872253
749680
321610
57702
641882
553231
876013
583713
439781
253096
681967
794765
423890
889284
520860
536691
437770
122439
504245
476852
409056
342860
616694
114628
704343
380472
163071
481126
987838
262885
715219
376443
528917
36829
950497
170799
106412
826510
754512
546194
595958
436479
857311
536201
325763
378171
72892
279886
500610
577137
273090
909667
436349
889784
540647
140693
786608
703718
138171
774446
482955
369743
150889
11872
922924
101386
182672
29337
444249
937184
575531
556559
890016
949194
92760
732131
327365
682004
12017
344328
259142
801459
770347
211843
691243
310994
352536
477852
14712
7060
768650
14020
376803
919540
25892
816079
537278
208564
845416
497879
662101
937299
570791
68469
886493
179903
800600
730211
861908
328970
74539
121050
130429
361238
332893
821673
672232
201782
815877
203296
725194
584527
217316
618349
20419
243209
434428
74050
968125
796197
88281
630226
733496
659072
215047
619990
838976
15648
866553
217236
860970
941092
338286
991399
302330
187531
329424
490914
905665
661653
694210
147211
246181
911527
281912
782952
671088
232693
373354
639213
28890
461636
785792
762386
637060
839
898728
992388
16487
765281
209624
393809
706373
64262
385209
525055
768146
230985
15969
190163
408991
710180
337375
171524
138059
135639
954476
809147
368332
327831
448360
397222
305819
750504
159609
942879
751344
58337
935268
284183
339971
144892
677993
46344
725507
579554
87752
493653
326891
620073
683816
735882
846605
21191
907406
984664
673183
861883
310163
41515
706066
758524
438738
11885
25380
114699
471116
776724
689388
922736
60908
29359
583981
255253
592056
309488
834807
196160
803141
161698
816233
486957
413933
662839
24501
321339
647503
697684
699574
957667
255551
921992
232543
210641
450229
257923
841692
921346
551000
531081
360434
128260
76792
944415
383513
668848
770255
218320
865008
573396
896370
197594
576706
310303
860433
117559
147995
24288
331595
847569
981955
587146
769562
730850
797788
219791
505126
155832
657489
56126
686913
17924
184386
280058
478691
84251
948906
248947
302571
330267
338695
715293
527861
915401
541949
388294
32960
206296
928934
364555
570217
910890
468054
339779
158092
782194
75923
179570
938026
249764
752048
624940
784040
936434
904998
779084
20685
370256
28031
839608
216875
366726
71254
261088
798480
129555
165734
831440
335851
94669
712348
906068
521911
180402
762200
680003
478948
354475
859574
416974
120591
611622
558266
904632
64409
979616
683716
601446
349873
228099
957407
83100
594825
545013
344189
909657
674568
509923
741098
526771
604592
969798
432839
126503
666552
711391
322859
145500
65866
698785
562474
186458
826759
120741
607442
891168
616709
807510
8967
482934
35609
482726
566035
146786
27739
910224
56444
702307
936499
313894
229078
57444
283692
178269
183947
950244
889661
23158
612096
471879
721943
690922
174689
548703
328015
782131
956223
944725
589641
481542
427659
141602
964268
993694
288389
992007
420270
344833
210666
873122
175079
956096
930566
458771
134366
630865
925367
540379
654024
53815
12258
892319
744737
186948
441022
72753
485431
913598
17478
591425
395140
445137
733027
875761
955184
21416
867768
891806
882601
594787
764928
57680
550883
211846
32803
201601
842712
958170
741980
13088
11985
754239
905407
273075
457539
862782
345828
942970
776380
879658
50747
687872
324795
783775
563633
796331
321543
947754
688138
204145
542541
969418
778177
609776
181265
810981
811378
540329
285503
553358
553417
813841
823949
458824
86916
797840
321606
432744
257163
614338
312402
307910
302211
153549
91685
382196
466233
413229
846302
670723
133726
905195
640141
911903
514972
337758
722884
842702
878087
524740
912412
947856
338581
252714
406681
425497
50554
244639
374593
824069
375330
203347
131980
677541
873248
740017
576089
339481
669598
422392
10204
319676
327587
166698
231580
358911
20808
470816
201613
898896
995556
114026
363104
850489
366740
286137
275986
417294
530777
166931
757716
906107
886630
889696
100000
759879
146065
192441
615712
332016
614833
625917
651692
458773
308967
883272
817684
329775
870441
19298
745023
865997
133324
108128
716487
16416
394265
508825
950062
441394
192109
707778
863853
78739
113826
963853
838618
259892
156295
454331
591908
287480
596600
243600
746253
421919
643225
563938
751694
513666
99588
13070
896015
749264
121198
128854
765680
31815
637680
715742
473210
346141
423521
337063
424880
537347
817269
779851
313591
489916
750534
421851
777396
347134
665452
40002
285405
825029
120292
37099
338695
736232
566521
234710
485496
687719
879917
251176
719535
33949
483270
709097
380090
423143
562512
804970
960491
379781
101173
790434
386049
851707
212286
163446
198841
877738
719800
598
219119
356444
554050
557814
92676
120571
308876
578172
808291
188793
345700
44178
739094
828970
269627
119184
252114
832139
440507
728957
728273
541680
519391
114322
393388
731677
794120
108581
125767
513920
109180
344886
870364
663230
419052
963040
783801
244281
57564
108444
433074
403264
668974
688521
748587
938601
807705
701
287093
248212
246010
15366
789893
765401
129688
699633
13431
923809
808214
655550
954081
917394
516789
340798
96976
935841
303838
397130
180122
877755
505574
129549
797371
174549
334422
545958
629502
142127
63011
916595
906692
309021
931961
696585
590775
578002
912570
120558
18163
720784
292460
972244
154531
809249
313042
251507
261443
133233
648637
957917
527340
670564
603818
324711
845113
938240
870670
990967
80368
933681
423915
987060
759055
872228
199997
866182
450230
112567
986740
468393
349703
279200
956990
504234
604802
270032
755742
866245
919617
920731
824162
446957
591295
427981
771669
952760
366221
158691
460080
962941
608724
883995
466353
367779
756223
666350
233961
722806
295269
737053
191199
644973
532606
664541
665559
137408
450926
937653
3653
370543
858385
827815
333853
966032
772148
105522
918793
654722
780565
895225
617663
389289
779220
84017
757069
51795
266719
507382
774601
78341
760788
965801
239666
293394
146694
905225
430802
597620
842879
950807
968164
701264
294974
302017
183648
67123
923891
618793
238197
704456
514018
372212
93745
293238
456229
367166
345034
239301
390901
119635
833994
151689
601788
73660
961435
264835
978885
908589
862455
821764
859396
346971
39380
154370
648988
223029
737845
89231
841822
976042
310039
872193
348255
403785
681783
320836
287303
26817
76489
678204
662805
910483
346245
780945
500495
824032
45780
479381
732621
424588
817497
592017
771559
373230
262740
420548
112611
516937
26131
470785
492980
336171
342978
357587
256308
24762
194775
543611
567931
787617
738168
747088
214452
600765
528034
714948
424798
90166
710681
157419
514754
528178
265789
286314
901408
528529
223214
14019
45466
765697
484805
54798
101868
344135
928737
358176
368897
639865
418140
936829
427482
672660
200269
641934
273425
728303
356882
214575
334822
67563
371995
365928
112094
154136
168594
529854
682665
391808
60226
244483
673858
61383
815634
775726
405518
744371
650255
290768
384236
584747
743949
328070
257407
944218
970005
47184
188874
843239
778112
523696
427155
666459
405976
55601
820595
574571
585455
503260
482731
162033
264095
156589
223416
79729
448668
145287
340453
98923
436055
241041
200022
180004
569112
973781
124222
55469
537317
313096
415060
315429
353144
358567
981888
275473
930520
802483
850044
32328
822095
332775
194361
86191
5717
934130
682272
454385
79417
539077
69660
515472
780119
269682
211828
865583
243463
852402
437404
297132
681851
368816
612562
551347
243736
594450
826820
174256
913286
676864
206584
735381
525992
917298
337924
531709
851428
536549
502446
447197
75626
572106
479021
372097
358140
690849
754032
117955
59603
707788
415087
741454
592957
27649
292802
836693
138452
119622
527301
51738
312839
733886
303471
355183
167536
157748
403244
18964
210649
905690
466161
286275
477796
461534
174725
352288
152383
445109
470243
728338
152898
885330
469793
262207
429332
278947
98900
84136
914921
626201
652226
227760
876439
955697
99295
43975
629797
502539
579291
840446
408229
561804
643074
402377
23338
334151
754665
692073
779260
741260
420412
448510
142943
406557
710717
572275
685504
325969
172763
116777
468523
824989
860890
344962
297038
960185
905290
926836
462725
933
283634
870954
562738
926708
789684
102428
260859
544349
310854
556472
801962
731266
4982
944905
654175
232052
33532
339679
74373
206295
456456
542896
31284
317346
887859
328322
793884
309501
771510
256609
310434
55145
643915
873172
498205
433599
491953
759065
494301
802807
831889
296263
50425
353223
757520
704600
585275
791052
560631
176001
997347
533439
718897
544983
367138
606756
389657
161022
432609
161168
417631
743044
732665
61546
132568
230870
11498
624521
506287
505799
943680
854528
318414
510457
207752
75934
215057
309379
866986
292040
485380
380685
825480
204278
925668
708970
327386
315325
869992
759996
992845
803975
19392
725510
381873
151960
472733
393371
292834
495372
415522
752866
349901
733936
263324
557653
809870
478381
383384
676856
286774
868765
57541
112254
589395
499561
821224
916781
814887
207568
193129
324084
527895
212521
565947
909768
880834
38680
819492
173668
50404
235014
926534
400305
968951
189858
474310
778821
184592
857695
972030
471366
242812
545923
99972
832207
45485
437548
265340
376724
161468
458470
700808
689363
670991
266755
599131
68177
821787
418623
241845
872192
653638
684732
788849
138941
390942
779512
917762
575534
153559
406144
563252
396371
952068
179576
744930
997553
617124
10270
374277
778592
985092
75085
467955
172436
858193
583439
240613
679980
2062
482459
68524
172052
683543
857374
310993
74485
153238
745108
166372
306797
667604
729624
219520
619672
909201
964450
133577
42677
491072
24206
337622
476165
615644
321929
648601
473837
905368
889214
670169
423783
888025
738694
112187
571568
112420
939533
646054
265658
200993
812426
572455
868597
58402
791975
4622
483955
272777
138199
526633
763849
162406
380607
240014
778050
702536
888615
768239
607905
294182
438408
31688
182207
177102
143875
753776
805874
83408
916182
71532
284401
244960
643987
669351
303362
952314
673973
303670
225091
812172
346655
988941
490930
727262
228955
785332
429798
633923
553571
37703
928105
991980
585743
626664
685434
245971
896792
491309
845731
812974
562841
646485
574286
723181
315836
877649
191847
989809
697671
416939
318333
44326
922232
809264
771588
151187
594596
201386
301462
664520
755442
745919
172852
857537
372584
858286
103508
269376
865947
465592
598703
428789
112077
172989
668322
944265
566990
860169
450426
781013
793460
768759
825339
715692
94375
596927
383232
205324
314666
684694
869844
586460
946966
42696
443997
319550
417334
547506
105278
283282
529450
220333
228423
641527
909675
413097
585792
993017
789618
552570
774031
583079
321329
599370
815123
932057
712650
198355
653733
27316
399402
523577
613776
346368
82625
574125
182270
16311
637983
287548
299593
167433
507882
44368
808960
933909
457465
911104
926926
247084
463674
700957
346515
301356
300328
161638
749765
529330
359994
403498
556646
759396
443427
686774
622116
526052
260899
804386
58715
898883
91934
358309
66316
116168
919029
391629
50077
376495
819085
977004
139931
799112
194313
486446
100468
10993
164436
366585
540323
524430
770083
96969
800178
213510
300095
938646
739562
77347
743032
314629
492582
351319
189290
558898
983839
108320
466879
550269
1167
802317
43625
141098
601429
237938
143896
218249
248932
824684
584834
789255
865467
354917
402577
665645
568427
219024
120644
824341
296371
863676
138970
788953
731347
328261
864204
715187
952933
331083
265456
954100
133400
309081
611550
251181
63371
271798
469430
312303
96482
570616
617911
961949
925533
20488
143947
10312
755864
264591
834653
52236
644619
489976
357541
375967
334589
221745
91154
287522
69181
872962
757974
718933
698395
369524
970115
761766
641322
955897
590422
254156
526514
208333
216106
968399
745173
876405
978712
501037
657348
329717
69625
301967
819693
427167
677934
670634
648912
285440
474508
234445
674754
232482
953379
373149
602006
439846
134916
759680
395743
241690
13837
438609
450023
746295
407009
195196
139052
385721
212585
796400
715438
282211
98367
51484
709378
292654
238470
874642
94446
712979
109088
769201
945461
62467
658702
63820
502313
793618
823500
414408
35308
353689
853018
1683
616336
260027
713231
755388
162100
925817
68140
393890
208028
166508
445374
917406
975514
200197
308400
69960
913176
417488
355513
858637
479955
14216
922457
498620
324186
262310
913029
359495
132351
282399
877530
748688
58778
590762
20428
220878
516579
88569
614768
240959
771429
576495
674717
263295
776692
983117
333255
689868
400606
688769
64857
396913
702985
503667
895534
27171
765977
324915
903018
414680
123666
296901
679720
182444
887663
216501
403322
920594
821422
534442
161553
109203
110937
836270
372498
887629
819387
705753
93849
219993
910874
158707
133259
130211
662374
28793
157383
944703
870060
576753
875735
993726
873654
555456
176170
761317
771957
95844
198263
593379
630286
359816
702582
741224
196086
591432
628853
531826
297185
239055
268171
724412
397762
401430
854623
576488
946575
528358
37543
816635
105112
913278
326713
495118
468734
502883
772788
757043
598727
971051
866774
229014
330868
85708
486590
43306
677140
631795
91484
490678
870850
359656
215090
784964
277438
586065
361452
224014
114424
398995
557001
735888
828626
883715
231006
297360
902950
3794
570756
501678
491198
953882
247044
822066
39591
249986
381724
233083
881781
473209
723761
752632
349217
455203
537596
626655
41269
415401
367021
155693
330748
924023
891581
159374
324090
638939
973087
227040
642734
543843
245070
133932
497725
492114
472350
53668
742100
370426
286752
140234
359987
526865
892866
709204
982069
946814
852212
539690
878567
735585
695383
209316
659608
103316
368690
500050
742255
341777
727091
901341
401972
972161
551625
899698
980628
23975
469718
239080
910754
272822
379314
270741
316040
788532
496298
814461
251699
864862
354151
130266
600447
565886
339582
776408
185554
708273
276458
927809
50050
519901
345503
452023
492063
897128
868073
989043
437456
854143
228123
348210
126966
607438
618951
959358
912322
631601
773819
164021
496463
127970
294288
613263
210208
633870
389671
395762
342143
182481
839923
908546
702383
185426
876921
194446
82555
744994
183489
520011
115489
927964
384573
758807
535402
519876
718165
964077
151478
491984
128098
164293
136306
422386
777556
346514
572609
167227
742276
431104
349709
582200
339650
568444
283978
216571
762890
366533
477917
462731
402896
109759
907047
787469
868566
958802
307346
586732
922879
975176
78716
50977
139469
215023
473364
917026
561537
562325
600605
820166
993429
466666
918718
333080
35110
202696
66003
314352
85582
60273
293435
488478
170032
200483
792300
38598
159285
615998
625330
82164
591174
220399
649493
246995
435422
122857
164021
513311
685182
280979
849829
194964
747645
768547
528044
299108
971244
110399
129812
573178
170672
423248
61656
340704
140083
370308
895655
299368
986306
37337
897884
93832
257736
547377
340828
209510
186587
21201
722822
388121
302180
572651
583085
566178
857551
111129
381638
345147
737881
511450
918325
908553
451050
496333
765610
591133
866642
177617
406853
369300
214954
304737
463133
472691
852115
320313
198553
555054
341514
437727
943175
160047
10379
526261
242577
384282
153742
624215
729429
891623
652017
647754
316529
103068
660439
598491
210553
527081
776108
617407
412734
991062
438496
392219
980105
290611
712532
695011
362017
570398
132738
305193
730445
659469
347806
489374
43751
501548
113589
773180
909524
281959
937286
742405
901379
114078
340896
111932
641159
117004
245691
570245
624418
684188
962464
120876
491151
674996
815887
853169
245395
948625
674714
492192
608095
22520
981567
168198
40420
611508
457731
949944
409819
911369
692349
311198
25447
549597
939483
666607
182953
185174
753204
323724
869362
715669
444600
876866
907017
776839
730035
668764
241816
404749
677309
366263
943621
658876
534462
984041
786736
992193
933986
196556
903562
142687
507754
929010
208637
963589
111969
391590
148764
381525
715314
534478
97194
676266
411344
520564
453105
657731
189328
211274
578832
866637
577537
522453
41865
111999
506495
828602
620544
956833
541510
40459
615872
565616
485821
824509
529206
114142
216100
677970
495667
931414
728800
592862
124033
656497
113426
577138
314228
819106
788412
409413
685744
882302
448218
727609
510653
954713
72563
131198
427898
614073
688009
43771
179690
173830
868280
708896
287972
600732
903218
299991
48499
148370
892853
172532
804867
522631
749670
635448
858090
54435
561213
543834
453089
9431
787795
963742
964145
376711
611292
392043
990784
815653
952166
686826
989483
820447
912074
793807
421179
331644
610151
469678
480015
19356
158562
284882
541988
424585
436682
916430
995372
997895
460264
448461
7327
764411
412203
487824
141122
539848
396219
648259
355501
348386
335085
861337
685185
763512
171496
622716
95156
781647
608747
91523
801004
767309
376406
859344
191894
329440
775774
187266
327336
752390
635727
851015
516801
564283
338839
174276
104131
735058
822535
975984
599796
673972
353673
284981
953836
525170
907698
48993
306817
516445
140516
624173
800106
33274
483517
992001
362715
775643
179267
206403
528033
331347
573770
561187
895630
912609
735463
516113
164019
74350
8449
763816
264674
362123
565149
218511
887293
989199
783856
710462
505644
924372
334636
822103
473999
334505
814104
353066
110149
993371
75821
154534
841070
649591
715721
736700
562200
967536
769165
242571
558238
777615
522739
822913
139738
87889
41424
27031
77088
825280
253845
99085
266004
588481
921188
256355
439339
735292
609421
65840
245015
685242
736726
86086
334833
968800
339138
413385
936336
108304
172309
494575
402271
695048
833840
542009
782937
875264
85392
376378
216896
339237
991815
999252
444071
913003
255608
399762
164647
381381
465602
926014
66624
202328
528452
917809
171128
867591
847547
623817
492247
19856
634744
894518
714904
468584
952879
14194
860200
38271
390572
593448
377508
382387
592700
337931
811742
364660
737693
976389
746042
203295
418755
329018
921976
947208
246827
609456
331151
94374
749625
339750
114230
384369
750620
345487
852953
703499
359681
229505
741770
750253
822953
635630
648992
932006
973562
460734
296666
227607
953475
559060
947255
888582
888078
869231
835790
134906
995039
683293
745632
744665
23043
859863
129034
773663
205350
498340
993514
81383
244197
735284
347988
67151
887267
513332
999157
860829
974066
812175
88436
443893
371236
35691
848827
259314
421274
200970
910572
932666
884263
656205
677331
423659
32420
322717
713674
754122
337409
707189
835505
581607
958825
183493
165110
846092
696825
164267
223273
187243
492794
311710
147488
380382
863753
996315
639697
801380
713637
66621
734046
597901
722826
927729
537912
755246
250446
767938
25720
104208
475127
861225
685815
950305
561070
850925
796397
774247
531544
19671
477842
24338
847733
141682
921073
227838
654350
560770
29218
367987
143743
279616
482240
866570
207345
20152
138168
974144
788091
680241
78352
779570
541466
764167
246227
618889
131444
42625
909488
662988
578648
903683
203678
942733
45365
124751
170571
216067
201873
716142
584055
345617
995758
66295
728539
203104
602800
383059
177248
907243
63300
771952
203165
121119
536119
449393
256360
667563
8370
165848
846903
587018
69531
566933
46103
631249
208037
216674
847316
409910
932816
431371
271879
444927
14019
516770
164383
133171
416182
857983
556766
995834
629935
276283
116953
166054
725676
373313
349969
250398
55514
713224
353768
641397
796509
399871
272646
4546
132898
119963
930809
582066
551334
719040
26993
81705
235811
191376
214876
168345
49359
287994
164179
195646
564278
797485
878052
806306
687150
228021
56705
742664
457597
410473
384062
254107
326697
173060
775005
459595
293023
705814
41661
360710
424855
68655
442415
177018
776383
173644
345363
342095
461638
25894
537741
25916
339731
415794
832223
26882
160167
405280
285898
134117
332105
186312
388224
658802
359373
163229
118397
652396
385396
676411
13106
810251
261418
971874
503621
37801
145518
365336
379896
123508
391230
433990
149425
247314
849784
498000
274196
526303
419632
76446
660420
751737
262759
564996
410540
138484
728226
45289
307232
629974
721700
320339
440225
983118
808565
460198
537272
954083
825534
433520
77591
733116
867510
743368
980430
233646
757720
254626
759950
177352
331073
420370
929090
110184
985367
855982
248668
229945
417623
72252
376271
139324
908943
816496
638794
717508
276694
176066
187943
618580
125939
265535
351696
993449
525255
332127
743448
799328
586753
503398
976680
434178
440120
422122
60714
941839
794456
825734
688136
212080
897987
64407
351404
806930
880903
506550
524439
673949
198969
712382
292529
324908
494269
160578
834709
535877
492705
578157
335205
595810
81555
828237
29989
38028
250360
607055
979867
561168
432790
668004
773248
330777
732411
641004
654059
129667
147555
178498
319968
862876
407233
128850
187784
417854
289428
538845
953731
782133
117003
805288
377943
714910
633526
924284
752938
400238
47692
249158
961406
480482
433514
734655
327611
682277
892011
981670
328296
39566
676521
164617
418794
83754
293467
606578
501608
99247
661776
971692
397732
778779
776980
292027
10041
926858
732664
279332
327096
780356
528490
804855
260838
478356
55862
104801
160633
947873
86471
488930
503792
762992
653547
922586
363098
463366
45517
381059
78965
707293
352751
993049
486072
646083
285076
12465
89294
17740
291797
932742
314448
820287
737597
91638
298643
793459
196439
975629
257685
282911
980911
761477
562255
634458
200415
925354
614176
245932
822765
209493
953225
691868
202542
955649
337951
487618
968115
943597
21711
259912
876340
852511
596552
613937
944150
411547
923749
140589
387176
697786
939852
368087
459263
18460
518897
176030
943814
649425
421963
282931
375270
891540
974799
577812
847190
829102
581783
331657
772700
119846
107921
649040
972357
220825
779329
432859
632373
219430
89801
535901
917216
29653
420341
892831
48113
455590
68862
508279
621368
7177
791210
996638
898717
282361
574451
745907
111464
672586
593916
400516
792432
701838
49556
281141
922663
345237
230353
71388
81020
320154
123642
998236
866159
60335
407420
914273
515925
992634
938904
653645
999811
246467
650284
898528
45180
741087
160788
156644
930025
754704
557160
722457
972894
123068
519950
411910
984658
750303
999650
65678
586809
639644
580266
452969
699979
987686
883594
732257
496672
822498
385902
496483
585317
36186
911364
630498
293625
72152
303494
223650
343208
377007
462459
832455
500075
498762
760717
1085
249065
760367
66763
835875
400012
647030
288844
616343
151068
172438
348600
647741
511288
734503
144224
612958
287041
55588
243456
97019
644092
63302
320669
503653
440309
783129
852460
456737
798243
613177
457822
47308
889896
524586
399535
806260
687968
204731
422604
839036
893521
287556
486777
921162
22059
631002
534120
825453
202942
293928
922472
363387
357230
759493
383392
313892
58974
235852
770629
857217
365381
228451
420878
255277
269389
820413
61538
957357
541497
494
796394
435018
288050
283171
872532
826462
430525
406652
168267
149820
216932
90739
513207
574163
850232
412951
888055
425559
165155
175036
282776
530536
403487
703654
302165
189229
524068
880055
146586
581917
880549
942980
533287
684952
742504
405820
27766
173029
812472
196033
322849
545757
286772
352408
636272
653356
281711
524327
78915
446866
215715
878044
493754
619202
581698
795920
324783
622118
675975
471370
204035
72877
930702
737323
274181
673206
143143
301947
846236
471967
497980
685437
534076
784752
554198
170348
954460
835909
211027
549728
799128
426742
427772
292882
562297
9470
88802
887080
147941
281130
358450
351976
354007
289153
605651
628188
478711
265146
930135
324947
253466
428115
526737
787542
729219
597287
957891
200031
433196
168918
749759
748676
112013
693883
41559
674310
219706
130361
561390
367647
411491
436193
235975
281850
725346
841627
426390
204057
623125
356525
45357
876591
300992
88446
180486
546563
685733
138377
746595
635281
823647
12706
900310
935660
706590
941869
609970
442648
72230
687713
810295
74
123906
562622
281924
365604
404249
224667
86013
543727
581192
647722
420318
398537
252520
600804
945100
454605
255533
208047
606239
79181
220754
506549
531193
443696
448418
141164
886344
37000
345229
212991
37074
469135
775613
835351
351091
696215
60018
437104
239942
157562
84827
176612
556099
853699
293769
17552
308305
549302
225599
914544
144835
446353
421093
192381
406401
869511
849897
809097
906511
195126
22088
459938
180613
314054
811641
531704
10269
871659
968808
766563
545573
569987
459527
101673
940039
753296
635577
248344
818951
861176
162888
480138
823882
583981
672519
230283
969844
522416
39381
876355
717542
577821
852645
414507
891875
664286
946211
418496
52297
431372
701411
597871
517711
160939
215896
457750
430587
851473
706094
249538
229001
868982
246029
52883
969315
918548
799519
939159
957317
355252
331867
191211
933073
700864
605719
824949
365151
551930
759797
933800
499654
461209
531671
17366
138500
263919
475116
569087
631744
697563
334978
860746
566545
581007
429981
52213
15907
229500
507724
489576
584752
839591
680788
34178
540456
802859
859127
421959
871141
135276
355759
370796
112837
403783
388162
251337
184054
379630
820425
815799
77193
671755
192897
160091
769114
622878
212304
301373
368731
236380
790950
953483
75972
988090
504013
132780
790949
363140
71091
662090
14769
943202
549238
127606
863337
937400
378944
47392
833383
715721
379543
910576
903828
572440
587019
672942
711670
315675
974315
80401
552056
281617
550237
144380
786059
54250
793512
93360
933743
864603
271803
948512
324157
821041
592470
187495
274794
971414
234887
108177
203487
130782
535105
107315
703222
638477
780257
414892
954152
270925
11646
506208
68894
561883
650588
854954
132485
960452
948314
66228
825055
220117
531092
149213
41159
123563
853060
832305
94977
604299
940482
814817
735081
991939
922132
954655
630416
218742
885899
584569
489667
897545
607129
558561
459428
774070
929867
108266
734522
878182
174494
75930
614651
705587
741495
172162
345502
594555
4467
440479
198854
461301
255296
450287
969593
693781
404942
600009
912523
290841
700930
402190
188387
824412
477103
164167
598482
923323
272433
849356
801505
963280
925286
932508
185219
666781
104671
530721
777688
625490
971200
492894
603144
742849
943181
572737
952982
348123
689098
865505
155317
906381
784047
343704
730793
777502
24223
845627
700825
813009
694983
18682
776289
136622
951191
961508
319755
572214
492229
97444
714056
979781
590338
317200
238982
533520
889937
191964
397995
95388
573821
553312
1769
357868
413368
732562
135371
953944
578189
352548
766953
789524
371231
59594
926146
322422
21102
245902
410988
29683
859698
125044
525816
450036
442245
281151
499908
848534
989467
897904
460274
563289
967568
462043
437509
897289
710957
89232
851233
805498
441781
134538
595023
813012
194132
37521
651786
731586
799775
62774
277621
659473
704170
803437
109510
662767
84588
125770
511302
590408
540026
971576
670049
507595
949972
107558
921236
660929
713143
772469
982780
154924
907007
577803
484288
617491
131676
652426
349077
931452
231552
626698
590925
935722
946487
216787
598490
547428
342558
626144
137836
398936
114072
807885
906531
64044
431795
827767
241326
144938
116588
224106
816214
539947
318261
300502
157438
449937
469280
22867
381389
700832
649565
488667
636555
112405
221806
751397
659833
80716
377541
797669
479653
491613
605554
386184
72010
553701
730304
313336
698640
363244
53794
514854
419544
372055
331709
576982
821992
800989
599850
719734
18174
765767
208401
171081
878172
946559
922478
538005
27276
816371
852026
506929
824336
973932
409465
896346
527634
656121
726034
226274
19366
779828
257480
438910
151883
589189
532244
490228
906531
648446
209962
441057
930566
934715
612138
808738
397626
50968
863096
424902
867339
231474
931831
691675
205407
341297
104374
733041
513770
830408
475667
533136
610237
733147
488398
278472
838689
536995
768700
261572
185441
495014
702629
632359
946081
831119
957450
343708
882087
820546
768610
265778
568372
216794
473805
773779
74443
578179
23172
588213
408588
498839
637702
18825
748339
126100
813649
587028
179447
582350
848600
881241
593716
67581
513600
539798
898700
471050
399858
297139
807948
684820
562917
376321
901614
36722
150100
976057
614902
689625
564271
539842
188464
201973
75019
936803
844425
888668
40183
540225
471018
405135
421466
581087
472716
935066
637237
887768
922469
37095
184907
730417
238267
264176
623090
139882
817251
289543
632291
432153
979168
712914
488347
167632
431239
563366
620788
275665
452034
660971
332242
439405
582459
753708
536844
55175
205126
174081
459296
127595
727528
644203
374365
965795
424732
997455
105677
241983
286998
254321
190488
266166
967235
678835
950151
398475
242201
87291
190492
210587
264614
522734
166344
847073
792794
703188
418601
997920
877269
877897
125516
604797
38452
499881
570593
463184
13688
192622
705167
300687
446943
895655
83205
930531
90842
549708
329006
849395
636999
35850
59983
901614
74936
226327
265039
867730
445868
683640
865650
323137
77889
991166
444287
632694
7399
14880
95878
21088
723854
317398
838127
687150
729405
437684
617681
336600
987393
463039
185995
624392
498889
245978
42358
573825
988658
823750
441555
950878
507390
823557
274015
101632
331076
718302
734326
338475
249534
346556
875915
489741
180306
230394
176891
426064
668079
310924
762664
655472
773963
948659
796216
272852
710990
838575
363029
216000
662325
320936
166878
686067
144493
957245
304051
475569
675548
554729
330397
441434
901286
206312
447527
597944
436707
140770
24008
621138
451694
786672
276610
225657
735332
72826
14861
446322
427753
377890
178674
606430
215178
345552
808850
359672
302797
112901
351593
494697
667631
681990
452484
85269
404655
900011
683213
357714
557134
707222
978852
8828
493894
771814
234486
745578
844640
765699
708252
788746
659942
886926
911528
875120
232478
720378
751144
51628
349632
102738
62677
17263
784728
515161
618884
705735
931525
818449
63449
488659
525671
558653
13839
535918
330467
764677
281496
691460
530377
989749
480206
190319
393027
391734
65439
141858
628465
816584
193486
978097
435674
256163
511712
220402
287677
130596
442490
735554
949045
505939
224213
991069
580945
238052
526987
911412
2730
324835
602872
49459
830936
599430
239778
223964
991165
821569
365822
619630
638153
75660
114079
590179
331823
625791
810582
135852
756387
769424
871406
221784
275363
95619
729205
856308
850024
256192
284073
369106
97380
886945
934917
928316
2728
174695
152280
993893
996264
34454
129875
150770
110114
243954
740949
958290
386097
67883
94142
142484
837307
965549
880620
629023
577520
609826
1683
943896
382370
802108
829354
479750
689054
764271
924419
691782
938966
593051
202027
451583
627506
848254
118705
737620
608560
376006
695910
994657
443890
790053
653493
797549
271954
50465
942924
849474
660291
460960
793371
559014
263068
139077
555116
468474
903349
479535
676608
842315
72587
394987
810250
700093
759593
928955
954065
368153
304962
649976
879162
265204
956381
532655
579105
228335
99473
38382
594161
759764
499342
903884
835130
278762
42962
390247
263589
946311
869782
940197
304978
458721
851537
115229
675166
611130
560536
629232
495636
865498
795560
374798
647054
751941
423806
226160
496628
523279
264542
90789
799395
280236
994674
634526
558998
37636
541125
822587
983947
927259
279137
805277
385981
130674
920506
61147
258156
481043
206731
753792
862893
2291
644943
509948
754232
68749
252460
767212
108380
33354
858002
907775
313590
369028
58653
388940
406664
599778
727880
906963
527038
523369
228592
913019
654043
149099
490518
428551
146494
697250
182344
525739
699541
827287
552039
970126
412388
804499
737338
520768
354205
111692
428543
184147
480720
3549
89440
403736
603327
817320
827051
130365
340689
55644
559736
511084
721095
50255
939635
867589
263857
638331
393328
479750
981970
461720
449876
394358
266219
703567
431478
136777
331611
376374
320924
812332
379923
410364
732420
983250
744036
559472
629968
84725
131468
189704
112161
852563
756311
568149
236504
20168
722832
146184
16271
704803
607904
982499
615513
390476
686066
46992
527253
17678
939718
364529
346362
319641
774894
78782
819243
35282
154606
449211
636360
802426
155268
748521
654989
911579
833022
407845
448100
555855
554030
980723
260658
161934
963222
392523
68762
649289
955867
596015
183319
895585
476897
46033
731578
251791
641167
550822
803425
795774
516385
439785
598200
671653
188307
769542
99585
537681
177387
64037
93536
731417
44760
870546
409704
524334
263070
478466
689975
218937
590834
873294
630875
67731
919327
362453
835874
76847
429627
639299
872621
462365
79085
987173
650370
783744
756715
749955
321425
450455
330344
931314
698224
891456
801860
107928
415791
64930
102747
105766
800220
209933
495413
431095
794016
931092
309900
146242
7939
255880
785541
396912
718245
380978
384086
368615
681074
657153
634923
518852
623960
965267
450166
322185
373076
252026
946465
305219
833309
565564
927337
633529
775497
939102
580976
85865
870195
407228
232107
394486
663108
534001
791399
381353
431331
691837
749969
112406
865342
384892
631258
489303
866511
597776
811488
239587
849802
757953
61158
683111
323518
988496
832992
615367
927598
930320
701233
314145
337549
933340
708632
657
983693
16383
898363
415025
708220
648332
43783
573562
549576
191393
62865
416087
789169
390705
172027
155323
148659
749537
354787
988529
738033
187779
603896
181984
634452
821481
12481
972001
271174
721113
489010
254867
737496
387373
186244
962068
552057
230027
535631
101633
421420
114848
34073
210589
21906
722452
882265
686917
471989
237052
675446
726375
941183
795694
908359
575635
617176
920840
63988
404702
158306
552999
659569
412154
456724
845814
374223
525134
75841
426206
143119
13614
541054
177192
740555
562960
899644
622820
249877
887986
859872
441675
614361
317408
237370
39072
893043
370898
476264
957032
775600
634570
26383
951521
46725
483107
313687
420948
8241
905881
847154
151361
919495
904560
844905
660050
983873
260902
799223
750102
148888
175447
191778
279601
492855
945500
318673
385899
832750
794937
859283
124702
945860
885666
76223
508937
885125
906263
446237
409719
812144
809743
77432
731639
230655
922337
908041
214528
699591
223616
964631
364831
399064
672761
644432
891919
618261
479457
794170
967363
790747
653453
92065
736607
55471
684640
761896
456949
590903
208133
866668
403047
17876
944100
651038
248531
382789
75432
979412
82381
299048
944043
963564
698112
133156
607997
106384
267769
87454
416906
235132
878201
586712
327197
131160
642183
528189
893056
615484
119093
101189
482152
38492
635417
942604
205883
883949
841746
281315
379713
440479
580363
840108
404043
794828
973264
12040
417564
241033
615847
834470
992517
494048
421182
836066
625209
579718
364255
34617
195202
999700
135807
193707
38193
287576
136311
244076
687877
978057
41743
67590
934888
138458
907698
338932
449638
880962
867324
867202
638347
483171
701673
630864
977220
639207
466930
118781
218925
347538
153398
930480
347238
805557
124187
901783
93134
776850
145859
781011
271260
703954
848602
206148
842413
272652
545080
292051
669967
412405
675606
308314
895576
893631
455531
389148
532838
438813
24281
268116
786351
694032
714948
133590
499589
839135
35373
109075
615985
697585
406439
887245
401539
771393
93394
760304
44045
154826
568708
714012
83583
244314
22327
979160
137945
994210
884660
187135
433023
908942
971603
219375
119326
686551
869317
135267
525686
904690
244343
658024
118627
167134
545269
36519
938527
155015
796823
982572
826194
881883
212937
909777
126197
751616
888937
780494
745826
289950
483982
178849
715244
455585
914576
834570
142137
783893
969837
184175
688584
730532
842199
323563
897666
903821
360082
352545
575188
673258
851470
401382
555141
64407
311160
197691
816023
716449
494537
78201
522751
978519
773402
237995
950457
687979
588917
92594
471872
558755
793121
160456
805639
635321
372
219658
55494
360454
88555
630682
550064
940025
548417
105206
4432
859577
819249
336807
92378
313786
931360
615130
808658
704763
369477
759115
392742
958395
368061
864614
33502
161182
541423
355493
312855
541795
575151
368349
418601
663707
515384
968666
120084
63801
590224
124517
439730
925825
977676
48460
755963
425389
663590
564621
130152
549420
840088
39246
507815
208149
903860
541317
885684
961635
896810
198539
19782
988314
83241
438384
168373
598625
923402
288457
178778
29978
929326
134860
955803
423355
183320
711766
848744
363263
792740
495248
912683
632828
534494
420498
357330
954706
478167
243014
916342
891329
957905
452476
395995
557498
890860
564368
672475
330614
369178
851253
360592
298504
502465
316395
721859
685786
544514
86955
49049
337254
582203
961732
970082
116697
898582
843764
71404
893101
86778
504098
784430
561036
956574
180426
118534
363787
261146
307362
694401
630324
158615
571346
445181
661081
404093
683392
863219
948607
770348
912268
285861
352551
390352
772296
985601
805286
616060
57005
698387
219191
561103
999169
296579
34029
695947
415113
397816
957094
722475
92218
103770
397443
179916
65303
574876
584009
748696
954447
532617
519044
383067
334830
387947
773419
107126
889900
95057
239539
946905
793444
458730
24360
792613
755309
58390
4913
686774
972558
962007
925602
581128
582129
839397
761044
647433
930625
345054
912481
885072
877671
431525
268139
728853
335824
557910
835980
225725
652967
75519
688982
962763
50601
229695
271728
322262
804437
276641
9036
776995
755000
450990
358124
337130
290387
119168
500915
737364
980574
413396
622436
374597
361273
406927
103451
213449
964837
455783
955526
134156
531302
644509
96919
98255
390556
368648
420517
194993
645289
945905
488340
400290
396896
362816
253772
203635
998337
271039
457352
978911
684435
79788
353509
562060
3068
456960
775509
967905
912743
731036
618414
960397
891897
715333
575004
282453
83981
995521
993798
245623
941426
998490
162265
854674
361307
416037
574662
359644
687076
32014
338555
887863
628154
208416
449923
147574
665376
741784
115480
94471
989172
250246
571220
397421
965579
146224
196226
565913
141745
706376
811536
599524
704867
490153
970550
66174
906190
61564
942170
109618
609930
280725
513833
754437
489142
963756
902011
670870
221892
533843
281694
727417
784089
852914
124838
749669
515491
837417
831934
657236
543793
159822
773112
248660
649975
260015
831186
72517
321579
773356
182135
447862
570434
695968
202299
575928
176076
104310
763150
914320
638154
44844
641737
938595
414111
282928
688264
929602
120345
36550
103190
664138
196372
876303
429151
846347
652670
260337
918864
490601
33694
617351
938463
604128
313319
140762
180056
5747
761425
459558
920068
399579
504403
78157
338174
918514
877437
542791
848116
997782
579341
467658
178273
292066
343961
607424
138413
512983
867761
573630
3585
417807
190981
942048
538287
20653
82811
234695
26400
360588
694254
462820
760167
198657
57330
614693
633523
934767
673836
997991
932550
769530
465649
110823
61596
325963
234599
716361
838946
618712
806343
842531
36520
997325
784580
91159
534330
383743
325855
560730
744331
20109
539903
20850
735118
597233
151895
368641
532000
342084
882984
980902
627966
348633
608077
205914
674596
842676
922275
29895
461389
728619
872426
14261
242296
173358
105420
776626
557101
947627
853708
817784
967736
909963
354986
702854
507196
506882
587847
555549
848966
470831
536451
993284
335817
144529
199198
526765
503557
121473
556660
481298
366444
945439
495559
125092
118797
117332
418070
192251
64959
788131
526387
32696
698094
881374
251902
721643
388256
356102
277192
753574
343285
329995
746858
679102
474524
462408
205868
494434
583881
278880
975732
466678
224319
471292
108122
343117
104976
526193
51720
169935
314324
578107
718983
528770
459481
487238
766765
364089
843340
43957
634015
186625
890305
897225
382080
881181
359633
104300
375615
459867
383180
351348
926545
607500
822640
34667
466969
927616
77212
518689
613903
907888
613148
332887
953011
72630
336477
719776
436719
179817
280086
587087
882794
170391
484312
781226
51572
843946
885526
427188
303813
785059
778536
746710
392559
117528
297729
375880
561496
891294
410921
175399
799182
24069
24638
752193
96699
361115
471970
49771
57284
752056
636858
456431
922447
637522
237657
490371
997820
639536
917559
817985
424595
212447
564695
333506
329975
378777
709386
891471
270071
120307
583223
69253
660728
124213
337799
757428
485329
809769
323551
58965
78177
476761
515396
516976
114283
269406
7347
112104
908942
441259
446441
333537
653706
11137
183395
500034
906266
892781
391505
176337
529440
491080
761942
190168
615294
99741
463948
616975
425862
787499
675940
504039
780612
191337
537367
894896
977095
544715
523352
886037
502326
486145
735926
156032
497282
919321
656066
403548
328454
563924
96237
374246
571356
858180
80766
186650
957921
544715
803625
383784
848566
479566
404175
145531
187255
941543
556779
164350
2610
596483
566739
504936
82628
819017
660968
579911
254690
833387
499811
99496
913663
112401
990094
485019
970581
70860
671670
444854
131927
991647
828638
496846
987565
232814
642377
174820
690709
199156
855522
693319
795639
938613
198255
878267
757630
375575
974530
528672
208962
474342
628168
638977
586743
618262
123997
73676
205475
312019
518530
337402
820018
863521
834248
807584
96335
476625
982404
303396
675781
354279
996715
987772
292892
194970
866040
566875
570545
840570
611899
295860
831264
756420
451189
934359
374682
91538
8035
96509
403557
42918
433912
223576
906439
784512
31160
519126
261138
529916
822522
453271
884195
819237
957396
693440
530559
823436
776667
101104
664006
388566
913316
11623
144986
364506
945982
36021
456044
470370
132530
375954
513288
82794
115882
936079
867307
663394
455205
644797
193310
277727
614420
593858
613316
571816
803650
143875
395252
96669
761331
575611
485235
191000
103586
146574
555506
565920
698947
527902
36290
831477
420208
65930
430624
52442
2009
297931
715836
457214
459080
425499
251293
73500
535709
864609
161669
339359
8484
73273
436028
286168
165236
437615
477168
268822
100541
549026
834743
799488
593280
871033
147318
13489
453316
577942
582283
455325
392225
298120
428892
367657
239971
680185
957509
775680
61147
119178
631391
585983
192452
583771
872151
357688
21386
349319
626511
638280
414697
977606
437768
7978
848639
585086
537819
818307
679380
120102
273633
587957
934574
218877
955614
174545
899062
913124
950225
960209
32302
581616
546193
741106
165387
934696
98795
703126
800368
241658
341406
215065
219264
295526
223043
584255
396965
760862
402563
76345
397317
192548
180655
331891
411425
136269
506437
826839
49393
973014
303401
598048
554631
365946
339154
236370
300642
437949
455848
101010
195959
313606
316076
415223
609133
55471
999479
522450
332686
402042
115147
730003
110942
295802
61894
522367
432072
84683
349206
481465
57698
168959
595865
128681
534905
935020
881403
835548
372969
337252
452910
85281
650858
285338
500504
776343
340810
499983
298793
673496
418377
413941
919851
45671
709743
981745
568038
658167
582781
433597
655985
156831
118908
251850
285512
653814
186870
166915
5714
76192
504167
974976
161473
671378
260315
661977
964073
601125
678313
262867
790973
613042
193160
710824
658714
419255
208921
743104
77423
791702
693053
733408
948533
811962
501610
750397
465776
688481
433665
987842
281025
937832
962818
442498
125562
223133
620827
89636
340610
815492
868855
647935
428535
62015
358759
603601
997622
84033
863057
591397
392087
556111
841157
340621
368073
342768
607370
350201
547601
41035
854395
828626
495220
817213
271124
620782
556699
408303
226770
413661
223796
95625
61597
168683
673992
936708
772284
187967
20741
151693
779364
412829
707804
620522
269802
592229
479642
877172
458782
27243
434560
313177
855869
929780
646743
643345
66914
719794
568000
810037
133455
791796
905662
195052
476831
96007
131761
765467
800326
668854
917161
579690
81683
624965
716564
351485
733547
712558
745010
192329
739801
179570
21859
112022
625702
668602
271719
692616
388396
839720
19005
38203
147868
924668
233256
141052
537027
881369
906519
337353
66575
823680
433395
148259
964998
666312
16096
698545
378870
761106
407226
635024
457028
429085
263398
82730
614039
535118
291699
518787
891190
310704
556991
555410
751724
306599
696462
805103
704320
602982
658808
770895
943014
608556
435506
908012
274868
451603
122909
170090
729061
530136
321466
186090
475573
584865
785172
605965
119983
593223
641104
527525
420280
198095
599287
172004
21046
295750
493460
241718
415084
152268
528966
874450
277176
964472
298815
68396
416075
421724
238487
661489
468212
559953
847579
460138
144818
149103
582455
781153
742327
223559
825030
162607
938007
940670
850963
959053
752772
344423
717124
684208
13044
246090
558658
806572
210562
857473
874969
142990
795550
629808
804479
780114
189761
168410
756604
850932
833865
339059
148437
576192
78971
489820
255151
16978
430490
106115
492383
183262
966890
209507
867470
496286
455597
942480
302859
182512
316306
177828
325502
628208
807636
646333
924674
513749
331095
681279
881033
164960
536690
545823
257505
615661
551995
512656
148991
982485
618771
641375
682099
102014
850882
65921
598300
306480
8401
901159
488992
841059
78987
330846
469267
402975
493531
393942
433077
340978
591573
314110
505938
644615
376285
763443
776629
928280
792452
925620
427117
411223
566995
109216
513237
417878
691489
627890
240710
216243
529049
246054
57302
124389
93252
526570
527364
586783
920512
960441
927761
28437
790904
950051
673052
167189
229847
449681
95470
22299
375302
38939
949874
458649
664508
979464
392879
355997
607354
633589
572240
136403
395995
629543
260792
489247
156113
304509
76030
592977
264950
520143
137766
572206
986547
810818
739396
216394
776852
351218
238693
668506
390157
704919
127155
54665
684383
520035
410663
808089
669976
499255
944493
65972
128798
721637
555219
801263
542498
147602
910592
807449
667745
48358
896007
170644
375529
635403
387038
152381
986621
142083
820887
893131
363355
464394
947796
47738
984429
874811
372180
654406
374067
833025
236730
19217
554662
791949
820481
97161
939551
247425
420962
123649
812136
316969
294293
187665
468725
197684
856398
971698
856119
677285
864829
219474
658031
812626
267213
642461
687437
155745
813219
577856
988770
49949
597074
543432
841898
933907
156945
297802
181332
94259
937803
509820
927581
748448
697485
396306
946132
553883
368004
802252
747520
232834
538078
405552
561812
321643
564365
765601
477388
377584
343458
466158
943885
456884
9591
302135
390791
682888
116289
88475
777148
54092
598296
221081
318893
295781
617387
265025
366017
501743
583629
629889
734577
121708
551793
812741
443351
116158
578343
920740
10094
438153
903250
470331
895037
912841
772467
285828
112082
405108
374303
405582
459201
488951
626663
778094
301085
760402
559471
667102
262145
659453
813343
513075
297513
365137
325816
257216
997647
420511
694308
524094
858664
597559
510777
753701
26752
283244
555881
138834
204705
446537
60768
663906
935488
687431
958352
236573
447833
34175
420027
226331
209980
233371
739406
507493
114860
581574
764710
628859
2086
459018
669305
860750
572929
180083
130804
599682
979679
686685
254868
184384
133222
315637
364642
68711
519420
839346
305284
967254
873522
725312
709937
83502
475035
449343
590996
106247
30917
872058
735106
33003
847428
404412
410106
420358
100847
540910
536392
80526
743947
791260
264911
393522
106897
629553
462233
626318
985252
283869
109924
858774
525533
819861
458628
568
785556
565976
106815
332825
438034
358274
365829
801815
279038
292287
738525
379885
349549
274917
460411
609848
66177
241674
3370
689427
387580
981955
832097
372832
265825
942021
231606
307710
278234
206586
308279
580142
772563
931446
912967
726949
806072
795148
528764
85110
87435
267289
464995
953336
542206
441759
563185
124736
683433
566555
330515
587365
548511
162612
960197
330688
620985
708155
638398
899219
914742
463029
479361
687305
910828
392328
414254
716900
187477
459371
318363
791264
726660
299710
744601
785219
257821
824138
426307
941255
907045
756822
528620
455556
919434
5170
302596
540419
713325
940995
955990
628067
920376
951703
831724
831204
344031
762331
64457
47860
221702
382820
355477
464714
198882
616430
766285
456704
440568
708944
914311
347613
465766
959283
319522
901552
964453
138470
441971
677779
79465
914313
822198
516194
866016
653923
347398
726400
932606
928207
290612
154308
311027
646089
135374
26262
778871
901660
482966
735791
610604
397277
83405
592723
872912
919279
494275
837366
57749
452599
515145
653567
366912
853695
169761
749281
23970
33511
475681
956576
961719
766293
110884
789098
928735
762611
815360
707606
664271
814678
959750
791227
728307
43155
383950
601220
478786
394578
438586
52887
363529
470083
222806
730441
323778
908919
996074
347749
942431
471755
304325
420502
754401
931562
725952
199488
694173
541313
423446
874796
872343
383196
182375
117003
942703
82678
718223
937841
477256
673161
507081
840785
143244
729887
87578
983374
638807
83653
847475
97590
71760
668153
34444
342513
116067
760396
58353
326592
818061
481800
201388
206757
381348
900115
323760
324052
982793
41983
778245
976401
715144
285326
333538
374740
15214
937469
874466
170373
537474
721942
784315
125586
906447
335111
468100
22514
95507
526453
349106
429921
524605
66846
636678
905954
966961
960438
746358
466107
2421
524603
958860
233917
809930
292399
125009
825144
746220
515827
511869
283694
754121
296184
409280
660568
631295
393732
199434
243154
920186
548540
673075
444791
131738
309753
867097
98700
786543
613455
81159
305316
138059
40019
539233
947989
332418
180594
773133
594990
212774
801354
878684
966895
97538
804317
627464
245185
198049
826898
488339
118235
891791
677767
79379
23529
987520
946476
638581
774064
76284
719740
79380
214343
759760
134966
162332
608530
831912
451817
203521
44686
253171
598557
527934
867061
402874
155398
628598
600924
498648
116937
235511
906791
311056
314890
446673
298577
777719
85254
588993
370355
321347
184725
584698
81107
836043
263382
205989
184308
231551
925862
228994
484722
524420
756928
868135
927294
428678
496733
44570
443679
130022
280082
866822
441079
111324
313495
256008
405395
915102
361353
775750
236449
546078
360448
317556
898474
623830
39897
82782
855381
965760
828128
856455
6532
101409
240942
450178
46439
737675
494749
6470
384050
774831
873293
825129
886155
703140
81137
291551
618242
442490
67301
854691
504920
944102
688599
919746
84284
728497
2528
456018
210609
347009
828825
217141
448418
69768
667319
11209
323795
162068
17680
707845
453251
407325
49326
339407
110465
130463
147310
728708
89305
214611
583399
110578
675065
271999
30324
759350
516848
549205
215368
727457
896214
44193
460950
860984
113961
644621
872193
954109
323042
406225
661954
776293
813550
711281
632052
924016
358096
779362
652724
963754
510326
752475
74332
185391
24474
104656
461093
57674
653861
676461
785131
66427
237007
762433
927411
867320
923407
315957
821429
762801
722182
483384
539094
52085
711017
687499
976101
69113
983213
145177
32867
9891
897652
107199
711635
438479
728208
172728
496153
898421
365542
797637
481201
602549
560070
408612
469869
999829
240921
807651
762630
479456
291035
818077
531541
518404
21928
23994
587517
5141
169171
136737
531385
583175
760288
243020
21654
488496
932100
517808
903270
813994
315445
384471
932895
391867
309435
919117
908049
550357
726768
670679
546165
534155
488756
77706
52559
510684
101700
156428
32178
787223
293165
563563
370398
53454
322935
392053
58302
771387
426213
477924
585382
258010
862395
518277
649877
688183
437394
74278
754892
680514
744958
301057
214669
750066
378763
267228
777103
996815
423657
325633
300390
716822
405548
670788
286628
728483
579193
344931
16222
5406
822855
601604
779768
201603
636234
945998
889786
589980
20276
644678
270495
765234
945735
485164
31653
840850
268745
808756
354017
692402
134389
654407
925576
539937
325195
728557
784772
420741
589840
800994
942499
929047
918951
722268
130650
71537
668266
536788
661517
688542
697818
448364
970129
159905
933529
1782
517107
718626
810538
871124
927380
461279
41883
369308
517568
883431
97865
302340
304172
687705
619686
246671
133105
54989
485291
263755
126526
153557
316896
304396
358452
14714
752760
844933
690972
202641
846715
208079
437619
173605
595556
364999
151236
637439
734308
668804
520870
832173
971144
825042
36231
107182
588066
169336
162172
589709
949443
805050
259619
266339
109446
618071
797406
378559
463004
4730
97552
826071
729161
535172
999676
324717
416523
150912
962157
150831
336068
999379
499357
823564
340774
535588
930746
928840
221276
609270
34901
170719
414321
294520
953411
40119
912591
267169
935030
891947
271899
548935
234370
1060
600459
234046
842130
16982
901310
320639
167814
753730
320018
667171
577294
660792
719111
508041
105984
940387
117311
140886
627458
47984
435406
580869
604456
864350
364390
539486
756297
152641
604773
507020
670054
205232
741066
512184
222215
158729
832823
390029
428811
669193
573552
6106
329986
809015
514147
435970
265754
147810
93208
893212
712147
528615
990434
832955
392965
354824
372441
665614
23818
493567
172634
693872
698799
430053
722408
921014
105134
71583
827395
533945
740776
917299
540051
70762
726314
570550
23085
992068
234713
116293
401633
463212
161260
392067
296167
70577
263243
184960
736192
287061
678527
425178
497285
893679
371583
219693
814693
476717
291276
158441
527015
548405
75740
583418
135519
318407
670321
158604
826827
421386
791250
744812
884598
468862
136879
697117
539440
916475
882077
275632
719888
76957
217162
733526
970636
588746
953219
301681
581815
760848
460122
625182
309253
52215
208601
444772
886974
395274
119729
230153
816660
427331
974966
701258
896193
628197
914727
435633
544672
796804
227617
780913
390113
444780
514439
360749
549878
984010
662431
648045
744858
638905
273228
570463
691120
998181
531588
94446
393455
167669
324600
726467
595000
299566
944077
7545
927763
858804
443179
988788
171960
187148
769701
562074
148280
284140
922823
698158
268150
101606
862556
529361
256864
652136
616176
464336
650317
147764
558783
560124
831785
883383
286591
426785
699301
230668
950683
627064
89472
393862
132204
261432
97362
901905
339858
245643
702397
262682
460153
486900
880640
322709
16261
137504
974845
148789
601841
141514
296554
676976
701638
128339
76711
504581
71477
776012
735249
22160
919428
341073
932374
51633
602506
29736
469890
942364
275379
172288
721398
735533
175540
118391
574594
708153
772247
65792
856942
890440
207306
669848
567416
425297
314540
644127
929878
386017
936491
181480
924529
855920
522553
856903
423905
641411
886639
893795
100128
678371
582435
821526
930256
757975
456269
504850
982480
228517
570642
839423
635309
294301
509271
719078
719598
340163
879557
165828
726180
816049
347308
650709
671969
869862
23964
612226
511273
426956
506021
611401
105327
604809
949280
551935
879136
405549
56785
861617
150418
143780
217392
302080
954433
243015
21158
674031
583179
900715
839859
309359
716764
187168
476421
905085
573382
16737
517311
84655
443693
539685
212409
65372
144494
161689
617307
539982
83590
190445
401599
750361
850577
618991
52441
805010
862007
589951
995393
961538
490666
351604
787249
723783
55124
263670
145220
628506
796760
178884
229514
240453
718569
441923
822178
379415
119964
439485
919397
203554
146282
837349
470267
996859
456340
39060
318221
834699
629011
829966
796237
636030
181571
99839
359813
236695
363509
505033
381554
160269
683917
611068
917075
918838
52991
739253
298253
689307
695090
734003
409213
841373
571352
879481
354584
544044
918541
189158
378744
63905
19124
691333
699935
200695
791172
59748
953743
671034
81133
335297
347655
281403
946365
781082
200241
515708
520335
14847
721367
731778
748850
130580
573151
836554
10061
444087
380598
444955
149597
275694
508860
168722
483380
208795
885769
274552
784895
355864
461938
866028
691161
325946
147431
153878
107028
864025
185938
143716
878872
907305
875494
144074
37886
964997
980628
564299
409084
877578
9254
75034
153273
34466
243756
636653
759613
645877
427557
544508
1742
405848
926889
209255
731794
590672
879486
838822
454697
65424
982538
849921
489082
374384
993995
43320
339381
490975
607619
264818
884906
133226
339852
38179
167692
99960
191184
927306
262189
618741
988166
263931
540941
915055
989539
272735
505728
869025
627910
960425
450801
126800
326699
939883
501185
837046
983203
356918
328022
107175
621736
212928
240401
477940
767459
924445
577900
958643
368103
840090
93736
356270
620373
634678
271325
126264
423765
777053
995289
51675
253831
446091
694828
96882
902326
196013
933928
401882
69283
261950
509057
691020
991230
265810
168960
275041
190255
263213
233684
558359
619655
843773
914629
240028
994803
702306
882645
934920
995712
877934
502948
765895
840377
197776
862777
259056
910141
796705
660938
979424
575008
686347
670444
566238
952157
355757
357632
658764
618970
107668
217123
238625
951441
648104
995005
462596
866763
877650
397517
862475
271937
900465
144722
628666
614593
7499
887722
524734
804204
65012
20510
895564
751359
207307
978155
703516
563064
335787
878633
698386
443455
612108
453363
911249
776565
964720
373845
643328
358723
287714
22155
630660
704531
166877
775678
835476
174376
663401
360210
494932
728413
897073
390497
996125
104380
368652
215993
183796
220791
94626
882182
664246
706735
851897
575495
483300
816617
465693
126628
175340
269759
148783
322352
974291
832012
98031
809767
6388
277784
686330
17672
6197
99755
924521
518674
204135
809525
734668
387931
30316
829294
786465
210915
52381
154714
786410
52033
971331
768455
178661
663024
38215
843796
985376
528858
675808
83407
854977
198548
361191
57659
216221
883741
157414
140742
402415
877901
950268
653435
782184
496936
999082
568649
707851
51463
723363
10614
103497
211047
779069
798510
874071
333636
158659
859447
378846
350819
459207
750176
65720
820398
807835
798293
220491
481602
455387
139259
359503
922007
792694
658040
418944
308128
743041
126795
875944
982757
137409
979441
193804
432831
294303
67875
282819
969314
443674
178018
836486
902881
928194
902206
239632
252381
700499
976475
250335
155886
115734
126191
77894
424781
784231
13190
732909
527272
139985
608853
510029
793747
104646
220185
742930
915302
804412
542101
884616
248087
720119
721102
667320
164665
623308
423304
933399
840159
399780
700086
512398
31866
826277
106644
456647
126860
119834
189557
170485
259819
314762
680514
569918
419409
417052
829200
334711
221464
371302
735679
985903
607773
456782
169576
288791
596442
109232
738542
436602
25364
438628
465352
57231
781258
571996
513878
908118
691830
219787
78603
468001
50902
275470
37920
470311
208874
867120
321374
430338
754774
57053
932594
362548
513835
102170
167691
626630
211402
906233
579584
236767
344861
44936
810350
642471
616932
840580
550590
308762
576720
145545
776763
627622
937367
331035
97933
146241
714508
419307
92932
985634
476360
25526
864534
506548
644048
32225
133178
371802
938458
712762
124921
799672
757698
935271
442143
890982
775852
509085
716096
352572
170983
492859
496546
108350
340247
594479
770944
571107
530138
380228
556741
522850
922106
421276
29398
82506
453501
678928
454308
908312
391690
579230
707984
665740
30853
150127
556722
323057
175565
272818
191981
346548
282030
688527
454898
138629
799358
742194
709736
329496
638774
782829
852347
560880
204105
398097
643386
173959
77026
614047
598623
985068
193277
306607
650809
740482
973086
723883
63540
148651
513054
255521
495199
795084
460401
466450
450065
259759
724996
676153
589256
363771
458982
957955
441003
179440
356052
84390
869751
949430
698437
468374
934499
408066
774981
101660
148548
264419
825543
728440
929423
338597
500314
424622
650033
960715
407424
100098
220474
648773
292603
809730
12544
751586
284037
453547
447378
156442
54289
317129
105872
269078
785503
556723
677144
76836
658383
342045
857607
279
586837
787030
338876
87151
211653
505262
47866
135429
121712
268341
784202
414316
594423
313098
165902
878461
282998
129632
551255
853639
446761
173479
122718
748616
730203
316214
341804
904938
174611
199411
905217
761449
986442
760446
848600
714447
265708
896467
849876
387420
164808
150431
801736
275583
979881
483990
670396
262879
613622
221651
116519
576735
395131
239237
325351
125334
71803
667155
546624
246415
382919
451842
7864
369361
212288
372816
83808
477996
269283
450036
381768
950443
116819
699857
226027
96701
183847
412775
359580
313822
634427
992451
406909
29558
748040
732261
671244
819844
915768
217868
582611
815039
186062
590475
184400
398350
479643
784560
392698
265279
234597
774467
215722
351416
990676
958101
448117
174523
370877
324050
4697
521656
316501
411607
551214
64542
660220
738810
400738
92340
473030
983349
907380
659093
90176
608132
573795
569819
392693
482846
835098
627290
257313
567173
495058
247989
525274
459528
938864
412503
299930
459914
934159
616431
387873
1725
197325
48093
740535
598063
656785
729918
581412
564165
905363
187940
172298
479158
757760
81343
962004
592858
224985
735669
160031
720043
500010
201658
695923
955227
614161
995853
931493
64673
128637
319366
66398
842314
883811
323286
440378
540596
53204
538142
621114
958567
726083
309764
954077
195
391107
916082
593053
616092
168103
269437
852487
668114
471095
548411
139693
601608
60616
71186
666281
705605
390552
732680
547920
274363
55966
504650
331311
625522
559144
468777
100441
285227
778541
54518
285422
686000
486952
394828
302092
655056
664265
670932
839522
651712
735695
979215
253320
312663
566753
435954
18269
957305
684986
566189
748020
257304
587191
595683
882826
146335
64461
983267
431563
843002
37785
233337
529003
524738
144517
347447
696146
325134
18379
535668
976846
270426
31235
746519
583090
597988
182473
601359
71645
867459
683900
336017
124763
271091
931700
523941
417426
996161
507208
365341
355516
61345
598679
400871
102435
259548
748318
798581
584683
283050
850601
561529
69828
881836
308048
652918
996176
6873
770629
584173
390684
454529
920190
515447
241972
368243
39388
659399
364404
62948
24740
236272
124294
139771
637143
743081
915672
901814
541663
500355
701216
908616
61884
771044
306805
886285
423963
302981
409510
194592
403507
800195
165474
323697
831994
407446
691940
871383
583197
572697
450683
607938
808969
91329
264061
962465
834411
179733
864279
892426
196440
565495
801042
774677
336539
624199
660962
276854
443533
586824
987799
847040
387019
153273
687089
219014
77071
379030
606749
660269
468079
57432
784559
793400
665114
48620
755865
499525
744706
620144
391951
941146
185639
709345
715823
38531
333545
893137
315385
777078
996314
303184
140470
383333
972809
827559
118699
49881
722941
725448
710150
191020
299233
494709
984421
964347
59681
740286
463872
320739
876783
372175
778238
62422
597872
10413
100953
447769
419903
932691
741199
416217
235875
881669
799550
208685
709229
918250
258566
432170
160050
485068
139543
459283
496129
123964
939982
555810
380602
920206
392902
257385
292381
171140
836160
406606
181553
937113
854375
601456
386156
111927
17673
622032
993596
333576
347069
219177
768178
121987
167700
928228
607055
307243
903864
103184
947559
843846
175346
328161
764053
568248
101899
572786
739388
938059
979392
437294
391524
350120
38750
777681
978399
572776
916065
971995
422704
263134
707525
190882
385121
875225
119110
508528
698820
539326
611712
646379
383173
303410
490892
147226
871659
109143
236364
127399
47202
215757
564693
955079
82229
119796
732760
60628
692572
165177
548975
631628
428311
772852
822510
329784
648077
457972
838312
863249
997299
966376
509628
380472
269786
516873
44050
657797
626016
280414
785197
189571
12523
349890
144650
94752
469686
393762
671732
678610
558939
737060
310238
503602
509912
649100
833386
674342
107073
188050
537591
104372
154426
563572
1196
940564
80445
561598
598362
706461
842012
383559
412384
370888
249801
557034
981992
235840
467148
653725
430802
26087
907137
257393
46041
417049
906493
879427
607743
529918
67477
145335
150642
738255
708907
151838
195172
305704
229788
793534
528517
588153
693445
940902
959041
459598
497936
941033
695438
965085
111110
126241
507524
534599
899986
553566
951649
806479
949345
559392
336398
533175
221079
487040
787782
446338
155231
982954
752042
385019
292840
796912
973172
986285
737814
448565
962236
752102
905951
657674
233539
17061
300267
257416
551661
200253
810982
19662
523085
276679
95406
859483
809854
832838
862875
597637
279176
18106
96943
547571
919478
389784
344483
409002
892421
598649
857568
854657
350751
763519
512332
100643
296932
328951
358059
364945
45557
685393
900959
568642
962072
996366
428125
288279
829204
807352
402268
624732
341811
499211
172303
261289
405347
33138
186643
297769
631787
560563
152426
498891
840434
181110
115886
653719
26414
473945
18664
71971
675690
919624
640613
154114
432342
585090
958745
777898
392442
361013
402630
734253
376577
91286
511894
298276
640776
214890
596045
788916
291805
264824
804159
132240
962286
920045
302311
505052
910342
320975
577023
586032
756951
733988
256498
705645
319078
215244
483543
227873
576257
402526
478478
469186
10164
506725
767463
650940
721615
879860
956208
13420
144684
760367
662012
623323
196764
964323
128375
107106
801651
221751
209490
74954
955739
465989
780600
791170
681233
780495
19043
773842
183021
497521
759381
709537
4246
526844
360478
242213
406704
833038
771986
67741
109758
433998
207416
306522
914674
335791
929981
232677
557542
139471
307631
29634
121812
604583
820804
319397
385079
839847
93240
84452
853720
368973
793990
857967
895817
670820
616532
818873
503858
388518
402966
613616
338869
610382
436491
769895
462526
366472
2572
536420
505943
310203
566054
144108
914787
386858
463505
816218
743057
73097
900670
596778
442070
694660
971097
854239
881832
587629
673113
385691
492500
592431
515659
347721
719166
952150
117616
181692
318622
120188
234464
340918
430391
316871
1378
861530
703729
464883
677748
963139
54333
94771
559917
496403
305783
47366
350643
187616
151347
540108
89659
643847
648891
605318
991568
368057
73821
625536
66101
908795
745724
300566
249713
692468
617437
251091
553998
837518
232327
748099
800657
286660
359222
876926
299415
665005
440644
650058
368973
591992
706518
458632
752191
355410
580303
260112
723467
170476
885648
305921
79271
631373
606487
845337
323841
740276
612780
394191
94146
845107
658642
894804
648119
534216
288082
947535
199222
728727
113945
84547
320719
820464
59532
589262
692226
639835
849374
932045
810311
735023
237966
405934
882748
844453
251271
722941
101081
380404
633484
195228
741863
292127
606384
389983
826343
894466
853870
541917
139545
967815
142817
976616
304631
202349
565879
996857
842184
415253
928903
168847
666628
166869
91133
65728
527675
858757
788669
628756
239161
422154
340336
981024
230633
946720
887359
573328
357539
741229
631598
497084
709045
774415
473701
13676
976764
555932
10534
335300
971185
455789
20499
154166
622658
111632
219894
666685
970389
524916
295442
725902
463422
152130
223279
210407
98851
110638
300087
972742
851868
931685
469826
77265
222452
459879
607293
715568
15811
134179
50868
503349
589968
587719
657515
728979
699352
393761
395664
186093
435029
207458
428348
414803
359589
651627
625210
974792
762265
925298
947534
130485
373335
933712
207750
595788
393592
815044
311356
409403
949223
878577
429104
55544
466296
602971
784523
682000
996733
180187
384446
948114
387646
812794
362918
263587
464421
504480
238379
226686
429778
702265
873524
803114
635977
81274
915254
29569
412670
742962
955325
878246
137891
384429
933790
604188
987401
234665
802540
500486
414852
186986
964952
318850
999780
327870
582437
980553
348703
337168
723592
778481
39433
597116
97947
191763
678390
529553
737684
607413
272516
693009
2011
410407
593791
935801
530947
97544
170466
333488
114382
101670
36826
79334
936873
552959
923557
35662
533512
272260
889183
257104
567093
928616
854220
665041
636731
48963
194594
374416
172728
983462
67425
174739
910222
177568
110540
441169
275112
797358
291009
389494
415380
844188
985181
352253
397147
908738
904268
930659
697350
793451
704116
264443
238419
558336
445836
875151
123651
640431
249567
296379
140245
833344
471118
50467
10913
98010
7989
802377
411720
815350
708224
827101
659538
693405
695706
573037
118495
599974
20049
815845
909777
724165
80288
148197
282501
526125
539700
922505
682908
789267
218884
823153
138963
690003
389973
666228
788013
914314
468606
199734
729664
176830
543187
905555
386587
755245
994944
505082
355220
14993
320927
781349
739158
401215
929546
538012
443692
469246
460517
126600
774865
679401
466106
913829
885756
372431
96409
673770
286745
565015
389856
532761
258197
449395
954668
644784
204640
949613
149866
76212
964606
470793
857562
220117
388361
787108
758129
348405
772707
734998
991358
63924
414399
973816
494105
816508
346247
590515
6630
149344
155530
396486
198457
930080
362233
153126
574864
566873
619091
241083
643086
583697
228228
500648
320166
132941
804108
78295
481347
93167
329645
472705
157092
260397
446521
651197
76905
309120
758064
83535
458464
429947
996373
173273
360027
358606
326399
451243
925479
945490
208678
84917
45540
436907
585565
365706
86200
906026
960354
567547
999193
289999
556604
672637
66748
519477
840187
143653
828597
598251
743540
803413
28198
739913
976687
904577
614871
819438
355821
540351
764929
564499
141620
326821
517758
243538
208879
603959
149564
169233
687858
665109
975585
760815
854099
42333
280292
694286
702339
625242
808889
445879
945007
837088
185793
921694
258017
800664
257485
613838
857367
538766
694690
515340
865587
728800
758878
74466
849111
908442
760052
536970
89903
251989
297785
944002
294322
94429
638288
996661
719671
447178
958893
664679
800618
144686
102725
58635
461702
360210
188826
835422
415328
399868
350762
280915
128668
109640
871734
977780
534434
631786
31102
624337
883775
845239
568340
694449
939668
722980
207463
175692
686510
166356
356723
487128
827394
459448
62116
805448
336011
250942
640870
751339
650810
507984
548607
295830
133976
420341
789962
668410
52127
821064
809100
452254
666303
893792
146703
122324
616772
870518
298016
303283
36874
654739
306763
864268
630539
368879
186069
482902
136173
826939
234242
303335
851276
782849
599166
985252
719542
389128
170015
288021
726545
979115
740275
909200
389259
403330
31524
6031
273849
845892
825666
827075
16983
648782
207696
647523
534013
393765
130425
670187
737056
881019
489874
588332
180220
89040
89937
899762
994521
776304
704135
237418
271771
960762
146618
661030
364093
694495
183413
154294
540387
9080
497721
557371
174214
705417
721246
708227
99182
851671
378414
352591
249043
868289
940923
429263
473681
547212
845378
984554
323516
549513
221972
595287
26628
368591
256317
907073
63086
439731
61367
119825
965163
75440
193548
139377
780858
914794
847604
396392
282818
742371
748983
531861
127012
206259
477476
117045
753471
839206
101600
593340
388720
839924
188627
415348
724867
961297
838773
304305
917380
900140
424131
882543
491932
617679
538272
272790
48826
902228
185535
331644
644599
450870
379857
287963
657129
857333
405009
926953
696540
22961
520293
601612
862885
225272
533312
587753
186569
372085
892058
620301
788577
832541
502844
280509
966573
41116
69652
15399
943345
255187
863395
104296
222409
243252
908612
879539
616937
829973
322844
829829
852934
359489
947793
232171
584761
481105
336276
287683
369542
744687
907984
674471
577228
927181
471333
543801
484649
57337
75552
944346
828876
938947
564995
51285
182199
473607
930824
315489
303580
770020
145318
672866
129509
93112
421389
230623
90569
757666
34658
976464
502353
458994
650935
595933
386175
638620
656087
387177
695957
731639
331523
524833
670587
896518
576119
369138
886477
23295
684627
190057
793316
829946
379275
439177
439410
800665
669800
529979
558331
220810
506443
577036
679805
673731
172969
582332
312351
345408
969509
8309
77048
817385
533142
263987
713903
109261
149477
600381
132557
834105
306790
442225
180403
686066
881402
619813
486731
551203
666144
561414
772013
688940
138450
968170
362671
827771
550503
675022
173180
36364
683331
766580
853749
732826
30567
84005
358439
180044
200738
490996
530501
507528
449573
227256
709946
330976
363421
713029
398531
29566
274443
686896
718506
929245
655067
597529
273369
721922
272551
446549
758286
472235
213129
128388
721413
760048
212393
79852
456444
413131
87201
503298
437011
536774
730554
663310
867750
93976
376339
266281
639894
167135
953178
874752
96380
124597
472281
369749
846519
261184
332650
121157
249771
545779
249545
971184
822179
461938
51037
794976
391421
138238
298274
344785
675012
28828
8095
59115
639156
384434
325396
279050
551569
794926
670154
164302
919523
142435
534051
766042
919972
866702
887200
169743
928833
136745
140928
267365
115036
708317
62341
22809
846555
360615
367594
37919
905795
892041
97034
544952
792828
938783
340354
860749
733709
10509
25051
653233
669296
75455
419275
589268
458509
822827
275364
387342
959573
416292
171059
590961
640961
233400
613770
3868
110367
497717
41787
16163
906110
655174
77467
698938
593957
417821
559688
844018
428330
584739
497251
613979
176546
432879
719599
635055
255706
994963
538750
731631
927607
709809
838944
568568
459562
969067
572436
569929
983136
130576
102444
889246
302102
179911
588185
412411
597733
664225
256429
542415
248964
270033
672746
425511
702912
392346
576918
474970
387309
115668
722954
314917
825478
78250
399837
801392
47317
972274
371321
30453
619202
990118
436052
921304
170029
24237
333715
284114
688462
106496
342882
453778
376529
15628
395641
595793
407974
972560
587116
311636
604580
310070
142905
430058
388320
542742
747802
951990
31368
635476
498795
166922
625594
934847
604578
311975
475436
938293
596090
163898
561142
455324
134029
937671
470952
46022
49817
395279
534934
636933
223267
139515
463355
366172
85925
368027
425266
833728
320017
972987
469204
818813
656261
611150
753660
260840
923125
745449
715485
35567
909347
276627
490891
559728
730651
961844
122103
780468
873475
173389
933753
96742
312904
397108
979266
915182
281487
920884
265262
601505
893871
250818
936670
550133
861968
206682
327325
785093
952131
42810
820661
377831
319438
311552
453911
566441
789748
576014
346909
179575
749404
797014
276317
578660
194122
255583
10194
475609
176468
275456
593466
586691
526274
46488
653176
388242
253171
980501
689688
721654
539664
510349
99485
859102
338253
69749
425543
644354
645763
288804
823929
911519
85818
100247
6532
796292
872182
16726
788253
565002
808535
381720
151694
334809
428208
321222
239404
197731
818076
929092
919386
357740
955793
535223
216842
810398
604972
158737
454752
767088
963893
278682
194959
566063
895281
201491
362355
767463
734570
150608
848818
543105
48680
512
394266
993241
838086
633670
707324
656162
79114
143062
13902
551259
678286
747096
361658
799610
422185
816410
83050
386078
611444
278010
468493
506725
995853
830848
274189
730423
497809
123007
789880
62841
639871
184147
56082
994309
334169
279759
650472
929636
422821
180726
480895
617459
927823
358905
933422
866360
175316
16472
768791
786760
810834
237284
809838
806688
68133
84027
53463
82294
723386
843344
145135
879609
543843
717570
873918
394364
997329
40742
324000
936502
221469
321248
70314
665644
680153
3736
532004
371821
536560
300795
158582
347395
54432
968420
670435
638917
568799
240250
721211
808537
599946
382698
204498
143789
616620
594768
538154
130301
635511
378506
66804
373332
699754
137118
555328
896260
140854
603684
268081
193766
420832
943015
541161
475264
427787
727948
114181
512938
968199
351744
837827
568145
734442
42325
228287
351063
637094
282793
481364
788957
661299
64520
678641
877406
201638
233969
290018
858844
837653
558099
52611
258485
17467
110124
250101
445254
838073
364282
474545
322624
716026
312372
890769
966821
354698
119056
317884
508144
401849
315600
813453
579501
380121
492094
973259
98111
242415
263277
473308
80068
821376
42271
854906
355195
668747
105007
800450
23172
469290
791347
345796
701668
103719
752918
668489
974769
871974
502725
482913
790176
334678
296366
886029
231151
304812
859288
329262
547227
122565
318922
143648
460293
877545
998554
815489
546293
619913
132291
85817
89203
923638
431614
307224
27357
184532
492065
518479
572858
994791
1392
879386
329469
814111
765415
560620
118923
624703
406234
666151
263620
241509
809799
723914
119054
324705
55755
181699
944618
188046
267517
550174
628036
215483
857398
171745
916367
349463
690224
5577
860606
691617
884964
190075
22080
166731
267047
141003
307787
673282
323506
571407
431143
133305
811673
550197
974362
867428
248249
918981
571826
32118
469155
199862
763953
842905
371608
680320
192368
61832
202249
52975
269801
87213
759402
291881
770297
26450
949237
78084
216084
272743
165843
647227
922401
977517
713776
896763
361297
478377
815744
933124
510495
801251
649338
790800
644156
20946
987472
352877
599131
189722
922204
385284
793287
681606
677166
563584
224408
142755
158020
956844
415498
323864
604071
337899
817733
834200
234663
695382
312577
566759
628506
339425
368011
277845
646577
12167
815143
634050
365044
414274
823772
287248
315911
133411
485207
509429
696996
225967
652184
371368
182812
67682
211584
303235
921934
545669
137435
672949
241052
966365
239708
869558
822142
124071
663755
468719
652591
478899
102769
533987
409525
442893
821236
725436
576305
822795
234865
789653
48762
403401
161021
747926
471084
372606
51162
393018
918275
704949
582319
675679
187666
822027
545238
9808
462451
725345
478528
115042
720596
97649
649029
130122
540543
986617
371910
116848
809412
123128
906501
374527
526529
583874
638805
513965
956480
689967
423335
391108
911269
5654
66787
98935
344034
128377
625096
806485
370075
103624
921527
90671
717625
570556
737145
774520
73526
625408
891368
399290
264888
314221
773817
791417
414448
412623
821735
887280
618942
245070
278388
530211
250725
861528
145499
111111
506257
770595
917596
876332
390571
355475
483356
108196
926031
220501
882717
515909
362261
290437
915200
627149
121011
205369
418567
535459
134344
756654
422739
753287
1724
217480
799850
768801
595360
945349
879912
617969
232296
313860
10654
622867
669335
494010
247416
111719
230863
646485
627628
593125
453274
542828
220274
574285
264550
155193
626096
398894
911847
565188
152181
429924
782668
468384
715077
894380
930085
111342
512349
162382
425202
523003
301601
610890
533365
549017
722609
764229
711854
866589
357354
165129
409418
577628
255766
190320
249174
881863
589214
677373
447051
257748
107297
746071
726132
822375
640451
172569
933717
669152
334951
875271
708508
152905
486161
241873
218274
725122
6102
930129
591712
879808
95258
517482
973789
867376
707802
222963
749239
297016
900336
712642
554764
7634
458713
797248
346361
615516
969818
796430
284669
821121
188053
509529
974026
674215
751402
192301
399337
273857
638782
991049
153665
250392
24883
127454
117768
732685
350417
867008
29702
767106
579650
100818
774740
554716
898067
637453
170232
867885
950235
971253
689006
138288
480782
663033
328855
748537
371686
244545
22394
526820
751946
176059
777212
776830
303514
894980
509515
170283
278340
539217
937389
374343
156388
228481
445411
54455
865934
131995
922340
332521
103249
127698
470810
100383
307083
316017
365272
678769
560562
387666
205589
312509
563726
499153
89339
383592
910486
598854
553875
705178
654424
7617
79521
810812
236098
41284
381619
618385
173280
303959
950906
276529
431657
938068
893264
255093
254086
258537
933862
814648
162555
655804
643509
242633
671309
732848
626225
581795
848055
696453
286974
18831
220422
882847
345995
456520
924132
727614
591257
97412
547925
542164
890293
495934
996584
783557
751027
250670
558446
201242
581671
721002
373398
225180
479987
44707
474381
106213
626503
838788
319018
913477
373971
55792
312676
236318
512312
236808
963932
619922
334220
28209
678438
224513
40495
675022
524423
791523
442045
599221
509117
23716
836575
882515
765248
316563
927222
755981
939128
70077
111121
774498
983554
1444
830290
296231
237762
858954
49391
718046
478876
383612
746255
157314
124477
786751
832337
165252
94626
790734
280826
603743
330802
117401
486258
96050
950316
929832
368384
889444
999910
995857
663942
499816
997302
10584
312399
235064
869539
361791
953111
864767
261755
699366
22082
902584
2469
370771
584189
97095
161505
865015
217190
492307
498768
219800
104709
449085
665985
989445
338529
665895
985303
518824
165711
982605
529408
994463
217669
915299
356254
170780
780067
134361
386499
318501
36945
905320
689272
137486
518768
367129
2501
735958
375788
501270
472111
480497
950355
138096
469943
805236
803991
455246
840412
486054
954203
369821
996869
171872
801472
353123
859005
581539
3836
761856
900040
557134
667176
105664
694620
185944
989145
697122
438255
364933
714744
910366
845431
181451
564814
831726
503039
885157
803324
343452
371211
757527
229625
884433
445751
31097
753908
821108
128989
757745
582964
545381
314879
250141
167398
9499
952437
156543
222973
390692
521477
454069
817410
366908
635520
382224
714986
138560
267381
34662
482012
154945
792189
227989
39378
754292
259086
793286
575401
904427
67383
158365
449809
382262
924858
617207
908114
877296
773750
647439
784340
295227
101509
118103
178487
737029
16679
409825
391941
800413
444487
390305
955358
753028
618294
511088
507321
393733
820726
82722
298160
888110
757439
264321
786724
682298
881528
694838
75946
171631
342278
376638
983210
443787
11093
678050
697168
27773
87875
89110
828186
532363
995767
299896
285391
614062
810984
309064
524147
631710
391786
338659
36172
665578
602981
822897
864228
484509
517735
456526
172492
376365
833164
155703
820152
844258
833753
33673
388383
437980
639135
216569
486695
634902
516465
772087
765316
843801
597503
805815
475511
505642
144475
511684
171220
747456
850933
35448
748317
368668
491974
920810
261386
841490
592865
81538
202100
942970
631563
590483
380950
270698
323404
867646
421953
839869
156085
187269
683670
753588
509437
675534
259230
653912
703570
946802
401368
554503
982250
149685
439523
990576
70495
700909
348419
179712
298800
550519
122682
930363
657355
503633
717414
980759
371279
139367
820629
43716
842988
20651
797304
352425
212537
572887
6337
916107
519689
924057
986962
501940
73743
426486
8868
660590
643747
357287
840303
942547
424159
479337
389263
81514
982970
106677
62273
870601
762396
399254
914317
121736
936258
227974
474162
148795
800861
996851
581255
320550
920909
568217
338842
511004
511055
347711
687946
154803
221350
44601
97350
161861
523939
486613
243375
506909
109642
822001
893863
872038
737607
324532
993775
190217
552506
984289
339013
353367
497492
436620
190270
934753
4837
529112
962109
32245
393175
650056
187048
130878
694657
800750
292739
218596
287364
536115
241858
913358
874468
652073
785397
128427
976605
295524
318645
529112
796165
174010
398831
293657
610630
105453
744763
131819
634566
706872
164064
544093
356928
867464
674971
567938
668215
967711
786534
471931
20178
544744
385289
410998
196817
687038
539425
173423
982562
858070
218887
295079
548432
134070
588737
675414
755876
333500
807234
906794
556724
487650
450887
913653
871467
642211
481591
539682
609922
784477
11613
146452
329222
913254
557450
42391
600293
613227
732166
99207
987650
467405
394287
536082
117828
499376
211497
873704
349228
535083
780498
905952
22733
231385
335957
894200
389948
817548
950234
516222
118378
478199
662674
963952
391454
736476
6343
508099
349704
254862
607306
337354
722267
1593
873436
840095
17321
601285
713799
366549
136368
10649
272502
675454
758387
608459
86006
148335
942360
36241
664558
577090
514440
327232
541042
422246
580061
547385
930345
929765
318599
54004
783471
40867
55597
173259
397314
589271
774545
111114
955820
910913
638115
744674
586367
396502
353134
672374
544838
811846
224967
725748
388936
255759
569332
446330
678006
149393
510067
124703
595510
828667
178707
378981
869534
750657
68593
266848
339928
843138
894314
295748
270403
532430
556775
373123
445284
426261
561849
990122
238107
786816
232222
143395
558927
801555
589725
753285
950948
99792
877989
546459
928459
573048
441792
314345
323705
510385
581194
179985
869875
991860
992086
140279
40642
548861
29754
485927
975122
591603
992401
729581
894771
224624
872976
453698
26179
979053
206984
493479
78845
601325
556290
523657
174373
514435
838002
14431
24820
935548
194416
411048
927409
186502
67679
968051
251715
97433
970330
226837
689036
962732
956418
583807
703708
345746
37505
729887
324799
760841
739718
919997
362166
296009
443654
536540
810444
798008
550971
351616
733557
261739
762664
177318
964594
346695
661721
216309
444128
632052
959499
649516
111136
432269
233323
814844
778016
787181
61083
619167
548022
800801
55516
426541
613162
15522
963081
939958
813531
30404
291575
63440
292143
570591
240758
256737
917287
902479
989399
877767
50883
948898
527284
162019
381167
276959
493215
675535
64140
554298
811055
128515
871452
866571
555056
484614
882094
34489
940925
695625
64893
232500
275417
873388
319443
516175
646478
753082
935006
152229
630850
985890
101127
158134
664261
998646
435093
157477
190534
15586
228127
1589
144101
615931
384512
215509
616898
266606
766350
557823
478583
831243
306675
754000
220983
626118
786527
383813
379201
721534
536042
10051
223776
153521
684537
404389
152168
119630
561866
859054
651568
306346
860643
795669
922277
245155
527530
539175
28114
293880
613350
506697
641475
920025
777050
378811
546144
563577
762624
441697
801463
298667
451748
25239
452188
652637
429629
120708
772267
507847
979762
423836
330545
356757
735857
252823
118265
779740
308350
146379
73620
438053
169428
231448
358078
462830
610259
904222
26408
372883
345919
344223
671550
314019
369463
640091
966656
315444
277151
255276
339643
256914
195464
670189
130023
447673
439364
248288
227413
747714
911019
301034
185767
596800
48834
60198
59630
659093
480772
602390
31976
343044
946614
219879
657063
832429
376322
140072
147873
653473
911700
487516
426739
107164
674057
556763
554837
113421
321403
782251
377488
748775
599637
79607
861927
648471
139805
921557
307564
620578
40300
855892
963622
503266
592123
137037
335695
968445
793461
999920
621919
705161
3788
48658
812325
677846
121773
883515
791267
443177
665766
168755
708304
781755
248363
570231
946578
904520
8140
770494
525098
48440
626386
5072
551706
218510
658462
403753
186955
451923
920025
325226
157085
923814
890237
485762
118012
12010
369277
425631
971539
551395
110739
679843
333150
875454
766426
279728
779974
774567
50222
821425
823007
192961
342849
891066
927823
1311
811171
631130
453235
731197
956357
126672
171363
846594
612434
289375
374956
498064
231358
862848
49459
342097
542691
382610
217551
825470
178690
997526
600037
745265
335303
939396
454578
678152
346814
382401
679464
157986
13531
649051
405535
486240
292075
93250
849186
904509
382625
740495
402573
130335
603343
968385
472433
662386
350995
689984
487856
46037
203862
87893
307654
55517
27290
762232
733670
890456
660985
929486
48442
190869
94889
970329
677109
386964
63579
42648
291473
962556
783143
210399
92892
386486
178784
565325
48872
46131
771661
53081
608520
491876
140974
916175
547393
684616
194759
281063
575073
372097
726901
139867
562966
821790
110197
756427
208754
690128
799075
16580
652685
582218
743331
745577
485056
438467
827254
50281
950
598915
103362
609470
90791
244336
41997
154537
445305
753109
435600
20378
125206
678854
676597
688172
500644
786794
444599
225751
476923
760027
242331
645960
342245
502014
391537
343654
940481
735143
393935
941431
850410
497297
67253
457554
257985
109251
612091
703290
862360
564043
240020
503918
242897
916618
192090
743542
219764
153041
969293
213039
913068
727976
858999
771666
229990
766888
115320
686823
18383
509255
628254
868794
522904
695507
326348
297241
321110
938439
532
183470
502482
756904
203740
745380
189874
395830
5274
925991
65224
490919
139030
978292
735247
514382
749958
965237
797622
381630
168412
816006
890885
796666
684800
930141
8525
11148
227383
845988
949587
744267
29458
968421
501171
749551
713801
207398
145381
235427
133389
210605
726346
788771
705250
461593
303153
971560
943182
100776
353191
627946
916782
244076
940964
117934
174218
949490
129082
917953
795478
595021
662220
341288
563442
679743
90839
793596
887141
752573
29023
536882
479530
271722
325654
184780
249667
145159
156341
709202
245935
509532
337148
679069
269960
278113
797003
960530
743955
442437
878483
55785
37458
57055
913425
600901
736799
520617
910849
623940
789542
456224
160823
269072
727946
2829
970205
493966
147988
642898
719520
910276
668782
56668
105697
938742
851133
902701
415625
111440
861490
810460
683577
898949
867516
597003
16202
604315
633972
927051
744607
423514
383275
421782
208938
627574
424611
179143
121540
88952
338393
841060
999228
7175
414080
104925
945918
781566
523978
877895
893006
385469
688355
576584
800770
555871
689939
816972
160186
840263
260375
421146
263777
643650
842928
989067
787576
267540
684563
425468
872844
22956
782880
872072
30132
713313
493349
976050
494879
533680
853945
904237
435501
58652
997173
236271
614524
203464
569595
291062
43727
829970
712208
823856
989972
555137
812924
777549
339029
497487
719369
211873
520443
502250
600297
550575
215563
609998
42977
226794
660030
413274
131031
95531
471927
128205
848154
86451
331669
934101
377513
891749
764071
606074
715605
270396
161211
528529
47945
16592
26016
767314
744817
62812
785916
345114
613387
517831
471464
656365
744625
131495
585991
875657
743378
57918
520214
107885
144369
368235
41986
38235
259984
322410
160661
975590
592806
838224
504119
157103
854816
46488
440769
599633
109300
226686
461099
239039
744517
448915
411756
489143
96762
997748
881152
356493
55666
401366
464378
716388
769601
22716
270975
29586
345126
431636
521528
454284
269860
25647
611387
641028
588487
568509
757013
214139
795195
734464
453179
56064
183379
381287
61559
796494
379035
942711
152987
951054
860429
133717
667442
146383
156433
454769
692321
17912
886405
213849
472196
672617
755848
599936
829997
344336
168445
103362
558475
479992
837826
528006
536056
537557
909294
113968
334051
804681
573031
487038
755735
433461
620755
939529
96196
293541
394298
788517
311453
797055
518718
300001
986024
274566
416289
332373
135254
101086
435735
210082
581078
273561
254440
633487
811119
163734
263807
661522
484768
836838
664913
756855
786651
285668
696385
882847
95561
607035
187716
923366
920443
706434
739720
906467
497353
156009
238841
632607
773448
674576
359041
870878
464490
613482
20717
791961
293568
284524
453483
778336
121363
118396
535192
424366
920417
747929
823566
532330
354964
11282
455697
791759
234069
195417
698227
247774
867778
453420
396733
641226
644348
755775
28457
625190
369257
49174
417151
662825
333699
386987
957514
971414
21735
9058
395780
458504
756987
735698
990835
628303
263333
962884
420063
13754
158301
634642
261528
542431
604414
174613
700010
765114
930388
728467
390305
815997
293993
323808
995175
627692
227147
952689
115458
248883
961747
27591
223739
235086
763289
214574
863389
26622
177458
799804
40376
852111
950798
818256
910895
555212
992870
610905
320327
439610
855724
226984
255608
149717
67144
250783
293762
294292
719824
409220
543175
681571
953163
766914
916657
716453
497841
296398
259427
191651
96203
816156
560115
47001
150764
471010
118566
143634
598267
955245
99597
970343
182229
355205
636412
765725
122340
930174
60017
842164
855747
119544
40087
808910
402811
473096
41715
900652
769494
817495
608655
382049
150003
168770
945403
300767
156132
580321
960754
270751
535566
60351
241094
234147
931908
877507
999872
570600
324033
59890
412764
696132
179434
452851
21395
98597
442299
63110
999249
728145
396957
124257
110195
546960
293027
571950
364080
965512
152271
841186
236263
204189
417889
993710
954688
349797
387569
954560
920397
227954
530802
849513
924087
226589
818716
945482
325186
261015
524944
840788
989160
921902
965045
615707
985214
774424
187657
865646
739936
856280
706832
492552
576821
124721
2614
531509
990870
390183
486070
911267
618137
533224
277132
542224
759813
95848
4058
601352
873215
529003
442140
862376
967257
407185
478083
952471
181609
182093
818118
437898
554725
41302
446802
131547
166024
449416
663056
156894
839599
665478
584514
974088
198703
861646
32665
958516
473847
36723
559868
347062
82078
518360
209438
49335
925545
203874
1807
623507
902319
336277
577757
457044
377579
24559
588591
59955
473975
768000
216850
829926
433478
317716
804014
632181
179362
353031
107050
169561
389755
183270
516624
988185
701631
242414
37521
143528
446288
555680
283387
864959
891957
861144
322004
785888
402055
426947
845844
876030
194947
62694
705956
144778
380410
26323
776959
76124
379354
400361
245686
285461
583632
278662
273647
801615
521076
311168
945143
483717
866848
744883
348676
275157
606027
670680
61045
8083
613980
906889
400465
325279
485935
622774
470057
382697
649097
763369
975174
544803
680082
737212
346617
263714
15874
620264
581681
536950
447784
526825
20667
830984
271708
369344
622493
394087
556376
683538
918522
686708
106780
835340
11988
109067
458114
998397
8117
623563
278118
983291
684718
958201
236855
31335
738267
252729
167951
319949
306031
615735
363126
843051
963071
151186
728747
585564
545273
285123
785455
980148
971832
408587
815488
500172
34006
789954
498569
42123
929869
776688
541766
614587
734889
778621
645923
473156
547702
813874
309457
853734
945962
672583
696785
909033
823769
425532
10950
885395
227007
312757
381895
715191
237696
197383
215363
271702
503689
230285
830178
433558
523325
371944
48145
258214
666918
694068
247722
214620
24295
557180
584706
970257
746115
797843
395642
569885
739727
406592
455280
966735
235701
837175
198278
473397
550910
929994
261452
570951
160279
91630
520861
683604
463574
569006
458170
130492
779427
222244
861465
803722
779424
446171
290331
41892
244015
685973
611777
983742
92566
583409
466829
328267
936936
665108
318017
4198
595102
579469
575149
271733
671099
96010
955337
651025
181368
929859
297870
477147
152103
159335
797221
447880
121858
87552
489772
365873
773526
101549
865968
866092
201310
849149
710711
654598
30609
545080
658796
142063
124549
750297
413796
312000
362659
885485
963026
60379
815344
777248
537527
967448
936583
334748
415328
58441
422301
905100
940667
195827
523001
322987
578271
240663
172136
805334
895261
202746
350415
70409
344809
991316
820706
758606
819669
699717
160443
782695
760096
975788
76295
297623
943236
12878
148724
358564
587671
571025
780016
44690
283204
819369
367677
377827
60032
56166
183161
955293
258912
49928
25702
120073
557597
362760
395031
377266
62477
555475
676313
822573
531263
752608
636549
990851
281838
785273
865767
869509
872650
645783
430552
672206
465152
798229
50033
41536
854395
749546
513181
629659
315827
55235
266085
873424
417995
661116
767042
996824
732943
443355
335749
780558
195963
972298
771409
994153
273923
637176
863662
146573
799311
810566
335131
780815
608796
385164
822351
979543
651063
851884
125555
483242
907119
391640
356666
841466
569108
640060
838290
302052
83415
174040
82610
795730
662690
370372
789883
936614
7548
169897
599539
323212
496816
934671
104027
105612
836187
442731
601507
487250
810967
243414
486844
718087
151406
359862
75905
720515
999922
914196
538919
599689
604588
137881
395419
267278
508253
701654
720244
32154
387904
319784
871718
884720
254455
492097
506684
90642
934828
624543
94245
262148
867958
581089
980235
535716
457304
56140
772583
457226
486688
311502
56916
91276
965736
968687
874907
473989
186694
595151
22495
90950
914935
894213
975670
685742
386311
998706
292737
837491
139601
903334
99639
523911
775
596226
59628
458079
168719
832211
915306
655407
660066
972222
263036
625802
457261
654295
99791
643955
249446
638639
734905
680734
532852
226927
366476
919163
225633
659213
273007
881587
562547
372646
405498
563323
485225
981478
537754
653944
813690
453060
825703
990108
941634
88739
615910
398896
743034
232053
42851
508833
870692
777757
189567
403545
521036
556043
839060
263022
731609
628419
144609
810508
517418
66459
890183
2643
47938
427938
656587
377980
397350
482290
368088
338985
87382
983998
737881
346768
732403
297084
855601
603096
591193
45168
522993
112230
117564
878405
375252
365525
506825
36213
176033
24243
102672
582569
26886
150610
10507
199825
44942
924209
198467
413030
263194
285849
913380
517427
148970
645784
814512
4571
765232
405705
566092
288225
34287
683656
166630
925891
565533
189807
962104
257918
214050
64777
840487
757288
731739
367346
473465
776682
291556
671933
189712
554750
474134
619445
588530
623104
781581
403042
144028
546813
325099
710120
835038
359387
910128
518020
801630
475661
707828
763735
733579
438230
828512
90419
195519
560251
457765
185336
336933
749321
373621
42998
820424
847756
178795
408954
987212
960376
328348
647592
507189
169799
357712
858579
45538
267840
376599
847169
259853
600779
610904
509785
39010
439416
600204
750881
516019
57969
936217
852953
323643
309839
412303
660419
673947
591098
585725
661159
67826
914073
308752
91367
600224
182816
949946
645763
967009
842897
492932
226862
443677
103836
252999
999039
543252
853203
749920
575623
911173
686137
428576
751168
512328
357231
927939
186275
464681
513664
363787
532507
944089
672539
623874
544313
371707
90172
190076
338716
449422
199360
81931
409451
303196
334930
408490
362800
188134
674762
938424
615659
877251
883352
883179
389580
240584
811118
575855
705265
841134
939642
754125
301575
128533
377999
845888
16593
984524
552317
871661
433946
751677
953592
359749
571226
804875
768239
934026
509361
959353
872450
125020
836604
272155
524551
226184
512739
852021
318392
734356
693155
774386
488481
994730
419272
382833
356970
435865
367357
425639
307526
317655
693669
777471
677404
264895
582346
961995
198921
91707
921348
587724
733079
274304
376231
257630
500489
888970
109651
335233
623326
319158
109619
628160
830240
45243
10993
187210
481108
894702
129202
304987
212357
822871
82458
406113
87766
181156
884460
803039
272863
805808
907115
522294
80112
283346
779924
96953
688668
405927
432186
828347
241437
58158
456507
71677
103401
983852
775239
100862
878554
904441
405849
607263
243664
4659
13376
847782
185815
897836
167174
975030
219996
590641
497324
816460
390340
793600
429766
79008
715879
378304
907355
957316
436462
880214
28993
56216
864066
320584
157078
258972
225026
79279
866235
985042
83938
395963
832825
269753
810151
999999
761135
30147
590640
258459
362960
980980
568411
792726
576341
284290
171030
48
241606
123845
396615
786951
180061
260681
107535
337139
519654
332561
416418
902241
833956
16708
298205
666781
802813
108356
183132
563948
654856
290124
338759
17816
787457
907170
326894
363798
191460
14276
880198
433066
138121
276813
220017
318182
53847
327552
171673
573501
176466
104443
992094
10422
637503
806651
193555
440316
915008
376687
520616
86216
183163
859375
620384
970620
766545
947278
850770
474357
961554
730969
907423
616028
7782
643792
450562
61629
487697
622236
151482
664163
243031
659929
190937
880535
466580
900844
837203
897940
277531
357820
984156
460694
217195
604540
947667
500093
68170
798437
974450
546077
45758
398226
162105
53541
42018
612667
631522
529715
751255
299357
710230
510639
959286
417519
907526
425866
318363
744729
323807
112246
102549
307963
572941
836097
428856
36960
336190
13378
835397
826992
559455
881156
225218
237912
451049
267237
366932
598923
313304
634539
898280
23535
145178
857566
441054
52704
799785
275770
313786
123592
388016
932687
947907
960957
768784
893115
514269
621326
906494
866019
448319
982301
263527
189889
220214
714576
457126
103498
313499
770431
738037
728132
310318
883216
102050
267724
452272
901835
543494
282410
541779
931511
215098
6039
408820
983882
899154
923090
121561
322000
789109
86232
820654
52636
276121
557220
283564
249600
660718
113415
536383
398755
357899
846701
798323
459950
630777
766948
361785
174272
49358
419917
622135
780808
425956
30955
281043
841462
470397
402604
679815
259506
488836
500469
828494
281309
57689
628410
530909
234759
258178
67292
149866
616077
430345
464542
76027
61123
231490
954165
235395
797200
374082
857530
578009
316390
404837
859052
674204
875235
778008
354019
651093
783196
370840
995940
64505
944881
624350
111767
179640
398880
179059
845859
14958
125757
310401
607337
186880
58243
561502
938627
855443
451936
312509
949804
284678
717346
325208
958883
108933
103216
829254
760027
886412
200095
272319
467270
661328
413021
579037
357321
811902
758096
203180
343212
883853
513581
950549
587085
88176
512052
525712
943619
480340
354573
409776
765019
71920
734984
723902
697205
838201
553156
973584
240965
269603
245903
708235
930932
658925
287272
288253
987179
561721
491433
330391
961926
521366
280940
549012
609542
309344
591076
69513
789685
945650
479289
71056
533922
730626
311310
231127
568827
864466
721064
326144
650422
966967
34380
581354
142244
321652
385959
129423
399725
877392
976166
361652
915110
773459
427016
524652
82803
534444
110517
388840
480094
589807
459896
530368
836785
771206
277848
405612
152025
998912
248108
318799
482231
282488
900153
624476
120493
286112
270251
520218
679856
762770
398222
594966
536229
825238
635970
619032
359683
746487
524225
356129
852646
500473
402850
689431
788032
680698
611395
940057
195962
859504
258856
678193
141992
675361
819021
778837
477825
605625
815408
157681
368395
213630
268999
420976
555221
904969
40008
431256
167808
80585
303737
20455
581059
706587
709886
369091
387285
321282
825500
583247
697138
600708
777793
355482
276069
596814
134320
270246
202439
949728
944279
87186
679710
213278
508162
751283
634599
64523
182539
802407
145108
2629
822862
242519
709216
49101
611610
612854
886735
437110
712453
583873
554170
490246
939355
346591
87061
590027
616837
805852
56107
561116
409391
735818
290746
917553
487101
925345
498428
185993
727753
643537
188622
66967
886056
414190
116068
14019
27044
2803
967481
739498
103028
521652
746096
42384
384595
349509
632411
1433
155362
204871
78901
564753
940689
369648
998658
944142
294993
497087
646487
539098
656976
351461
606066
59384
765652
238486
73403
309048
757642
557237
564898
860670
78889
310995
903054
463484
660504
51818
981269
332218
256689
60171
896971
713730
946171
411982
174224
757516
425421
820712
296615
82397
688525
419033
141781
454177
173871
731537
279578
931513
805126
844476
792184
400367
671823
211590
380203
332328
779760
361473
664546
552801
937996
77870
266531
884167
489852
957108
158035
431625
294172
454650
514022
982697
390035
172155
953227
563907
420044
232805
495420
225170
593633
803956
625537
265457
15547
5741
597785
311659
367214
778683
864461
821562
856553
647344
222081
862757
604452
380116
294382
414976
351119
324756
397674
741154
496912
350901
821413
433308
100058
833186
658479
693691
637142
284016
475500
169041
289757
589637
480701
173323
368321
345162
994885
741226
508858
216966
120336
113311
113435
931070
528287
464554
255827
442313
722060
269091
309566
543474
702399
925976
893012
877230
136020
530154
161247
611520
215548
967356
201158
696249
140680
569479
557763
135565
827057
582973
868884
947393
212636
982319
394816
257276
963225
650643
699589
685285
436086
525508
745111
654837
451484
638123
532068
587504
684630
209667
199025
416530
177023
916535
629131
317703
2366
703246
969621
829423
286219
354857
293169
498856
853528
687985
756132
816753
854980
455721
18390
291066
981229
279854
462255
949066
434329
510675
536570
635311
720342
251947
51841
897366
168482
680972
731421
170848
384218
217394
516624
186790
572251
809793
685646
942131
14130
441778
275236
869110
413851
809979
676528
911433
89833
138783
860499
40514
165811
913421
675826
886153
165369
727667
299871
850203
924992
547645
537404
825562
765039
570380
12352
853643
896525
697998
312126
910655
656128
587363
779765
586332
397342
972645
14117
3527
627780
390968
44041
793591
304389
719867
196097
986110
963887
495968
352666
888879
559965
406422
230793
325005
976802
243146
695000
873327
457496
7126
783982
629977
110841
80099
732661
24535
52744
746778
28062
680524
137746
588456
990468
958487
824675
186565
460950
788562
682533
813616
193793
242499
736390
424587
83856
713192
184085
295208
102871
641581
302334
886853
787910
929528
483304
520571
954063
52400
267349
498478
249276
921447
86934
239744
879935
911609
426309
857237
216524
625195
187205
410317
384046
923595
834904
984254
636787
535341
279462
739658
693275
98148
142863
481185
27676
142519
1757
498092
194919
785458
996570
960547
706906
83504
200292
103193
511465
142953
960430
727989
768148
147635
654659
668546
71230
5915
652800
224369
541257
932262
480379
234532
546763
623242
715717
574439
282113
233826
588883
477032
19285
585453
437579
726191
185309
154223
829384
213127
297177
306166
941116
581677
453801
595775
250224
41383
601691
419376
265752
659300
867991
262483
893832
414754
885725
125901
505545
167838
359728
94429
161222
379013
679882
115153
621556
381544
269377
967292
594671
82906
273458
52139
664583
243611
647915
431159
801346
765958
850536
583450
941610
718527
845933
835442
133281
731658
961343
638826
415848
321071
249607
93422
216436
929490
208575
837992
827386
994304
321636
422057
77210
595094
474196
741794
355057
638463
172953
156403
920773
539841
739853
862383
258368
585786
214177
391649
833796
175521
546828
765996
12944
796435
859418
745733
242277
584346
583725
586015
578650
905362
8072
172213
16808
998621
914007
371866
153436
603312
44621
590562
659506
784475
969297
917874
886613
183475
825876
720410
875348
372704
486406
888292
685491
862177
634025
444121
446523
734103
30136
541525
155817
554561
713738
688977
69534
144097
577195
739322
263762
621817
329884
923268
922644
299182
357494
809257
482657
183370
46019
358005
72426
48778
762649
274270
427307
913027
718391
390182
163482
264879
931707
835651
335792
161798
524628
405326
305895
101824
144649
86009
239993
990885
525629
678989
806419
883124
4598
805428
66494
50618
163433
138921
615748
442435
413191
43055
871814
647934
433237
35296
429165
881296
870947
764958
43094
911927
170284
865342
530103
831285
951351
770096
338523
993333
449085
144942
876457
970036
950371
942951
20654
630156
598224
152754
588943
527767
195809
460757
175701
145398
496053
121219
26694
883352
886177
586141
795280
572813
967835
325383
404099
919186
611832
258974
428871
577269
403916
305328
547305
354287
248280
84311
500796
362856
237065
89739
890624
949226
550497
582677
94624
562902
703896
637671
446255
590073
740164
757887
162887
707999
599622
83338
143537
211454
858664
572409
305076
262580
877737
852381
133220
642369
936693
634016
5226
173758
723755
412202
122985
790604
994879
733961
353507
215128
887984
316114
805201
628148
590353
484440
336147
189975
84130
479685
917782
942794
52094
222858
721727
929831
591591
854947
572201
528284
5315
93779
218395
245422
505981
857732
36027
500860
108045
905886
232340
996030
738352
37542
624178
328705
38334
960326
35032
638817
440011
469166
97963
8457
208376
336042
938288
799968
190989
26841
844604
712656
636972
579351
474431
142953
437083
510458
160166
545129
932696
392506
541159
671048
946400
681689
516105
501087
642015
67489
139904
598378
536656
754219
606835
261384
90262
61476
61352
797603
604669
422309
26612
241642
1660
501043
900947
438744
11501
577465
500225
460549
969972
557736
647949
432724
239425
680406
933811
397793
747895
590067
996171
800903
344287
119359
62288
950901
697187
639992
748504
818208
578653
775116
576202
580314
276159
477150
535410
804012
54615
35635
780913
540939
109723
428862
973664
349148
109268
907475
263293
373516
13895
775817
690771
358182
895176
269411
309083
108715
909404
573939
926923
488057
349056
503126
584723
141567
496628
120133
461932
67595
672120
242845
608535
781843
671708
582199
647344
297328
6026
910637
670844
19921
686454
361616
894455
97982
631027
719890
723049
56783
293830
649973
61193
159238
669451
645916
300805
682431
282402
762737
750026
954522
5583
358561
736366
193643
457112
900062
490971
979491
810699
678168
515764
13506
39784
410220
627840
187163
130110
350890
760299
940292
863
821492
99530
186666
983760
916688
869097
266162
195777
619123
737037
201360
494037
473403
911355
467501
373465
402327
446992
700516
80495
479109
230374
636631
889329
858215
340146
535791
209105
100445
476084
726320
438289
91966
429338
422050
8654
298435
204564
204432
433910
941601
922144
444299
931356
833500
428153
821173
752179
391497
521690
349026
870606
268416
502009
759935
126631
842155
812079
852088
458953
804515
578408
897242
896481
524098
835644
421488
822533
40209
142272
772796
498162
580768
733447
429519
414268
161600
250692
682799
553098
288734
548177
423704
557151
566538
699992
200134
408694
28423
52223
383999
832938
146983
281241
245771
671082
633238
667259
9967
673447
325883
299115
687961
906652
32563
117480
837272
194163
884525
520072
263613
173259
584601
203670
246762
151140
903662
446897
76186
448437
15472
460185
281375
162455
257778
43498
833537
891016
710758
359857
80815
552993
658972
768777
459645
691535
402609
296918
402051
287134
333342
665664
460394
917943
385686
223508
585435
289348
670405
661621
254137
685877
638158
535512
364685
895937
579011
714574
303305
806121
74431
384121
359114
733404
669250
818760
941291
71859
632030
343342
358994
965372
525359
335740
399667
911045
559248
985103
716746
229654
163076
970883
431883
801235
22748
796568
213524
601759
27495
516829
924232
101926
900950
283346
835330
570200
618458
292974
158412
766840
636316
517406
732212
678027
853146
648232
589073
412394
149687
822171
158400
312763
309406
106636
630350
332154
419556
843874
450265
447051
360704
374497
65330
778006
174196
900660
864559
309006
193634
22971
75847
346303
56729
324411
24330
909875
972643
129755
838621
122330
468278
513374
951446
777685
136362
581796
626191
555918
425671
76457
519322
302727
967306
584652
80733
141502
1664
945292
966861
711651
484615
42708
57954
541344
883471
598636
967571
856115
244744
806193
494797
229374
835919
446243
523411
972281
544392
149603
44551
970063
226060
563873
789142
193366
148525
869875
851221
666542
331520
818082
378193
816135
377142
952499
873832
776965
67487
841403
149432
312231
647596
644230
57958
999867
606825
581369
972148
151217
730972
16700
637632
957032
96925
426774
666751
761803
813002
517972
428345
660874
852406
806538
477009
745900
275389
350841
522865
342876
708597
672298
171460
872545
316528
229418
872413
439705
327139
844561
107275
58112
377613
261259
531496
990891
688034
198247
752694
17388
232571
181039
678262
84977
503929
671623
830877
295670
538817
870095
638546
247414
542393
326358
119959
375273
555776
992372
814978
882916
353286
438605
457380
247251
699865
988876
238142
904251
703476
990836
921639
936047
688227
599901
537377
708508
787876
884606
520530
326693
754701
159077
574107
297094
485435
210419
672367
557564
719143
3698
956832
72429
442303
930564
319681
658520
919440
74175
562771
139268
581364
484410
75316
269591
600663
612693
494452
388540
497299
14982
715233
768353
690411
805693
65447
692199
532464
254167
766115
251607
774217
239299
324037
216520
169863
160070
875041
605655
750597
437812
744924
331961
438575
336592
117905
39238
949285
612357
944130
962936
143691
175716
731289
834103
981409
313089
42654
513873
567256
808769
281832
857825
48068
605869
74345
734283
282291
465738
339938
32889
419903
601214
881202
374830
937806
999107
414068
403443
127816
874551
882732
271508
50267
130373
621963
31676
443462
180969
61901
527070
989738
343733
384895
554158
465955
975593
288441
264598
957683
144731
813839
893938
745946
695042
268768
200104
210501
199189
603548
338318
73740
486280
126178
124007
616653
264493
672035
576468
445462
250288
619890
435200
110373
4786
505710
92680
496731
310503
357279
454414
455234
687470
348353
717532
898864
133473
917637
109366
332662
37537
447684
406402
523817
90214
46761
656822
354707
235148
749642
800169
485436
369533
235369
595810
890671
257431
204842
903754
567934
78473
874520
23168
765944
739225
257053
181160
872699
174690
290526
205361
728579
254562
128116
768748
344776
691229
425570
699483
926378
691565
16004
411814
577450
767725
523976
984473
25156
245171
888227
593090
323644
762747
132611
605940
501973
389664
787101
374672
80706
77627
96385
809285
332190
740853
94385
193318
948435
519955
409154
874813
727872
425158
802979
305322
192884
843308
289795
218040
88479
178022
327483
412123
457122
460094
18064
959095
366110
805165
850119
963168
399144
462856
288805
247686
720062
383190
441005
668497
419497
366511
59662
147370
791669
862641
969044
984553
222301
258840
718946
310780
953214
46429
239256
926688
22875
773672
885783
388985
95189
252254
868505
10685
231463
157310
258372
951525
56852
215729
136374
476349
582240
196036
140071
373909
575029
109116
874815
797331
884308
593761
624463
353874
640190
380071
280563
663065
670095
682698
568402
765284
934953
436907
775970
166416
110569
550694
634293
167421
766423
770667
160122
348663
966703
300194
238924
58084
409310
630091
855415
809970
223852
996231
163844
380394
892654
444407
559811
562750
643458
644565
328034
94763
597824
620356
777531
708393
171050
411824
875814
453825
698843
35937
318840
181898
852483
74117
239982
778145
704208
611750
588115
928061
607981
268311
824807
500635
229071
900971
579737
872529
545536
424124
967292
143361
44480
744823
368106
731883
672999
760273
702060
371842
312562
20901
553740
165045
95018
793722
943190
315578
921824
47657
243639
46157
315968
584799
63145
545039
2122
642882
417568
547658
67006
901212
207371
111487
646035
575478
359722
319034
335751
578134
690876
648313
599035
760968
813358
210405
554691
272900
525984
992867
320557
285975
39025
636525
387126
102170
697917
389248
745052
115485
453259
812059
16698
660630
439898
179085
752460
315972
14472
88211
894106
705348
252876
9494
982669
582586
219899
53712
371838
262235
46579
692395
64563
85604
845273
451689
187774
543190
840938
932827
658675
294197
744886
191725
471179
701136
887163
223640
17108
901635
828203
911214
123335
597432
920708
106004
696370
656960
159716
68209
919195
206296
760604
500110
291900
605877
951800
479675
665419
309090
928854
840447
119639
190092
32172
590818
891228
435687
330810
908336
337322
675366
335902
977010
272798
772963
599366
485520
429923
759083
553729
865470
481731
830686
365581
289983
952915
833733
286010
618335
142823
214864
458782
262462
404956
7306
369632
296184
442994
216795
720872
296668
892161
56775
790030
681311
829738
389397
683183
776013
664832
236913
641483
146563
67599
523416
952898
20514
357149
238909
638849
499972
970125
97631
278786
891434
621290
164771
703970
64284
381566
424843
877304
790079
997970
667335
987742
344060
573084
670925
120073
237916
424190
277908
900831
491789
801325
853729
512304
674826
608990
667505
691151
579116
281489
969937
470550
902779
651060
174520
967063
548978
115715
360719
855409
113685
28054
843151
974097
601138
30429
94170
355406
454619
888431
256237
462761
206108
626319
975065
880934
235309
158922
572085
330777
440411
58375
317679
343190
709435
8552
826605
774766
640619
187325
630175
270657
731731
989679
244754
849222
20108
855277
204628
991079
743708
977218
453840
949816
603537
945257
830750
355198
104180
919188
202328
60943
493915
36359
404134
719702
44911
230739
494468
685531
934416
124644
956188
666148
114323
717294
31722
650783
572571
236350
641862
316279
729920
612055
782447
849809
73664
613198
721360
177844
48738
923688
755140
542653
960047
159274
262355
521311
906365
756824
206842
840782
881468
679382
506930
512143
913028
538652
162926
485600
291354
321140
318231
537627
449547
100679
387436
523212
230229
108796
217408
278967
32484
972548
821620
508884
131822
600327
30195
38188
357151
753389
395322
754971
949123
902252
783466
862151
957256
946392
864103
764962
783885
182335
302589
749784
283014
206378
272996
29595
315174
6757
308562
864011
979305
646534
889247
627480
246861
919442
182020
604013
189183
577342
875336
138306
995946
658803
457
469554
121547
380913
750868
421784
563248
569810
171569
362614
776188
444565
392209
607714
967674
217123
988077
946980
863657
393676
90812
110518
313118
789184
230883
502301
882878
106220
156959
878824
281375
673769
864730
402922
54682
131950
824707
134282
701760
996276
496896
994300
957193
405457
118367
924868
622580
622796
388200
486237
16473
479012
113107
845943
784548
860343
864597
667426
966563
21556
62602
764290
695325
443684
167212
266359
575634
508271
400641
793747
20899
897537
788047
978093
302994
422766
419313
441926
561915
807513
444515
578388
802877
557623
424331
103777
417966
288928
771203
900881
826837
833805
665171
522162
277489
348735
788522
369475
857007
189163
163222
877906
603053
467622
372351
422399
890388
308016
864326
452303
115529
308841
547043
434758
382816
971375
538535
800782
776655
826090
218015
603492
176247
399538
642007
453736
748274
946881
823212
121633
136044
502786
999539
255449
970408
888243
677849
860797
196259
58527
829452
828141
883720
376496
779251
266537
864223
834139
583671
157230
660229
318039
277075
836477
717577
919082
806565
465851
865963
146129
587484
518359
648916
103376
290161
619324
507971
484362
996473
704230
542889
825926
48723
942961
718774
827975
725850
99349
662114
309522
256579
838695
627561
533654
675172
861490
969088
998090
327342
351403
144219
431178
869763
793135
50906
676276
412460
558877
160638
925285
779460
219879
267563
344535
162840
986337
688862
888691
85686
867328
714565
858618
706024
858478
392272
897548
719968
877713
895638
563662
229116
556210
511193
615231
349345
78451
291507
278157
153681
968497
203443
449493
188376
471006
794028
867569
973696
482891
272612
575734
350219
987177
434352
572595
362007
342977
986496
598327
220690
882134
161990
966158
438344
189535
581390
304042
267986
389249
98551
421667
357747
818346
871160
546123
805705
181541
413692
779401
664432
686304
355135
531003
189833
305840
103599
551840
648817
606447
150168
385859
488581
828510
352017
443278
534397
449759
263672
802383
839009
362223
740403
196756
180570
127915
259231
986275
309456
189276
282028
490240
391932
153515
21244
581766
459355
641195
649958
624524
247642
316478
526735
252575
661340
395105
212205
195737
844864
475877
514473
683873
354453
771228
396981
51375
899143
172565
37650
208600
361841
836030
698840
753773
989545
236436
851891
448901
877631
18202
589777
641625
334680
116513
894201
512373
511618
106406
224462
872834
98636
255287
73060
453089
26515
470041
504464
925659
642606
58466
650611
520799
894496
349451
790925
400393
102240
642816
365646
979871
661018
955424
137849
512051
588289
32050
540776
616259
654808
765238
489093
753444
20526
562153
722885
563393
548547
743701
5404
707505
802167
656015
228305
213015
521819
19230
613409
624059
178398
979055
120282
355769
450831
258131
384172
39120
290181
924948
655379
461342
206538
144473
731138
743416
222978
454024
306810
771525
714077
312214
995383
516245
484582
740040
245612
6401
275622
375373
630460
454020
354429
750742
326141
321612
8874
710313
360733
815407
635261
532464
793101
358152
193289
524240
101568
416268
494616
924730
704145
208693
753297
699528
241290
237879
955920
486903
244280
231542
378628
391092
201915
733057
141834
528056
571022
667060
238370
931755
998820
389983
980571
791921
748135
173861
316161
366056
590129
810777
290786
810626
535823
44083
26507
777113
281962
982427
780368
42594
730322
158997
433686
932237
408406
91873
460293
979428
758933
215015
427535
757753
121351
408107
549675
869486
98320
382188
751894
204801
192966
42681
15427
728789
603116
558286
22254
401431
540714
802623
960377
271036
477972
394064
719625
886378
485937
696270
382159
761222
427638
809694
518976
548989
734153
585003
418475
832473
967191
686722
37274
676509
729403
569054
921650
848871
127340
943905
766654
184406
262880
727032
971794
257204
121096
691419
143582
123385
904042
525741
884607
331680
851788
919935
880669
102293
504938
815496
934767
988482
502218
488393
664991
747973
573799
102994
596845
217492
563251
363499
401898
826131
90531
373693
83335
727979
581464
743269
851364
485506
785363
735972
817186
153503
172259
697855
255796
193550
29704
190563
182032
531922
195309
363375
279896
285460
466369
876741
502952
545972
756592
904851
888455
847124
794896
488142
575103
376360
231412
942820
378219
533127
195144
195405
686630
367403
409613
942426
560953
439317
649342
259337
487591
361003
622713
767487
646463
605434
160580
149416
151407
917173
54267
39862
280649
849163
44357
372104
741875
275769
314924
120094
325248
510068
831852
11878
393824
241465
954304
954777
197134
603646
214115
684725
481001
353180
968565
127465
958614
129145
276881
626373
562670
847500
182588
843319
213015
226945
731776
954890
19066
46700
74985
344314
73121
423189
872544
466945
664654
826848
938074
378140
946847
152189
579217
427848
21721
64134
555313
980336
193280
348546
123061
272302
196046
305649
631974
409061
48946
363750
363952
584364
926802
955289
928678
999923
378478
801222
983220
559484
144423
921295
453976
607622
589836
549545
35470
611558
613680
107136
108246
323312
972034
231307
595614
168081
53309
227588
93494
618607
107690
973798
202972
34493
929087
648002
34416
823917
965577
533989
899753
110000
455284
870081
717622
561472
419627
269444
173030
549659
892932
797628
872971
864967
545288
984937
549400
114949
728878
642894
733556
836568
616693
452880
387413
62132
100883
938182
402402
66460
472171
818507
692812
443807
688589
926786
5279
624568
712582
694662
690579
121867
8642
79902
986834
553930
64839
52586
668879
310069
695480
918788
662990
828525
371668
50403
890658
988903
988585
809412
55363
977108
627919
264527
420915
832860
191313
942547
973780
420248
153561
664359
542115
162203
744261
45301
716134
325453
97887
901365
635522
793367
820153
298512
138245
708174
865268
28903
697077
370205
354667
268793
347314
982586
533320
284581
331799
240986
743480
305579
661234
897041
969939
719701
59245
714200
765002
291731
39653
862889
709448
191528
172608
529602
6392
310853
237776
871660
856108
934853
241866
210775
203646
105532
709714
253319
390113
41513
494305
133594
347092
671891
546987
317031
391592
122584
547584
156594
930667
587237
535835
640116
778765
708443
169718
785158
535649
923846
173170
391757
375051
931388
118885
95050
36920
828599
864721
943386
386464
875378
593332
733556
547269
656671
566940
455213
779256
114524
128159
709923
218113
663994
350039
513231
888789
36109
814741
424438
476307
987911
332548
851359
435652
451433
462761
988924
796384
327482
932310
699200
202860
41994
432756
266481
698666
516048
721694
477922
630572
366205
704197
365038
546551
54237
878269
435340
606698
693010
376131
83006
197273
708679
450717
632925
676464
913478
138202
989200
757312
70512
688400
960172
628859
637508
226653
843877
153557
464699
838151
300481
347256
542348
665519
893807
112937
60140
329147
719636
269502
221630
318994
983128
930309
769711
132405
123125
199541
270607
112325
956853
857472
800725
433377
486331
954586
176382
330208
108143
641081
684711
924976
504689
227059
590496
398496
856349
166988
243995
575985
952843
465626
894979
935971
912287
181042
68376
35413
380583
338984
147738
337436
196456
464816
770813
199139
419402
947195
45699
43897
104628
730410
968873
609317
473821
75721
524165
330170
242710
768160
422507
195553
750138
833838
647876
662426
14880
716252
697839
395463
571588
361929
249251
284396
343097
536416
999887
278851
999963
561938
839100
620943
292348
807974
230260
282522
400047
270777
612692
159109
38938
551552
871014
305428
385390
518890
967854
400271
751495
182045
312086
839435
543975
561338
123832
403424
614106
640071
682276
614070
202010
521376
235013
494358
845702
981626
293232
245750
252403
422277
921211
807693
973829
792226
113122
359219
311116
597328
759490
578963
779374
587929
418399
323349
665619
542231
726773
279725
698654
925401
893795
900664
963130
645161
911375
325184
626787
204607
87286
395542
626884
8498
203236
600713
800724
832710
476285
628192
430038
752127
207156
209412
340056
625555
49113
5675
684138
292239
285401
382792
217640
695548
283457
697122
340709
194832
22307
483848
915791
109593
879391
542676
118091
598979
659741
435167
948041
136026
63360
378079
404506
270516
103844
744562
412423
152957
266590
96561
445196
68343
479353
179189
763891
279162
876311
620953
990346
414970
621153
906138
40916
500544
448814
159007
615875
624907
594175
563916
277286
657535
941996
681792
444403
562192
942706
856826
715149
725648
953387
676698
793991
949092
372239
74235
744607
764902
211540
734953
179873
832693
641091
220789
333238
606257
896148
949113
231165
6675
29382
508451
180562
487730
706595
624965
49922
165653
481791
281423
891302
951530
958121
685293
416975
846712
759528
161582
611615
487420
896535
307840
320114
53979
528629
169704
660236
941129
635169
891401
947805
664551
916204
128367
152281
139151
753333
202203
304805
751476
999979
196107
219359
474452
397752
636334
321165
673633
314268
932780
161053
727155
240620
481167
781134
285601
650871
441371
226730
286041
849124
174535
950592
281681
819255
619226
937184
88940
337781
241989
840416
337760
438096
576127
812213
835849
728813
649730
25834
43081
582510
186887
770237
339482
668055
67723
141435
835278
25446
368165
637671
874571
59053
104616
672604
394660
723842
609788
483600
61623
368130
840368
915736
322578
416496
244301
158427
145309
894031
700613
188391
992893
887501
474980
848727
555556
542703
990162
907186
568150
874679
544858
959073
933732
649474
631677
328392
373316
757817
328344
951291
125947
168713
383379
448526
585209
627680
123305
730518
38063
823919
435261
547308
711420
910241
396035
783328
969297
386197
206866
537447
260877
751724
12872
710961
401198
160901
555706
290866
918718
884050
758510
561018
52763
141889
525896
637972
285922
649201
884843
840337
989472
320104
387646
217244
746698
783681
516924
715995
169879
723791
769794
947108
991867
782666
658069
